v 144.3496 20.93838 132.6419 0.40392 0.36078 0.32549
v 146.5945 20.34955 133.2354 0.32941 0.29020 0.28235
v 145.2799 17.9439 130.8414 0.55686 0.48627 0.40392
v 150.3062 22.171 131.7787 0.36078 0.32549 0.31373
v 148.6521 18.52582 129.9067 0.51765 0.45490 0.39608
v 148.7801 19.05152 131.2206 0.48235 0.43137 0.37647
v 143.1888 16.28076 128.8369 0.43529 0.40000 0.35294
v 138.5737 11.37737 122.463 0.44314 0.41569 0.39216
v 139.2753 21.9167 131.5579 0.44706 0.41176 0.36863
v 147.777 24.73364 129.3231 0.47451 0.41176 0.34902
v 151.0775 19.0086 128.8684 0.41569 0.40000 0.38824
v 146.2263 17.58762 128.499 0.60392 0.50588 0.39608
v 133.4133 11.05484 118.3637 0.45098 0.41961 0.38431
v 141.7129 11.37058 123.4931 0.48235 0.41569 0.34118
v 144.1531 13.99013 124.883 0.60392 0.50196 0.39608
v 145.3692 12.25071 122.7419 0.49804 0.44314 0.38824
v 144.9178 15.50526 126.6768 0.60784 0.51373 0.41176
v 148.3166 12.82119 124.155 0.41569 0.38824 0.35686
v 147.2325 14.54453 125.2224 0.61176 0.52157 0.41176
v 147.521 13.19479 121.8323 0.54510 0.46667 0.37647
v 150.0436 14.79884 125.5215 0.46275 0.41961 0.38039
v 144.4982 14.32149 118.7738 0.58431 0.50196 0.40392
v 147.0366 19.3763 112.3918 0.55686 0.48627 0.40000
v 152.9669 19.38914 115.7766 0.54510 0.49020 0.38431
v 139.5383 13.34498 118.3318 0.52941 0.46275 0.37255
v 134.7238 11.43567 121.0382 0.46667 0.41569 0.34510
v 126.4982 11.25519 117.4365 0.59608 0.55294 0.45882
v 131.4114 15.17783 113.7534 0.58431 0.51373 0.44314
v 132.7682 18.93348 109.3073 0.59216 0.51373 0.41961
v 121.306 13.7783 111.9553 0.56471 0.53333 0.48627
v 120.216 13.46982 112.8052 0.80000 0.76078 0.69412
v 118.0281 17.46894 110.939 0.65490 0.58824 0.54510
v 116.0861 12.56412 112.1861 0.55686 0.52549 0.50196
v 141.4091 24.82205 128.957 0.40784 0.35294 0.31765
v 150.2139 27.85131 125.868 0.44314 0.40000 0.35294
v 151.4904 20.91866 131.2487 0.35294 0.32941 0.31765
v 151.2939 17.38416 125.9383 0.41569 0.37647 0.32941
v 151.8358 23.75269 129.4336 0.44314 0.39608 0.34510
v 148.0846 18.1136 128.453 0.56863 0.48627 0.39608
v 151.4648 14.69037 122.0544 0.53725 0.50588 0.44706
v 149.8728 13.95647 122.6734 0.48235 0.44314 0.39608
v 152.0056 20.15478 113.3709 0.49412 0.44314 0.36863
v 150.0114 22.67094 107.7435 0.56078 0.47843 0.39216
v 156.0197 25.56813 106.5768 0.41961 0.39216 0.35686
v 154.9124 23.30423 109.9044 0.49412 0.44314 0.36471
v 153.921 21.39072 113.2939 0.53333 0.44706 0.35294
v 152.6532 19.24909 118.55 0.56471 0.46667 0.36078
v 152.8843 23.05077 123.0978 0.48235 0.41961 0.34510
v 152.7394 29.2368 124.9522 0.27451 0.25490 0.25098
v 145.4405 30.04295 123.5847 0.33725 0.30588 0.29020
v 147.7744 30.47617 122.5823 0.31373 0.27843 0.27059
v 153.7632 30.43686 121.9068 0.29804 0.28235 0.28235
v 154.5289 24.10293 113.7365 0.54902 0.46275 0.36078
v 155.5014 30.68418 115.9325 0.54510 0.46667 0.37647
v 146.946 15.9408 127.6371 0.54510 0.48235 0.38431
v 138.6573 30.38268 121.9637 0.34510 0.30980 0.29020
v 144.3997 32.23327 120.488 0.32157 0.29020 0.27451
v 137.9361 34.95317 116.416 0.31765 0.29020 0.28235
v 139.7326 39.27233 108.8489 0.32941 0.29020 0.26667
v 149.5207 35.45261 116.2696 0.34902 0.31765 0.29412
v 129.532 22.28822 129.3613 0.33333 0.29412 0.29412
v 132.2775 24.42035 128.2434 0.34510 0.30980 0.28627
v 152.7261 32.59107 120.5504 0.35686 0.32157 0.29412
v 157.467 33.26128 106.3424 0.54902 0.46667 0.37647
v 155.018 32.75314 115.2316 0.55686 0.47843 0.36863
v 160.4912 38.74201 97.02086 0.37255 0.33725 0.31373
v 158.2742 34.30997 103.4286 0.47451 0.40784 0.33725
v 158.1354 29.88784 98.51279 0.48235 0.44314 0.40392
v 148.1983 24.6867 103.3267 0.58039 0.49412 0.38431
v 153.1164 28.11729 97.40721 0.50196 0.46275 0.40000
v 144.0958 20.4804 109.426 0.56471 0.49412 0.40784
v 132.9271 24.00556 101.6873 0.58824 0.50980 0.41569
v 128.6187 19.89939 107.049 0.59216 0.52549 0.43922
v 124.8745 22.99365 101.6051 0.71373 0.65882 0.60784
v 123.563 19.52406 106.9143 0.58824 0.54902 0.48235
v 122.0538 16.20134 109.9931 0.64314 0.60000 0.53725
v 120.5782 17.76295 110.0117 0.80000 0.75294 0.70980
v 116.6413 16.47967 109.4408 0.53333 0.45882 0.37255
v 118.6866 18.91562 107.0238 0.52157 0.44706 0.36863
v 122.0219 11.73466 116.3091 0.46275 0.42353 0.40000
v 131.1087 19.00796 126.9388 0.56863 0.49020 0.39216
v 153.9993 35.0957 117.4699 0.26667 0.25490 0.24314
v 156.922 37.60391 112.3129 0.35686 0.34902 0.34118
v 148.5784 40.45634 104.9786 0.39216 0.33333 0.28627
v 148.1166 42.84272 99.98573 0.38431 0.33725 0.30196
v 148.857 37.25993 112.6094 0.31765 0.29020 0.28235
v 159.1319 41.36705 103.1838 0.37255 0.32549 0.27843
v 158.9747 31.48365 95.22663 0.55294 0.49020 0.41961
v 158.8546 32.48794 97.15872 0.54510 0.45490 0.37647
v 158.0565 41.75688 101.4386 0.49412 0.42353 0.34118
v 154.8534 42.81365 99.52506 0.38824 0.34118 0.30980
v 161.5774 44.6579 94.97465 0.30196 0.27451 0.25490
v 163.2708 46.74243 88.71135 0.32157 0.30588 0.29020
v 156.4889 46.76869 89.34965 0.26275 0.24314 0.21569
v 158.8809 47.03955 87.14198 0.50980 0.43922 0.36078
v 164.4284 47.66701 84.14567 0.28235 0.25882 0.24314
v 151.2691 50.00582 76.68702 0.43922 0.41176 0.39608
v 163.5106 41.36713 84.43226 0.47451 0.41176 0.34510
v 114.9174 12.8784 114.6361 0.51765 0.47843 0.43137
v 113.6111 12.59775 113.0174 0.63529 0.54510 0.43922
v 105.042 13.14195 111.4735 0.41569 0.37647 0.35294
v 103.672 19.43506 117.9901 0.59608 0.52157 0.42745
v 98.92707 14.51589 110.6746 0.51373 0.47059 0.41569
v 96.45475 18.08917 113.8753 0.52941 0.47843 0.40784
v 111.9882 23.78235 124.9446 0.37255 0.34118 0.31765
v 102.8419 26.20053 120.7513 0.33725 0.30196 0.27843
v 103.7444 23.68043 122.4371 0.38039 0.35294 0.33725
v 94.35654 31.83862 112.4943 0.53725 0.47059 0.37647
v 80.53532 28.48252 114.0437 0.44706 0.40000 0.34118
v 100.8475 31.96444 114.2631 0.49412 0.43137 0.34902
v 85.59485 36.94029 105.5847 0.50196 0.44314 0.36863
v 71.13118 40.8835 98.68587 0.46275 0.40392 0.34510
v 77.15383 44.56166 93.41539 0.41176 0.36078 0.31765
v 66.23479 28.49227 111.7238 0.45490 0.43137 0.40784
v 64.61518 47.73176 85.53586 0.44706 0.38824 0.32941
v 73.95085 44.36958 92.76812 0.47451 0.41569 0.35294
v 87.51659 46.60186 89.6452 0.38431 0.33333 0.29020
v 84.68266 51.85469 79.09222 0.41176 0.37647 0.33725
v 106.4281 54.01905 72.41573 0.50196 0.43137 0.35294
v 89.26371 42.00378 98.46551 0.45098 0.40000 0.34118
v 105.2646 50.42011 83.01704 0.46667 0.39608 0.32549
v 102.8721 52.37286 78.72836 0.43922 0.38431 0.33333
v 104.2694 51.31268 80.52823 0.43922 0.38039 0.30980
v 97.3158 40.90589 101.528 0.45098 0.40784 0.35686
v 108.2054 49.15177 84.89559 0.51765 0.44314 0.35686
v 106.4339 50.5936 82.24783 0.53725 0.47059 0.39216
v 115.4393 49.28255 86.01201 0.45098 0.38431 0.32549
v 108.1263 50.97444 82.86864 0.43529 0.37647 0.32157
v 106.867 53.03755 78.11654 0.40784 0.35686 0.32549
v 106.5646 51.03449 79.84341 0.45882 0.40392 0.34902
v 106.9004 53.04503 74.83808 0.49804 0.42353 0.34902
v 110.147 54.10105 74.03707 0.42745 0.37647 0.30980
v 107.2644 55.19187 72.84776 0.34510 0.31373 0.28627
v 120.5898 52.04769 78.05708 0.38824 0.34118 0.29020
v 111.9187 54.82869 69.47552 0.53725 0.45490 0.36078
v 110.2366 55.5336 67.64732 0.41961 0.37255 0.30588
v 104.1496 54.83811 70.23765 0.49020 0.43137 0.36078
v 111.1821 56.84073 56.88355 0.40392 0.35686 0.30980
v 120.1723 56.57732 57.01603 0.29804 0.28235 0.24706
v 112.7165 57.72065 52.34198 0.49020 0.41569 0.34902
v 96.68085 58.34107 51.79215 0.45490 0.40000 0.34118
v 129.0817 56.50797 50.08331 0.34902 0.32157 0.28627
v 132.4084 55.2625 57.02307 0.49804 0.44706 0.37647
v 120.279 55.45582 62.35644 0.37647 0.33725 0.28627
v 132.1302 54.88662 59.98124 0.42353 0.38039 0.32549
v 137.3828 54.84736 57.72518 0.41176 0.36471 0.31373
v 114.9858 57.7849 49.06743 0.37255 0.32157 0.28627
v 121.9114 57.44793 42.57653 0.38824 0.34902 0.30588
v 141.1965 54.59336 55.14303 0.29412 0.27843 0.24706
v 138.5837 53.97262 59.83377 0.45098 0.40000 0.34902
v 146.2578 53.46666 59.52041 0.31765 0.29020 0.27059
v 139.1076 55.48398 44.20484 0.29804 0.28235 0.27059
v 138.1882 53.59502 64.52478 0.44314 0.37647 0.31765
v 124.2151 52.75284 73.91336 0.38824 0.34902 0.30980
v 130.1175 53.84975 67.27931 0.43529 0.38431 0.32941
v 135.6475 51.99612 73.06534 0.41176 0.36471 0.31765
v 134.9886 54.32535 61.89814 0.38431 0.33333 0.29412
v 124.056 22.1772 127.4384 0.41961 0.38039 0.33725
v 122.8341 22.80828 127.6296 0.42353 0.39216 0.35294
v 133.8572 35.32905 115.4301 0.34118 0.29804 0.28235
v 129.5354 29.96484 121.0773 0.46667 0.40392 0.34118
v 125.7965 31.36416 119.3623 0.41961 0.38039 0.32941
v 125.3742 36.89416 112.0081 0.34902 0.31373 0.29804
v 126.9187 39.34358 106.2519 0.48235 0.41961 0.34902
v 137.9501 45.00133 94.40151 0.29412 0.26275 0.23137
v 138.7927 41.4142 103.8703 0.42745 0.36863 0.30588
v 114.6884 22.20627 124.7144 0.43922 0.37647 0.33333
v 109.7849 23.06727 123.9164 0.49804 0.45882 0.38824
v 112.4627 31.93665 116.0096 0.48235 0.42353 0.34902
v 117.5113 32.13022 116.9012 0.45490 0.40784 0.34118
v 118.459 25.98987 124.2323 0.30980 0.27843 0.26667
v 117.1355 22.66663 126.0099 0.36863 0.32157 0.29412
v 121.0296 22.75943 126.6533 0.50980 0.43529 0.34902
v 126.816 22.15396 128.5572 0.35294 0.32157 0.31765
v 122.5434 33.27812 115.9678 0.40392 0.34510 0.32157
v 121.3995 31.04362 118.7086 0.39216 0.34510 0.32549
v 124.2737 36.293 111.7206 0.47843 0.41961 0.34902
v 116.7255 39.14215 107.0912 0.45882 0.39608 0.32941
v 128.1036 45.77399 92.80114 0.45490 0.39216 0.33333
v 119.2361 43.97897 97.22834 0.46275 0.39608 0.32549
v 127.2512 49.35397 84.32273 0.30196 0.28235 0.25490
v 132.8482 50.05539 81.33279 0.36078 0.31765 0.27843
v 148.8392 48.1484 85.21447 0.38039 0.34118 0.30196
v 119.2013 27.54688 122.0443 0.43137 0.37255 0.33333
v 119.7766 29.79094 119.1753 0.40000 0.34510 0.31373
v 123.2818 52.06862 76.727 0.36078 0.31765 0.26667
v 116.6534 51.02922 81.07135 0.34902 0.30588 0.27451
v 114.6788 23.71944 124.8877 0.36863 0.33333 0.30588
v 104.4801 38.26309 107.2997 0.40784 0.35294 0.31765
v 108.8533 44.03209 96.25783 0.52549 0.46667 0.37647
v 156.3602 36.25027 114.3441 0.41176 0.36078 0.30588
v 147.9588 28.33134 95.37315 0.55686 0.48627 0.39216
v 157.852 31.45265 93.25022 0.55686 0.50980 0.44706
v 160.5659 33.48533 89.4333 0.41176 0.38431 0.33333
v 151.6834 30.2329 91.13587 0.54118 0.47059 0.39216
v 153.4987 31.8602 86.13641 0.54118 0.46667 0.36078
v 161.1187 34.88776 84.26097 0.42745 0.39608 0.34118
v 161.8966 36.26949 85.34583 0.54118 0.45490 0.36863
v 159.5839 34.10021 85.47198 0.55686 0.47451 0.37647
v 139.4044 26.68238 97.93381 0.60784 0.52157 0.42353
v 132.472 26.55356 97.12138 0.60784 0.52157 0.41961
v 156.7794 35.06024 75.74548 0.48235 0.43922 0.38824
v 121.3707 19.19879 108.5203 0.66667 0.61569 0.56078
v 97.78746 13.7565 108.0363 0.50196 0.50196 0.49020
v 100.1158 14.19041 107.6445 0.62353 0.58039 0.53725
v 107.7752 13.65713 109.5632 0.56471 0.52549 0.48235
v 112.7873 16.66813 108.2874 0.60392 0.52941 0.45098
v 104.8459 15.61881 107.9546 0.60784 0.54118 0.47843
v 99.28239 17.52957 104.7342 0.58039 0.52157 0.43922
v 102.5394 19.01335 103.7779 0.59608 0.53333 0.45098
v 104.9606 18.76797 104.4668 0.58824 0.52157 0.44314
v 107.6666 19.02095 104.4788 0.58824 0.51765 0.43922
v 113.5721 19.2908 105.8083 0.60000 0.53725 0.46275
v 114.9528 18.352 107.0867 0.58824 0.52549 0.46667
v 103.0601 21.05872 100.5991 0.57255 0.51373 0.44706
v 107.492 21.25236 101.0106 0.58039 0.50980 0.43137
v 119.5078 19.737 107.7725 0.54510 0.47451 0.37647
v 120.8398 21.32147 104.8612 0.53725 0.46667 0.38431
v 122.7104 21.74894 104.7501 0.60784 0.53333 0.43529
v 117.2183 23.95237 99.17497 0.54118 0.49412 0.42353
v 115.4815 22.75814 101.0195 0.59608 0.52941 0.44314
v 116.9707 21.30882 102.92 0.52941 0.48627 0.43137
v 113.1706 24.33199 97.83416 0.53725 0.48235 0.41961
v 109.3112 23.6537 98.18659 0.58039 0.51373 0.44314
v 109.2876 26.07083 94.81895 0.58039 0.51373 0.42745
v 104.2152 24.03262 97.09945 0.58039 0.50196 0.41961
v 92.8915 17.05293 103.9457 0.53725 0.46275 0.38431
v 95.02033 14.43773 106.0888 0.55686 0.54510 0.50980
v 84.55334 17.17995 108.5969 0.45882 0.42745 0.37255
v 87.33534 15.46588 105.7528 0.52549 0.47059 0.41569
v 93.35519 14.63033 108.2869 0.51373 0.47451 0.43137
v 92.47902 18.33839 102.4273 0.60784 0.53333 0.45490
v 89.19661 14.73627 104.4976 0.49804 0.45882 0.40784
v 85.33403 16.51763 102.1907 0.59216 0.54902 0.48627
v 79.60994 16.36611 105.1074 0.50196 0.49804 0.47843
v 82.25827 15.2336 103.1714 0.43922 0.42745 0.41176
v 70.25136 17.52119 104.4001 0.38824 0.36078 0.32941
v 64.4791 16.82358 101.7015 0.40784 0.38824 0.35686
v 52.83222 18.71504 99.81051 0.36078 0.35686 0.34510
v 75.45502 16.51331 102.4382 0.75294 0.69412 0.58431
v 60.39254 17.54804 99.19635 0.51765 0.48627 0.44706
v 54.52949 27.35491 110.5296 0.32157 0.30980 0.28235
v 66.36455 20.41416 106.8789 0.52157 0.46667 0.38431
v 120.6736 23.94533 100.3029 0.55294 0.48627 0.39608
v 121.3379 22.65477 102.8539 0.56471 0.48235 0.39216
v 124.2043 24.90243 100.8931 0.56078 0.48627 0.41176
v 126.98 28.71307 91.54585 0.56471 0.52549 0.47843
v 120.0834 25.26343 97.66077 0.54902 0.47451 0.39608
v 117.3477 26.2687 95.35771 0.58039 0.52549 0.46667
v 119.5999 27.56235 94.11014 0.54510 0.47059 0.38824
v 124.3724 26.13984 98.52145 0.56471 0.48235 0.38824
v 124.7918 25.38058 98.12253 0.71373 0.68235 0.61569
v 123.2496 27.18454 95.17445 0.56471 0.50196 0.41961
v 116.5277 28.88032 91.0825 0.53725 0.46667 0.40000
v 97.9467 23.27645 97.32862 0.58431 0.51373 0.43137
v 90.89493 21.726 98.51675 0.59216 0.52157 0.43529
v 101.3671 23.27361 98.04922 0.59216 0.52549 0.45490
v 100.47 24.68392 96.05135 0.59216 0.51765 0.43137
v 104.8577 26.56686 93.05434 0.51373 0.47843 0.41961
v 99.53188 29.9556 86.96184 0.55294 0.49412 0.40392
v 97.93572 25.55347 94.04769 0.54510 0.48235 0.39608
v 95.26342 18.87266 102.3975 0.59216 0.50980 0.41569
v 93.76526 22.97329 97.08311 0.62353 0.53333 0.43137
v 94.21211 24.63873 95.04553 0.50196 0.44706 0.39216
v 91.59688 23.24316 96.59885 0.55294 0.49804 0.43529
v 85.26217 21.45769 97.98221 0.58039 0.52549 0.45490
v 85.45936 18.66569 100.798 0.58824 0.52549 0.45098
v 90.58992 20.04058 100.5008 0.58824 0.51765 0.44706
v 88.14943 18.22127 101.5636 0.61569 0.54118 0.45490
v 99.09695 20.28273 101.3735 0.58431 0.52549 0.45490
v 127.4433 31.55815 87.22252 0.56471 0.49020 0.39608
v 128.5206 31.11131 85.96846 0.49020 0.44314 0.38431
v 135.739 31.46506 85.63465 0.51765 0.45882 0.38824
v 126.8209 29.91054 90.15206 0.57647 0.49804 0.40000
v 111.3784 29.41636 89.36704 0.54510 0.49020 0.40784
v 103.2724 29.40847 88.34492 0.54118 0.49020 0.41569
v 106.0703 29.55194 87.99972 0.54902 0.47843 0.39608
v 111.9396 30.99804 86.39536 0.52157 0.45882 0.38824
v 112.6825 32.57887 83.67802 0.52941 0.46275 0.38824
v 117.3845 31.4102 86.54756 0.52941 0.46667 0.39608
v 120.6415 30.44663 88.91846 0.51765 0.45882 0.38824
v 119.1173 33.1468 83.4922 0.51373 0.45490 0.39608
v 120.2311 35.03539 79.34085 0.50196 0.45490 0.39216
v 108.5645 33.68004 81.171 0.54902 0.48235 0.40784
v 112.416 35.14319 78.42863 0.52157 0.46275 0.38824
v 111.4914 36.52316 75.29413 0.48627 0.43529 0.36863
v 109.081 31.46968 85.15631 0.55294 0.48627 0.40392
v 102.5847 31.59722 84.2674 0.57647 0.51765 0.42353
v 109.5136 35.71827 76.65581 0.50196 0.45882 0.39608
v 102.2576 34.26991 79.49677 0.52549 0.47843 0.41176
v 98.04674 31.43889 83.83993 0.52941 0.47059 0.40392
v 93.29723 25.62002 93.59541 0.49020 0.42353 0.36471
v 96.79168 27.82142 90.06115 0.56863 0.49020 0.38824
v 90.45375 24.69147 94.60106 0.58039 0.50588 0.41176
v 86.33307 23.18157 95.50987 0.56078 0.49804 0.41176
v 81.96839 21.79538 97.34367 0.53333 0.47843 0.40392
v 82.41094 18.28669 100.7358 0.61176 0.54118 0.46275
v 80.98671 20.96569 98.32403 0.58039 0.52157 0.44706
v 75.61438 17.00519 105.1636 0.52157 0.48627 0.43529
v 78.34244 15.77611 101.7048 0.58824 0.54118 0.49020
v 79.02515 18.88739 99.88922 0.58431 0.52157 0.44706
v 76.67019 19.10261 99.21957 0.57647 0.51765 0.43922
v 73.01859 20.63889 97.34942 0.54118 0.48627 0.42353
v 70.27115 18.69082 98.329 0.54118 0.49412 0.42353
v 73.68552 16.08318 101.5642 0.49020 0.47059 0.44314
v 60.25272 19.4661 96.49758 0.42745 0.38431 0.35294
v 55.57312 20.89223 94.50351 0.50980 0.45490 0.39216
v 58.29723 20.3529 95.43077 0.52549 0.46667 0.39216
v 63.34929 19.26222 97.20249 0.50588 0.45882 0.40784
v 58.51036 23.03285 93.00322 0.52941 0.45882 0.38039
v 52.02674 20.23599 94.38113 0.51765 0.45490 0.38431
v 49.65376 20.81106 93.47061 0.52941 0.46667 0.38824
v 48.01798 23.84588 104.2264 0.49412 0.44706 0.39608
v 47.55727 18.89389 97.79422 0.53333 0.49412 0.43922
v 39.07184 26.20292 103.4591 0.63529 0.52941 0.41961
v 30.57902 28.44555 103.998 0.41961 0.38431 0.36471
v 33.61846 28.27993 104.7369 0.50196 0.47059 0.41961
v 40.2867 27.82369 104.2955 0.58824 0.50588 0.41176
v 37.50903 29.0264 105.1729 0.45098 0.45882 0.43137
v 27.02734 28.31879 103.322 0.33725 0.28627 0.25490
v 26.77514 26.56835 99.97913 0.45098 0.43922 0.40392
v 19.83174 22.99599 92.95633 0.52941 0.47843 0.41176
v 15.21731 28.74592 99.7106 0.40392 0.35294 0.29020
v 18.58284 21.39032 91.04961 0.34118 0.32549 0.29412
v 14.12508 22.40228 90.22654 0.43137 0.38431 0.33333
v 15.97884 21.63153 89.23258 0.41961 0.37647 0.33725
v 8.446482 21.85036 88.3996 0.43529 0.42353 0.38039
v 14.65094 23.1549 84.63239 0.42745 0.38824 0.34902
v 10.78065 22.95299 83.31134 0.38824 0.36863 0.35294
v 3.281363 22.68631 84.83346 0.45882 0.40784 0.34510
v 21.57934 28.94008 101.7044 0.35294 0.32941 0.31765
v 24.17868 38.25395 93.35308 0.43922 0.41569 0.36863
v 33.64249 33.26582 101.1105 0.38039 0.34118 0.31765
v 46.28375 27.57397 108.0736 0.55686 0.49804 0.40784
v 62.55521 26.78818 112.0361 0.43137 0.43137 0.41176
v 72.80539 25.95672 114.6804 0.38039 0.36863 0.34902
v 69.82637 25.7894 113.6814 0.40000 0.36863 0.34118
v 65.83402 26.09455 112.7422 0.38431 0.36078 0.33725
v 63.60634 25.91114 111.7093 0.40000 0.38039 0.37647
v 58.64803 26.55958 111.3378 0.36863 0.34902 0.32941
v 76.19797 25.39466 115.5205 0.41176 0.38824 0.38431
v 81.79293 23.96518 115.2805 0.49412 0.44314 0.38824
v 81.14041 25.35706 116.0903 0.52941 0.50980 0.48627
v 86.92383 26.42606 116.9115 0.38039 0.34902 0.30980
v 88.07158 24.42921 118.2637 0.36863 0.35294 0.34118
v 62.11696 42.06972 94.9116 0.45098 0.40000 0.34118
v 64.66626 37.69911 101.9793 0.41569 0.38039 0.33725
v 71.3449 53.21155 75.09997 0.47843 0.41569 0.34118
v 78.25899 56.44747 67.82784 0.37647 0.33333 0.28235
v 64.54429 53.78933 73.04258 0.48627 0.41176 0.34510
v 60.9694 56.98607 64.02522 0.41176 0.36863 0.31373
v 54.87102 54.21223 70.47276 0.56863 0.48627 0.38039
v 75.57587 56.67277 65.16173 0.43922 0.38824 0.33725
v 71.78423 55.07919 70.89828 0.51373 0.43922 0.36471
v 72.8058 56.04023 68.46785 0.52941 0.46275 0.37647
v 87.83212 56.35498 65.31578 0.40784 0.36078 0.30588
v 87.6468 57.60393 58.12585 0.49020 0.42353 0.35294
v 82.62895 59.64028 46.59133 0.42353 0.37647 0.31373
v 66.13329 58.87733 52.26046 0.40784 0.36863 0.30980
v 72.86883 56.99504 62.8574 0.43529 0.39216 0.32941
v 60.65313 57.63505 59.90743 0.40392 0.36078 0.30588
v 71.41048 56.761 65.06171 0.45098 0.39216 0.33725
v 125.5844 28.00076 94.95601 0.59216 0.53333 0.45098
v 99.41601 24.04585 121.4717 0.40392 0.34902 0.29804
v 94.15134 24.28723 120.0211 0.34118 0.29804 0.28627
v 85.44065 24.27755 117.0672 0.42353 0.40000 0.39216
v 81.91185 25.09479 116.6941 0.39216 0.37255 0.35294
v 79.23428 25.14479 116.2717 0.37647 0.34510 0.34902
v 57.8548 31.80309 107.6383 0.40392 0.36471 0.34902
v 47.25245 41.26149 94.02612 0.48235 0.42745 0.36078
v 53.77794 37.79293 100.3104 0.48235 0.43137 0.37255
v 57.47734 50.7428 78.11592 0.43922 0.39216 0.34118
v 82.4885 57.57978 58.04046 0.45882 0.39608 0.32941
v 89.81613 58.48445 52.19098 0.35294 0.32157 0.29020
v 98.76392 56.91108 59.76281 0.32157 0.29020 0.27059
v 79.90234 60.56617 35.52658 0.43922 0.39216 0.33333
v 84.2812 59.69389 30.35319 0.40392 0.36078 0.30588
v 80.08641 59.9475 29.59729 0.49020 0.41961 0.34118
v 86.87119 58.16312 17.72519 0.47843 0.40392 0.35294
v 81.02135 59.44368 23.34088 0.47843 0.42353 0.34902
v 94.59978 58.41685 23.77114 0.43529 0.38431 0.33333
v 73.53699 59.93992 44.02704 0.43529 0.38431 0.32157
v 73.18248 60.71364 31.01979 0.40784 0.37255 0.30588
v 65.40822 60.758 31.80857 0.46275 0.42353 0.36471
v 59.1981 60.50209 35.18157 0.39608 0.35686 0.30980
v 59.98348 60.82777 32.6181 0.43922 0.40000 0.33725
v 47.66053 33.89925 103.5813 0.35294 0.33725 0.31765
v 44.57204 27.66156 107.8057 0.37647 0.35294 0.32941
v 54.74224 30.6987 108.2432 0.44706 0.41569 0.37255
v 33.93389 42.19936 88.8935 0.46667 0.40784 0.33333
v 46.47446 48.76288 80.71429 0.39608 0.35294 0.31765
v 65.80194 60.38269 39.30405 0.43529 0.38824 0.32157
v 56.69102 60.21853 23.46732 0.45882 0.41961 0.35294
v 50.71344 60.42257 33.3219 0.48627 0.43137 0.36078
v 56.70977 60.57186 35.29516 0.39216 0.36078 0.30588
v 53.31067 59.88831 36.39301 0.51373 0.45098 0.36863
v 58.4297 59.30314 47.28292 0.44706 0.39216 0.33333
v 46.56869 59.55016 37.76998 0.48627 0.42353 0.34510
v 51.6687 60.02903 39.15816 0.38039 0.33333 0.31765
v 44.2612 59.67278 40.37312 0.47059 0.41569 0.35294
v 33.74469 59.25804 41.22722 0.49804 0.43137 0.36078
v 53.19095 57.69784 59.28197 0.43137 0.38039 0.32157
v 35.16826 58.43236 47.83638 0.45882 0.40784 0.34118
v 39.64964 59.9184 36.76672 0.54118 0.47843 0.40392
v 41.43835 60.20881 31.77174 0.46667 0.40784 0.34510
v 42.73478 60.26684 24.67325 0.44314 0.40392 0.36863
v 54.53155 60.57104 27.95411 0.42353 0.38431 0.34118
v 139.8094 30.33322 88.24007 0.53725 0.47059 0.38824
v 144.9079 31.88458 84.18487 0.45490 0.40000 0.33725
v 130.169 33.05563 81.67848 0.47451 0.43137 0.38431
v 117.1187 36.01839 76.54413 0.49804 0.44706 0.39216
v 122.3409 33.05395 84.62094 0.52941 0.46667 0.39216
v 119.9483 37.23292 74.08391 0.50588 0.45490 0.40392
v 123.6481 34.9061 80.71577 0.50588 0.44314 0.36863
v 124.8539 35.83755 77.86864 0.50588 0.45882 0.39608
v 128.3213 36.33395 76.3939 0.56863 0.49412 0.40000
v 129.3452 34.68722 80.10405 0.52549 0.47059 0.40392
v 130.1474 34.26807 78.80002 0.47059 0.43137 0.37647
v 122.3641 37.53669 73.94478 0.53725 0.46667 0.40000
v 131.4268 35.2798 77.15642 0.48627 0.45098 0.42353
v 128.7574 38.23807 69.67498 0.58039 0.50196 0.40000
v 124.288 38.36038 69.94674 0.52549 0.47059 0.40000
v 130.8471 39.85627 64.02335 0.55686 0.47843 0.38431
v 133.3318 38.96648 69.62424 0.52941 0.46667 0.38824
v 131.9916 37.89323 72.96076 0.55686 0.48235 0.40000
v 129.5894 39.80141 63.06415 0.50588 0.45882 0.38824
v 134.6426 40.14363 61.12624 0.52941 0.47059 0.39216
v 134.0838 39.65547 64.66749 0.52941 0.47059 0.40392
v 135.7883 39.58809 62.05585 0.56471 0.47843 0.38039
v 134.7627 38.29852 69.05468 0.51373 0.46275 0.39216
v 136.6289 37.71573 69.68986 0.52941 0.46667 0.39216
v 133.0314 35.61961 74.90987 0.48627 0.45098 0.41569
v 137.1867 35.04671 75.56556 0.49020 0.46275 0.43922
v 133.9045 36.78903 71.75497 0.51373 0.47451 0.41569
v 139.6 34.47896 76.62053 0.49412 0.45882 0.41176
v 140.9565 33.26201 80.51078 0.50196 0.44706 0.38431
v 146.0564 33.65045 78.89417 0.51765 0.46275 0.39216
v 142.5099 36.22443 74.14936 0.52549 0.47059 0.40784
v 138.2264 36.50798 69.32082 0.51765 0.46275 0.39608
v 130.7989 40.08079 58.65689 0.59216 0.50588 0.40392
v 130.9106 40.01173 61.44292 0.51373 0.45882 0.39608
v 126.5508 39.90524 61.21631 0.50588 0.45882 0.40000
v 132.5835 40.19161 57.02129 0.56471 0.49020 0.38431
v 130.3328 39.67011 52.8453 0.54118 0.47843 0.40000
v 136.8434 40.01026 58.75196 0.56471 0.48627 0.39216
v 136.9919 39.10477 54.26998 0.54902 0.46667 0.38039
v 139.0019 39.55574 58.62998 0.52157 0.45490 0.38039
v 138.5809 39.44877 51.4692 0.54118 0.47451 0.39608
v 139.4889 39.65242 60.05828 0.56863 0.48627 0.38824
v 133.8577 39.85665 48.55522 0.54118 0.48235 0.40392
v 135.8986 40.18829 56.33217 0.58431 0.49804 0.40000
v 127.8724 40.08037 48.80699 0.58039 0.50196 0.40392
v 123.237 40.49812 49.03708 0.56078 0.49804 0.40784
v 125.4627 40.12172 55.19983 0.52941 0.46275 0.38431
v 123.2213 40.38743 52.56641 0.58431 0.50588 0.40784
v 125.5977 40.14654 44.8303 0.56471 0.49020 0.39216
v 130.9938 39.94701 46.17324 0.55686 0.48235 0.40000
v 132.8636 39.82046 42.56732 0.52157 0.46667 0.38824
v 138.8319 39.42295 45.3863 0.54902 0.48235 0.40000
v 137.0117 40.25477 51.00518 0.58431 0.50196 0.39608
v 135.8763 39.37873 38.54232 0.58824 0.50588 0.40392
v 139.1446 39.27154 41.67907 0.57255 0.49412 0.40000
v 138.9206 38.85044 46.98287 0.49412 0.43922 0.36078
v 142.4579 38.03179 38.49389 0.49412 0.43922 0.36863
v 136.4373 39.0853 35.60219 0.57647 0.49804 0.41569
v 141.0519 39.24267 39.03969 0.58039 0.49804 0.40000
v 120.5643 40.67508 49.17476 0.52941 0.47451 0.40000
v 121.7876 40.64763 44.7006 0.54902 0.48235 0.39608
v 123.2177 40.4876 42.08691 0.58431 0.50588 0.40784
v 116.0927 41.35856 50.46288 0.59216 0.50588 0.40000
v 130.2536 40.29037 42.64147 0.56471 0.48627 0.39608
v 126.6169 40.22004 40.48484 0.54118 0.47843 0.39216
v 132.308 39.98633 40.24559 0.57647 0.50196 0.40784
v 130.5966 39.6165 36.60461 0.57647 0.50196 0.41176
v 135.8324 38.75286 32.16982 0.51373 0.45490 0.37647
v 133.4911 39.19778 33.64061 0.52941 0.47059 0.40000
v 128.1587 39.47849 31.43847 0.52941 0.47059 0.38824
v 126.8354 39.80989 38.16759 0.56078 0.49020 0.40784
v 123.2796 40.07791 37.053 0.53333 0.47843 0.40000
v 112.6704 41.44808 50.31326 0.57647 0.49804 0.39608
v 119.2713 40.7639 52.02994 0.51765 0.46275 0.38824
v 128.2015 40.00639 56.64011 0.56078 0.49020 0.40000
v 125.0772 39.9223 58.38988 0.53725 0.48235 0.40784
v 121.7126 40.32143 56.33973 0.51373 0.47059 0.40000
v 116.8139 40.98637 54.21902 0.56078 0.49020 0.39216
v 127.3426 39.5014 64.96301 0.55294 0.49020 0.39608
v 118.4049 38.90367 68.07127 0.51765 0.46275 0.39216
v 120.8784 39.81361 65.11364 0.54118 0.47843 0.39216
v 120.4328 40.3305 61.87862 0.56078 0.49412 0.40392
v 116.9158 40.54292 57.75316 0.52549 0.46667 0.39608
v 121.284 40.20068 58.35173 0.53333 0.47843 0.39608
v 142.2102 36.52186 70.00102 0.53725 0.48627 0.42353
v 147.8628 34.9517 74.43195 0.51765 0.46275 0.40000
v 149.2442 35.89152 67.51866 0.56078 0.49412 0.40392
v 156.3606 35.11943 70.91592 0.54510 0.47059 0.38824
v 151.3718 36.53239 59.60373 0.57255 0.49020 0.38824
v 144.054 37.2568 63.58605 0.56471 0.49804 0.40000
v 149.0644 36.52812 61.75876 0.52941 0.46667 0.39216
v 152.2847 36.24157 55.55692 0.56471 0.49020 0.39608
v 157.2643 35.33778 64.78396 0.56471 0.50196 0.41961
v 155.9469 35.66742 58.12624 0.50980 0.44314 0.37255
v 160.8551 35.43771 58.6775 0.53333 0.46275 0.38039
v 146.3109 37.81172 58.3356 0.54902 0.48235 0.39216
v 146.612 38.8955 53.98258 0.54510 0.48627 0.39216
v 160.5508 34.97984 51.4329 0.51373 0.46275 0.38431
v 152.4949 35.91831 42.98054 0.46667 0.44706 0.41569
v 161.1453 34.6375 45.32666 0.45490 0.40000 0.33725
v 162.9141 35.73237 44.89497 0.51765 0.45882 0.40392
v 149.5959 36.62964 37.87444 0.50588 0.45490 0.38824
v 156.0109 35.48622 42.28163 0.58039 0.48235 0.37647
v 155.5735 35.22863 41.16104 0.50980 0.47059 0.41961
v 147.229 38.36694 54.88216 0.54510 0.47843 0.39216
v 152.1978 36.05337 50.79168 0.52549 0.47451 0.40392
v 145.6918 37.45283 48.46418 0.49804 0.44706 0.38824
v 145.6429 38.61443 53.82039 0.56863 0.48627 0.39608
v 144.6751 38.06971 44.13782 0.54510 0.47451 0.38824
v 144.4852 37.67454 48.29517 0.50196 0.45490 0.39216
v 143.0784 38.38743 38.15094 0.50196 0.43529 0.36078
v 144.2686 37.50808 33.57609 0.48235 0.42353 0.34510
v 141.9165 39.07737 35.50691 0.58431 0.49804 0.39608
v 138.3603 38.66804 33.83247 0.47843 0.43922 0.37647
v 142.905 38.4062 33.6253 0.57647 0.50980 0.41961
v 131.775 39.08491 31.45491 0.54510 0.47451 0.38824
v 125.3017 39.61591 33.45432 0.54510 0.47843 0.39216
v 118.3163 40.88035 37.28354 0.58431 0.50588 0.40392
v 121.2528 40.36027 39.36523 0.52157 0.46667 0.38824
v 118.03 40.92616 41.57405 0.57647 0.50980 0.41176
v 114.3679 41.46029 42.90952 0.58039 0.50196 0.40392
v 113.6729 41.48131 46.30708 0.56471 0.49412 0.40000
v 110.1381 41.7735 45.29103 0.53725 0.47843 0.40000
v 105.9784 42.02309 44.37388 0.56471 0.49804 0.41569
v 108.3156 41.77741 48.48621 0.56863 0.50196 0.40784
v 106.6719 41.8834 41.61657 0.55686 0.49412 0.41176
v 105.8967 41.83886 48.47438 0.52157 0.46275 0.39608
v 109.2186 41.4429 52.64878 0.55686 0.49020 0.40784
v 101.2239 42.00582 44.47334 0.57647 0.50588 0.41176
v 98.45019 42.00665 50.69126 0.58824 0.51765 0.42745
v 98.9096 41.75623 54.07348 0.60392 0.52549 0.42745
v 94.78113 42.22888 47.97994 0.55686 0.48627 0.41176
v 94.08533 42.23417 44.82827 0.58824 0.51373 0.41961
v 90.62959 42.15002 53.23929 0.54118 0.49020 0.42353
v 91.34164 42.3057 49.44037 0.50196 0.46667 0.41961
v 89.27954 42.38962 50.5896 0.49804 0.45882 0.41176
v 91.18651 42.35176 47.07544 0.56471 0.50196 0.41176
v 87.69308 42.51879 46.29933 0.54118 0.48235 0.40392
v 97.64701 41.5066 56.18138 0.56471 0.49020 0.40000
v 104.5625 41.68521 51.14435 0.52941 0.49020 0.43137
v 97.05666 40.60235 61.15097 0.58824 0.52157 0.42353
v 91.33803 41.0442 58.69778 0.55686 0.49804 0.42745
v 94.86783 41.65639 55.31944 0.58824 0.50980 0.41569
v 92.05224 41.57126 56.07357 0.57255 0.50588 0.41569
v 88.69554 41.50376 56.81242 0.56471 0.50980 0.43529
v 87.08959 42.56329 48.79601 0.54510 0.48627 0.41176
v 88.35586 42.48522 42.72204 0.56078 0.49804 0.41569
v 84.16527 42.4764 49.90687 0.55686 0.49412 0.42353
v 83.98177 42.56229 47.37245 0.56078 0.49020 0.40000
v 82.35244 42.50126 48.69356 0.51373 0.46667 0.41176
v 84.84176 42.3125 52.56036 0.55686 0.49020 0.40392
v 86.23489 41.90812 54.28531 0.51373 0.46275 0.40784
v 87.82834 40.77788 59.56276 0.53725 0.49020 0.41961
v 86.9181 41.39774 57.38553 0.53333 0.48235 0.40784
v 86.62748 40.33496 61.15666 0.53333 0.47843 0.40784
v 98.5004 38.92837 67.73462 0.59608 0.52157 0.41961
v 94.54169 39.84163 64.27278 0.54902 0.48627 0.41569
v 102.4683 38.29915 68.58169 0.52941 0.47843 0.41176
v 101.0284 37.61284 71.43532 0.56471 0.49020 0.40392
v 98.49462 37.90232 70.93041 0.50196 0.45098 0.38824
v 105.2064 35.71488 76.58516 0.50196 0.45882 0.40000
v 98.53615 36.56635 74.17177 0.52549 0.47059 0.40392
v 92.22486 37.9366 69.78252 0.52941 0.47451 0.40392
v 86.80984 36.20845 73.13889 0.49804 0.45882 0.39608
v 94.11846 35.07655 76.35805 0.53725 0.47843 0.40000
v 96.99262 34.44901 77.97328 0.54510 0.47451 0.38431
v 99.02084 34.10493 79.1942 0.54118 0.47059 0.39608
v 95.38063 30.87213 84.95684 0.56471 0.49020 0.39216
v 90.75808 26.12273 92.55512 0.58039 0.50196 0.39216
v 91.12958 28.10625 89.38749 0.57255 0.49412 0.40392
v 87.47923 26.22894 91.93862 0.55686 0.47451 0.37647
v 88.1397 28.79587 88.01728 0.56078 0.49804 0.40392
v 83.08843 28.74997 87.51515 0.53725 0.48627 0.41569
v 78.94992 28.47624 87.68435 0.51373 0.45490 0.39216
v 76.8294 28.63301 87.26497 0.50196 0.45098 0.39216
v 81.15525 27.72328 89.17893 0.52157 0.47451 0.40392
v 79.93811 26.82884 90.31763 0.49804 0.45490 0.39216
v 84.47271 27.08822 90.27151 0.56078 0.48627 0.40000
v 85.30716 24.89389 93.4165 0.55294 0.47451 0.38431
v 77.52412 23.17929 94.96116 0.54902 0.48627 0.40000
v 76.29824 21.74742 96.57689 0.53333 0.47843 0.40000
v 71.52656 21.97427 95.62535 0.50196 0.45882 0.40392
v 72.78185 23.45413 94.37953 0.47843 0.45098 0.40392
v 69.12511 22.63269 94.52812 0.38039 0.34510 0.30588
v 68.383 24.03452 93.03988 0.44314 0.38431 0.33725
v 70.04953 21.01656 96.37828 0.49020 0.45098 0.39216
v 72.63923 17.17653 99.87112 0.50196 0.45882 0.41569
v 65.9155 18.73841 97.87086 0.48627 0.45098 0.40784
v 56.68897 24.53492 91.10993 0.55686 0.48235 0.38431
v 59.23449 25.18305 90.90877 0.51373 0.45490 0.39216
v 67.17274 21.69745 95.52702 0.41961 0.38039 0.33725
v 64.02329 21.8707 94.99361 0.48235 0.43137 0.38431
v 66.00029 23.00491 94.07434 0.43137 0.40392 0.36078
v 61.97891 22.70767 93.94516 0.43529 0.38431 0.33725
v 69.71501 26.07878 90.14875 0.41569 0.36078 0.32157
v 71.63462 24.24369 92.80634 0.45490 0.41569 0.37255
v 65.45354 26.92796 88.56801 0.50588 0.44706 0.38431
v 64.25168 24.84187 91.90518 0.50588 0.44706 0.38039
v 63.11139 26.10306 89.87562 0.48235 0.43922 0.38039
v 63.95082 27.33827 87.75223 0.52549 0.46275 0.39216
v 63.1138 27.5514 87.42575 0.50980 0.44706 0.38039
v 65.31361 28.31896 86.27493 0.50588 0.45882 0.39608
v 68.47449 28.07181 86.92639 0.53725 0.46667 0.39608
v 70.54761 27.73074 87.57691 0.54510 0.48627 0.40392
v 68.19312 26.95599 88.52463 0.52549 0.45490 0.38039
v 65.40084 29.41198 84.72802 0.54118 0.48235 0.41176
v 68.60044 28.8627 85.63058 0.50588 0.44706 0.38039
v 72.45974 28.72105 86.25345 0.51373 0.46275 0.39608
v 73.63648 27.88797 87.88307 0.52549 0.47059 0.40392
v 73.29428 25.80849 90.80253 0.53725 0.48235 0.40392
v 75.66314 26.74837 89.8798 0.44706 0.40392 0.35294
v 75.4896 28.11701 88.07009 0.49804 0.44706 0.38431
v 80.35536 30.1246 85.37744 0.59216 0.52157 0.41569
v 80.98398 24.05584 93.88676 0.54902 0.48627 0.40392
v 114.8694 37.03602 74.00218 0.49412 0.45882 0.40392
v 104.2084 37.68462 71.33513 0.52157 0.46667 0.39608
v 105.9812 37.07753 73.83502 0.58431 0.50196 0.40392
v 101.0387 40.10679 63.41139 0.53725 0.47843 0.40784
v 102.4097 40.68533 61.34007 0.51765 0.47059 0.41176
v 113.4833 41.14734 55.52093 0.54902 0.48235 0.38824
v 112.7513 40.83007 58.3035 0.56078 0.49804 0.40000
v 110.1779 41.07031 56.72333 0.53725 0.47843 0.41176
v 110.9292 40.7965 61.02553 0.55686 0.49804 0.41176
v 117.0463 38.02844 71.54314 0.54902 0.49804 0.43137
v 115.2645 40.26531 63.05924 0.59608 0.50196 0.39608
v 115.6392 38.97756 67.54953 0.49020 0.45882 0.40392
v 110.1839 39.44238 66.58672 0.52157 0.47451 0.41176
v 112.5358 37.96137 71.58785 0.51765 0.47843 0.40784
v 164.6578 41.48067 79.14779 0.55294 0.45490 0.34902
v 166.2937 43.69888 73.38753 0.55294 0.47059 0.37647
v 165.2597 49.49399 71.42001 0.29804 0.27843 0.26275
v 165.8218 48.55115 78.71097 0.28235 0.25490 0.23137
v 163.3387 37.90247 79.45417 0.53333 0.46667 0.38039
v 166.7275 36.01919 47.28619 0.54510 0.47059 0.38039
v 170.2401 36.78074 48.15431 0.41961 0.38039 0.34118
v 167.146 36.10957 53.56714 0.48627 0.41569 0.33725
v 169.0825 37.53805 54.10236 0.50588 0.44314 0.36863
v 168.1378 41.65262 63.01219 0.53333 0.45490 0.35686
v 167.591 43.41837 67.35941 0.48627 0.42745 0.35686
v 166.7924 39.86293 65.56922 0.52549 0.45490 0.38039
v 166.2093 41.74862 67.59372 0.55686 0.47059 0.37647
v 165.292 37.4663 69.42304 0.45882 0.40000 0.32157
v 166.1881 37.27248 64.54755 0.50980 0.44706 0.35686
v 162.0838 36.55483 76.9659 0.46275 0.41569 0.36863
v 163.8008 37.22547 76.74472 0.47059 0.41569 0.34902
v 162.3078 36.30709 82.28932 0.45098 0.40784 0.36078
v 139.0122 37.60048 63.44126 0.52157 0.46275 0.38824
v 166.4198 42.00062 71.54803 0.54118 0.47059 0.37647
v 168.4129 48.64706 68.00343 0.38824 0.35686 0.33333
v 169.2332 48.6442 64.19396 0.38431 0.34902 0.32549
v 169.3121 41.9244 57.31666 0.52157 0.45490 0.36471
v 166.3773 35.63333 44.22928 0.58039 0.48235 0.38824
v 162.6039 35.50949 42.80394 0.56471 0.48627 0.38824
v 171.5544 37.79957 44.0478 0.47843 0.43529 0.39216
v 171.4874 36.78977 41.58486 0.45490 0.41176 0.36078
v 170.3418 36.8407 43.62276 0.54902 0.46667 0.36863
v 173.2811 42.09363 40.35142 0.52549 0.45098 0.36078
v 173.1398 36.51071 34.42796 0.40392 0.38431 0.37647
v 158.8062 35.35993 42.64127 0.58039 0.48627 0.37255
v 161.9825 34.70938 42.05822 0.49412 0.43529 0.38039
v 150.6556 36.11771 31.73042 0.49020 0.44706 0.37255
v 157.1714 35.05428 32.20578 0.48235 0.45098 0.39216
v 167.6838 48.3774 70.16239 0.54118 0.51373 0.45490
v 160.2946 50.37707 71.6331 0.30980 0.28235 0.25882
v 154.5218 51.18836 68.89458 0.31373 0.27843 0.25098
v 166.8658 50.17084 66.28314 0.33333 0.30588 0.28235
v 156.5403 52.13694 55.83004 0.39608 0.34902 0.30980
v 164.9672 50.97866 59.09949 0.27451 0.26275 0.23922
v 168.9788 49.86078 63.57933 0.32549 0.28235 0.27059
v 171.2567 38.31567 45.62964 0.44706 0.39608 0.36078
v 169.8126 36.77294 45.2693 0.53725 0.46275 0.37647
v 168.5397 36.15707 43.80893 0.53333 0.44314 0.35686
v 171.2663 39.47727 44.10637 0.55686 0.47451 0.38039
v 180.0641 -44.32645 -63.19289 0.34510 0.32549 0.29804
v 181.4092 -43.2056 -62.72716 0.52941 0.48627 0.40784
v 181.3865 -44.72869 -61.87505 0.31765 0.30196 0.28235
v 184.3425 -41.97783 -61.98261 0.35294 0.31765 0.29412
v 184.4407 -40.4167 -62.34073 0.38824 0.36471 0.33333
v 183.6952 -40.38496 -63.40557 0.45098 0.41569 0.36078
v 186.152 -34.41209 -62.47577 0.52549 0.46667 0.39216
v 179.9753 -31.02922 -61.67868 0.44314 0.38824 0.34510
v 177.031 -43.66958 -62.58398 0.43922 0.41176 0.36078
v 185.4531 -40.80404 -61.32255 0.38039 0.35294 0.30980
v 184.0342 -41.39384 -58.79574 0.36863 0.33725 0.30588
v 184.8548 -40.35659 -59.67899 0.49412 0.45882 0.40392
v 187.8118 -36.95259 -58.81601 0.34510 0.34510 0.32941
v 187.8039 -37.82845 -62.1969 0.32157 0.30588 0.29412
v 187.8836 -32.36375 -61.81291 0.36471 0.33725 0.32157
v 185.6862 -39.12851 -58.56256 0.38431 0.35294 0.33333
v 188.1585 -37.02944 -57.70625 0.37647 0.35686 0.34510
v 188.0204 -39.69549 -57.94366 0.37255 0.35294 0.32549
v 185.9646 -41.54013 -57.30025 0.31373 0.29412 0.28627
v 187.6384 -35.76162 -51.96445 0.56863 0.49804 0.40392
v 187.847 -38.23305 -54.55496 0.52941 0.46667 0.38824
v 186.4577 -40.79645 -51.96362 0.56863 0.50588 0.41176
v 183.8549 -43.48548 -57.24423 0.42353 0.40000 0.34902
v 180.2614 -44.70412 -59.90057 0.31373 0.29020 0.27843
v 179.0429 -46.01521 -55.94989 0.47059 0.40784 0.34510
v 179.0387 -44.01181 -61.1777 0.36078 0.33725 0.31373
v 178.8641 -46.38759 -58.10244 0.37647 0.34902 0.31765
v 177.4577 -45.88181 -60.08816 0.47451 0.41961 0.36078
v 176.1488 -46.3901 -58.77382 0.36863 0.34902 0.32549
v 184.1902 -46.11893 -51.85627 0.38824 0.37255 0.34510
v 182.0736 -45.95275 -55.55307 0.38824 0.35686 0.32941
v 174.1643 -46.94311 -62.32509 0.34510 0.32941 0.32157
v 168.083 -45.59549 -61.4269 0.35686 0.31765 0.29412
v 167.5267 -42.88834 -61.11179 0.48627 0.42745 0.36078
v 162.3655 -46.49476 -60.12565 0.37255 0.33333 0.31373
v 173.7564 -34.69259 -61.45872 0.48235 0.42745 0.37255
v 169.1172 -20.28792 -59.21643 0.48235 0.41569 0.36078
v 172.949 -10.08243 -56.73504 0.45490 0.40784 0.35686
v 176.4709 -18.05266 -59.35862 0.50980 0.44706 0.37647
v 184.0941 -19.78914 -59.95276 0.39216 0.35294 0.32549
v 187.6651 -12.5599 -57.57088 0.33725 0.32941 0.32941
v 187.7278 -16.94775 -58.82427 0.46667 0.44314 0.39216
v 187.7576 -22.65745 -60.34265 0.32157 0.30196 0.28235
v 187.6779 -30.27349 -61.80697 0.38431 0.34902 0.32157
v 188.0277 -28.84088 -56.9075 0.47059 0.42353 0.37647
v 187.7149 -31.2113 -57.72113 0.56078 0.48627 0.40000
v 187.9694 -33.02226 -56.40458 0.45490 0.39608 0.37647
v 188.1539 -31.71806 -54.09938 0.40000 0.37647 0.35294
v 185.8191 -30.45216 -55.7358 0.58431 0.48627 0.37255
v 185.9687 -32.04237 -54.87856 0.52157 0.43137 0.36471
v 186.6518 -24.04965 -51.4286 0.57647 0.50196 0.40784
v 185.7988 -27.306 -55.15481 0.56471 0.46275 0.38039
v 187.8021 -8.452385 -56.35739 0.28235 0.23922 0.21176
v 173.0063 -0.4463341 -53.53701 0.44314 0.39216 0.34118
v 167.8789 -32.32211 -60.37871 0.50196 0.44314 0.36078
v 165.8468 -27.40104 -59.71217 0.51765 0.45490 0.38824
v 186.0344 -39.41472 -63.1501 0.34510 0.32549 0.30980
v 187.41 -35.77564 -62.67338 0.35686 0.32157 0.30588
v 175.496 -44.37058 -44.37762 0.38824 0.38039 0.35686
v 178.1596 -44.49401 -46.32975 0.42745 0.38824 0.35686
v 184.4724 -45.3385 -53.97955 0.48235 0.42745 0.36863
v 181.7492 -45.67802 -50.70726 0.51765 0.44706 0.36471
v 185.6324 -43.62115 -57.48292 0.40784 0.37647 0.33725
v 186.747 -44.10596 -56.83491 0.39608 0.35686 0.32549
v 185.5294 -43.68129 -51.70569 0.53333 0.46667 0.38824
v 161.5689 -39.80576 -59.85682 0.42745 0.38431 0.32549
v 157.8629 -29.47945 -59.46505 0.44314 0.38039 0.32549
v 163.9366 -46.3492 -60.90804 0.33333 0.30588 0.29804
v 164.8496 -48.23561 -59.62848 0.45490 0.40392 0.34118
v 166.9956 -47.53959 -58.24699 0.57647 0.48627 0.38824
v 155.094 -47.32597 -58.54415 0.40000 0.36471 0.32549
v 153.8729 -33.49987 -59.16381 0.49020 0.42353 0.35686
v 155.3402 -49.64803 -57.27586 0.36471 0.32549 0.30588
v 162.1444 -48.07862 -56.65191 0.55686 0.49412 0.39608
v 152.8311 -48.10699 -50.03813 0.59216 0.52941 0.43137
v 167.4811 -45.74884 -48.28709 0.49020 0.46667 0.41176
v 147.6139 -44.75779 -38.92588 0.40000 0.39216 0.35686
v 160.0488 -44.26901 -40.70992 0.37255 0.31373 0.24706
v 158.4836 -41.81956 -40.04057 0.70196 0.68627 0.67059
v 171.5867 -43.20164 -42.71946 0.41176 0.36863 0.31765
v 171.1889 -39.49681 -43.26682 0.41961 0.35686 0.30588
v 161.7233 -38.29328 -41.26185 0.47451 0.41176 0.30196
v 187.8982 -29.7436 -53.48792 0.51373 0.45098 0.37255
v 188.2768 -28.60236 -50.61015 0.40000 0.36863 0.35294
v 185.6652 -28.10368 -52.78723 0.54902 0.47059 0.37647
v 186.9991 -28.17933 -51.54162 0.53725 0.45882 0.36078
v 188.2551 -33.95464 -52.99667 0.54118 0.48235 0.39608
v 187.1671 -34.04452 -51.50556 0.57255 0.49804 0.39608
v 187.2762 -42.07369 -54.88115 0.37647 0.34510 0.31765
v 186.4492 -39.81447 -50.63535 0.46275 0.42353 0.37647
v 187.1873 -33.74026 -49.64282 0.49412 0.45490 0.41176
v 184.251 -42.18603 -49.74418 0.44314 0.41961 0.37647
v 181.465 -44.58514 -47.8283 0.38824 0.35686 0.32941
v 175.8376 -43.15313 -44.18211 0.54510 0.49020 0.39216
v 178.7941 -40.16482 -45.70485 0.54510 0.47843 0.40000
v 179.5765 -31.02132 -44.63297 0.56863 0.50588 0.42745
v 187.294 -26.07347 -47.68295 0.47451 0.41961 0.36471
v 187.8766 -25.35878 -49.91092 0.49020 0.41961 0.38039
v 187.8966 -22.30962 -48.21481 0.46667 0.42745 0.38039
v 186.8305 -19.67901 -45.7747 0.50980 0.44314 0.36863
v 187.1555 -19.22395 -47.72819 0.57647 0.49412 0.39608
v 187.7963 -14.25653 -48.32857 0.50980 0.46275 0.39608
v 186.9926 -10.55859 -44.04305 0.52941 0.45882 0.38039
v 186.6783 -15.60469 -45.92631 0.57255 0.49804 0.39608
v 186.1615 -12.08864 -42.51161 0.44314 0.40000 0.33725
v 186.3633 -4.972133 -39.30772 0.43922 0.37647 0.31765
v 179.51 -22.63064 -42.94184 0.60784 0.52941 0.43137
v 167.88 -33.23336 -42.4308 0.49412 0.45098 0.39608
v 159.6639 -34.55463 -41.32766 0.54902 0.47059 0.38039
v 162.1815 -30.74694 -42.48605 0.54118 0.47451 0.40392
v 170.5409 -28.60845 -43.83193 0.56078 0.49804 0.41569
v 174.4335 -29.3456 -43.39022 0.55294 0.48627 0.40784
v 172.0387 -25.88474 -42.52256 0.60392 0.52157 0.41961
v 175.3252 -21.55461 -42.28359 0.58824 0.50980 0.42353
v 182.9165 -4.357242 -37.64767 0.59608 0.51373 0.41176
v 183.2751 -9.491199 -39.67772 0.41569 0.38039 0.32941
v 177.8653 -3.832784 -36.63068 0.56078 0.49020 0.40392
v 172.0866 -6.731614 -37.49563 0.55686 0.49020 0.43137
v 178.0885 3.575706 -31.94588 0.51373 0.43137 0.35294
v 185.209 0.5022796 -35.44476 0.56471 0.49020 0.38824
v 176.5543 -1.825649 -35.3059 0.59608 0.51373 0.41569
v 187.0215 -6.66843 -41.78925 0.44706 0.39608 0.32549
v 187.418 -6.856501 -55.54325 0.40392 0.40000 0.38431
v 186.8133 7.111615 -47.45282 0.36078 0.31765 0.29804
v 187.1422 -2.806815 -54.52479 0.32941 0.29804 0.27059
v 182.1534 -3.697582 -54.88016 0.42745 0.38431 0.34902
v 161.019 -11.11172 -56.92772 0.47451 0.42353 0.36863
v 181.3752 7.580665 -49.01136 0.40392 0.35294 0.32941
v 185.3387 6.272454 -49.41222 0.34510 0.30980 0.29020
v 186.3451 13.71666 -44.85665 0.27843 0.23922 0.20392
v 185.9745 10.91839 -36.6752 0.54118 0.45490 0.37255
v 186.9191 3.991079 -45.34508 0.49804 0.43922 0.37255
v 185.586 7.832646 -33.58504 0.55686 0.47843 0.37647
v 186.2084 0.393488 -36.552 0.42353 0.36863 0.31765
v 172.5733 9.803165 -27.01203 0.59216 0.51373 0.41176
v 168.9973 4.718574 -30.13298 0.51765 0.44706 0.36863
v 166.8707 -0.4061772 -33.46816 0.55686 0.50196 0.40000
v 165.6458 -2.681455 -35.30769 0.54902 0.47843 0.40392
v 168.3537 -6.067123 -36.5572 0.47451 0.43922 0.38824
v 162.586 3.830545 -31.35941 0.54510 0.48627 0.41176
v 163.3699 8.206444 -27.86112 0.53333 0.47059 0.40000
v 158.5514 2.646998 -31.88658 0.52549 0.47059 0.39216
v 159.0908 10.10519 -27.10838 0.50588 0.46275 0.40000
v 150.9213 9.86458 -27.8603 0.62353 0.53333 0.42353
v 153.6146 6.207915 -30.18416 0.55294 0.50196 0.42353
v 144.763 9.299945 -28.47574 0.61176 0.52157 0.41569
v 148.8268 6.44541 -30.12973 0.59608 0.51373 0.42353
v 153.5844 3.206424 -31.96059 0.56078 0.48627 0.39216
v 147.9183 11.66952 -26.27991 0.58824 0.51373 0.41569
v 162.453 9.595171 -27.59509 0.58431 0.51373 0.41569
v 153.8774 13.30171 -24.57232 0.62353 0.52549 0.41961
v 149.6928 15.48637 -22.45124 0.54510 0.48627 0.40000
v 144.3389 12.05668 -26.32237 0.52157 0.45490 0.38824
v 145.5579 14.43654 -24.35185 0.56078 0.50196 0.43529
v 149.1269 14.01957 -24.01562 0.60000 0.52549 0.41961
v 153.2978 18.70357 -18.65812 0.53333 0.46667 0.38824
v 149.5893 18.02574 -19.74669 0.52549 0.47451 0.39608
v 156.4581 19.4706 -17.96802 0.55686 0.49020 0.40784
v 155.5622 15.70283 -22.20056 0.58039 0.50588 0.41961
v 161.7633 17.1106 -20.63236 0.57255 0.51373 0.41569
v 161.8686 20.17413 -16.90842 0.56471 0.49412 0.40392
v 161.6552 14.24128 -23.50807 0.58039 0.50980 0.41961
v 156.6983 22.51719 -13.89222 0.55686 0.49020 0.41176
v 149.583 21.01235 -16.41135 0.54118 0.48235 0.41176
v 146.2199 23.15974 -13.48651 0.51765 0.45490 0.37647
v 146.9893 19.63877 -18.05677 0.46667 0.43529 0.38039
v 147.5953 25.95232 -9.855902 0.61176 0.52157 0.42745
v 139.4534 24.05503 -13.13458 0.49020 0.44706 0.38824
v 143.0227 21.46907 -16.21306 0.50588 0.45882 0.39608
v 139.3584 21.58524 -16.13794 0.46667 0.43529 0.38824
v 134.7023 20.54079 -18.07889 0.55294 0.49020 0.41569
v 133.8351 22.53864 -15.77674 0.59216 0.50196 0.40784
v 143.7017 24.64725 -11.68879 0.53725 0.48235 0.40000
v 146.8732 27.79855 -6.86038 0.54902 0.49020 0.41569
v 151.1338 24.5778 -10.72463 0.54118 0.47059 0.38039
v 153.4404 21.94563 -14.54411 0.52549 0.47451 0.40000
v 161.3496 21.44494 -14.64081 0.54902 0.46667 0.38039
v 150.0169 -6.125675 -55.85132 0.45098 0.41176 0.34510
v 157.1328 -15.33174 -58.00287 0.47059 0.41569 0.35686
v 142.5541 -38.31278 -57.6338 0.42353 0.37255 0.32157
v 141.5073 -50.00583 -56.03311 0.37647 0.32941 0.29412
v 130.4343 -38.82344 -56.9809 0.43137 0.40000 0.34510
v 114.2256 -26.78903 -58.56267 0.49020 0.42353 0.34902
v 129.1595 -28.61464 -58.30595 0.47059 0.41961 0.34510
v 153.6365 -24.79687 -58.8898 0.46667 0.40000 0.35294
v 159.0012 -17.3425 -58.35444 0.51373 0.44706 0.37647
v 154.3906 -15.62792 -57.96302 0.42745 0.37255 0.34510
v 158.4059 -21.77091 -58.99023 0.46667 0.40392 0.35294
v 143.663 -13.8535 -57.64768 0.45490 0.41176 0.35294
v 150.7883 -14.54265 -57.79312 0.36863 0.34118 0.29804
v 157.4642 0.4933402 -53.7126 0.45490 0.40784 0.35294
v 172.3159 6.531613 -50.1248 0.39608 0.36078 0.31765
v 186.124 18.08604 -41.50809 0.38431 0.36863 0.33333
v 184.4308 13.7867 -25.16729 0.39216 0.35686 0.30980
v 180.0951 8.273847 -28.79739 0.54902 0.47843 0.40392
v 177.8542 14.22679 -23.28734 0.49020 0.41961 0.34118
v 183.3946 20.17052 -19.08777 0.32157 0.28627 0.26275
v 182.9774 17.55534 -21.03675 0.49412 0.43137 0.34902
v 185.8689 13.56768 -36.92817 0.58824 0.49412 0.38431
v 185.3341 18.89048 -32.89552 0.49804 0.42353 0.34510
v 184.7087 19.27045 -41.19124 0.41961 0.38039 0.31765
v 185.5975 23.5183 -36.70502 0.39216 0.37647 0.34118
v 185.0031 25.34402 -30.25284 0.46667 0.41961 0.36078
v 184.5125 32.81701 -27.21517 0.35686 0.33725 0.29804
v 184.8433 27.2208 -33.46389 0.32549 0.29412 0.23922
v 183.8481 35.93948 -22.76213 0.38039 0.34510 0.30980
v 184.7345 27.0747 -28.59876 0.38431 0.33725 0.32157
v 183.9153 30.3423 -22.71825 0.51765 0.45098 0.36863
v 184.5538 24.39426 -28.12937 0.55686 0.48235 0.38039
v 184.0138 25.65325 -29.53015 0.53725 0.45882 0.38039
v 187.416 -10.15726 -51.56174 0.55294 0.47843 0.38039
v 187.9298 -19.79343 -51.45649 0.41961 0.38431 0.34118
v 188.0828 -23.40754 -53.64165 0.45882 0.40784 0.36471
v 171.0184 -8.726947 -37.59374 0.54902 0.48627 0.39608
v 170.3298 -5.533957 -38.04854 0.57647 0.48235 0.37255
v 160.3388 -0.3909554 -33.85889 0.52549 0.47059 0.40000
v 161.7297 -8.139427 -37.66538 0.52549 0.47843 0.40392
v 156.6608 -4.035621 -35.95033 0.58824 0.51373 0.40784
v 155.135 -0.0714289 -33.78867 0.59216 0.51373 0.40784
v 155.332 -9.765366 -37.56509 0.52157 0.45882 0.37647
v 148.169 -7.342483 -37.24008 0.58431 0.49804 0.39216
v 151.2448 1.452198 -32.88497 0.58431 0.50980 0.40784
v 145.4879 3.793487 -31.8917 0.54510 0.49020 0.40392
v 147.4496 0.6376047 -33.55571 0.54902 0.49412 0.41961
v 151.9874 -2.480462 -35.10642 0.48627 0.44314 0.38431
v 142.7699 1.969026 -33.06463 0.51373 0.47451 0.40784
v 141.9587 4.6012 -31.54771 0.58431 0.51765 0.42745
v 145.7569 -1.252377 -34.56324 0.56863 0.49804 0.40784
v 146.811 -4.804768 -36.21556 0.52941 0.49020 0.41569
v 138.8278 1.657613 -33.34319 0.49804 0.45882 0.40784
v 135.9859 4.960301 -31.52883 0.57647 0.51373 0.42353
v 133.373 0.8729267 -33.83927 0.46667 0.43137 0.39216
v 141.4367 -0.3228097 -34.39483 0.55686 0.47843 0.39216
v 143.6235 -2.963815 -35.68345 0.50588 0.45882 0.40392
v 134.0962 -0.5383323 -34.4848 0.54902 0.49412 0.40392
v 136.9283 -0.7780636 -34.42633 0.47451 0.43529 0.39216
v 139.8733 -3.4956 -35.84817 0.58039 0.49020 0.39608
v 134.1183 -3.462045 -35.99753 0.57647 0.50588 0.40000
v 131.0187 -1.390703 -35.08163 0.48235 0.44706 0.39216
v 131.1336 -4.021666 -36.18169 0.49412 0.43137 0.35686
v 134.8566 -7.784763 -37.59308 0.52941 0.49020 0.41176
v 139.2302 -6.793645 -37.3359 0.57255 0.50196 0.41176
v 137.9271 -10.53719 -38.1858 0.48627 0.44706 0.40392
v 129.3768 -9.317161 -37.88634 0.53333 0.47059 0.38039
v 122.8422 -8.057934 -37.69524 0.43922 0.38824 0.34510
v 126.3125 -14.94876 -38.57959 0.50980 0.47843 0.42745
v 127.5489 -18.71187 -38.7118 0.53725 0.48627 0.40000
v 131.8181 -16.25902 -38.58152 0.44314 0.38431 0.32941
v 121.9558 -18.35884 -38.82089 0.54510 0.48627 0.38824
v 125.049 -21.25549 -38.56572 0.50588 0.44706 0.36078
v 129.876 -21.53543 -38.94656 0.50588 0.44314 0.36078
v 121.1333 -24.80547 -38.96725 0.56471 0.48627 0.38824
v 115.1496 -24.88331 -38.838 0.52157 0.46275 0.40392
v 117.2221 -20.8463 -39.05538 0.51373 0.46275 0.39216
v 120.8476 -14.63161 -38.66417 0.52157 0.47059 0.40392
v 119.0637 -18.10169 -38.89841 0.54902 0.49020 0.41569
v 115.725 -17.44278 -39.1476 0.54118 0.47059 0.38431
v 114.0683 -12.53617 -38.92376 0.52941 0.46667 0.40784
v 115.5446 -20.30686 -39.18533 0.55686 0.49804 0.41569
v 112.8485 -22.14193 -39.22176 0.54510 0.47451 0.39216
v 121.9472 -26.97687 -40.39809 0.55686 0.48627 0.41176
v 113.8539 -26.8304 -38.91273 0.54902 0.49020 0.41176
v 116.746 -27.99805 -39.14883 0.45882 0.41961 0.36471
v 115.2241 -31.00856 -39.70444 0.52941 0.48235 0.41961
v 117.8051 -28.67603 -39.88892 0.53725 0.49020 0.42745
v 123.9393 -27.39333 -39.54724 0.51765 0.45882 0.40784
v 121.1565 -29.84848 -38.28924 0.49412 0.43922 0.39216
v 127.7794 -27.51362 -39.18654 0.49412 0.44706 0.37647
v 113.0397 -31.21188 -39.14387 0.52549 0.47843 0.41176
v 111.7986 -30.08558 -38.5853 0.50196 0.45098 0.38039
v 109.9679 -34.87811 -37.7841 0.51765 0.45098 0.37647
v 111.8331 -37.22975 -37.1285 0.53333 0.46275 0.37255
v 105.8584 -39.9427 -36.54497 0.49804 0.43137 0.35294
v 109.329 -42.26232 -35.87544 0.50980 0.43529 0.36863
v 111.0838 -45.16507 -35.52618 0.45490 0.41961 0.38039
v 108.7887 -47.59243 -35.56225 0.33725 0.33333 0.30588
v 113.8019 -40.82669 -36.36184 0.52157 0.45490 0.38431
v 118.3618 -39.50923 -36.80448 0.54902 0.47843 0.39608
v 114.8727 -33.1058 -38.00983 0.51373 0.45098 0.36863
v 125.2955 -33.33108 -38.04713 0.52941 0.47451 0.39216
v 118.1755 -35.09357 -37.52152 0.54510 0.48235 0.39216
v 123.1013 -40.49347 -36.79989 0.55686 0.48235 0.39216
v 120.5273 -46.29918 -36.07905 0.35294 0.32941 0.29412
v 179.7663 -17.5987 -41.68423 0.58431 0.51373 0.41176
v 164.5415 -11.33401 -39.0617 0.51373 0.46275 0.40000
v 167.3665 -7.823365 -39.00616 0.54902 0.47843 0.40000
v 151.3311 -14.09736 -39.52826 0.58431 0.50980 0.41176
v 155.8952 -12.29484 -38.76715 0.50980 0.45490 0.38039
v 157.7822 -12.53626 -40.09841 0.49804 0.45882 0.40784
v 161.1997 -11.04036 -39.76942 0.54902 0.47843 0.39216
v 153.2159 -14.28078 -40.03483 0.56471 0.49020 0.40000
v 153.1606 -16.29692 -39.63931 0.51373 0.46667 0.39216
v 148.7461 -17.48391 -40.52339 0.58431 0.49412 0.38039
v 146.6439 -17.26646 -40.09443 0.58824 0.49020 0.38824
v 148.3827 -15.64223 -39.5221 0.49020 0.43922 0.36471
v 145.6837 -12.762 -38.11165 0.52941 0.47843 0.39608
v 144.5936 -17.14216 -39.54077 0.49804 0.43922 0.36863
v 150.6921 -10.86281 -37.95936 0.49412 0.45882 0.39216
v 145.0248 -9.139346 -38.12575 0.60784 0.50980 0.39608
v 147.4338 -19.25571 -39.79068 0.56471 0.47843 0.38039
v 142.2934 -15.33234 -38.75267 0.55294 0.47451 0.37255
v 140.249 -17.77318 -39.70053 0.50588 0.46667 0.40000
v 136.7377 -13.4884 -38.52505 0.52157 0.45490 0.38039
v 140.9173 -11.80491 -38.21832 0.58824 0.51373 0.40392
v 144.9206 -7.545978 -37.58665 0.58824 0.51373 0.41569
v 166.4408 -7.106388 -37.89878 0.51765 0.46275 0.38431
v 159.4862 -14.01086 -39.34533 0.56863 0.50588 0.42353
v 163.3242 -8.502767 -38.94721 0.56471 0.47843 0.37647
v 166.298 -15.29558 -40.29341 0.54902 0.48235 0.41569
v 170.0814 -13.90166 -40.03276 0.56863 0.50980 0.44314
v 162.9392 -18.73649 -40.47846 0.53333 0.47059 0.40392
v 164.1369 -23.13307 -41.37287 0.54902 0.47843 0.40392
v 140.4329 -22.18021 -39.44031 0.46275 0.41176 0.36078
v 142.2843 -24.38965 -39.91399 0.44706 0.40784 0.36078
v 141.8373 -20.03309 -39.84155 0.52549 0.45882 0.38431
v 137.8664 -20.16939 -40.11174 0.54118 0.48627 0.40784
v 139.2447 -21.82269 -39.90363 0.50980 0.44314 0.38039
v 136.3267 -19.02199 -38.84818 0.49020 0.45098 0.38824
v 126.0238 -24.88011 -40.3611 0.56471 0.50196 0.41176
v 128.7435 -23.28681 -40.63556 0.51765 0.46275 0.40784
v 130.251 -33.5994 -38.36191 0.51765 0.47059 0.40392
v 129.6841 -29.85248 -38.68304 0.49804 0.44706 0.38039
v 129.1657 -25.89182 -39.72635 0.51765 0.44706 0.39608
v 132.7516 -22.37747 -40.34606 0.55686 0.48627 0.41176
v 140.3901 -26.91443 -39.79979 0.54902 0.47451 0.39608
v 145.9266 -29.6829 -39.51566 0.45882 0.41176 0.36471
v 137.2973 -23.50883 -39.69789 0.49412 0.44314 0.37255
v 136.8382 -27.2759 -39.5497 0.48627 0.43137 0.37647
v 133.7136 -26.19116 -39.79716 0.54902 0.47843 0.38824
v 132.1936 -27.75352 -39.4814 0.49412 0.43922 0.39216
v 134.2124 -23.97835 -39.74626 0.47451 0.43922 0.38431
v 129.5717 -37.65457 -37.77806 0.53333 0.46667 0.38824
v 132.6602 -39.33553 -37.83122 0.54510 0.47843 0.37255
v 128.2164 -40.58745 -37.27894 0.49804 0.44314 0.36471
v 113.4137 -46.99029 -35.68389 0.34510 0.32549 0.30196
v 107.0021 -48.59598 -37.317 0.59216 0.50588 0.39216
v 102.4828 -47.85765 -35.28051 0.49412 0.41961 0.33333
v 99.76284 -43.59282 -35.39807 0.46667 0.40392 0.35686
v 94.39799 -47.65356 -35.08587 0.44314 0.37255 0.30588
v 89.41001 -47.7599 -34.8066 0.43137 0.38431 0.32941
v 85.77825 -43.92523 -35.63544 0.49804 0.43922 0.35686
v 96.36909 -42.63651 -35.78849 0.53333 0.46667 0.37255
v 104.3169 -37.79392 -37.24319 0.55294 0.48627 0.40000
v 109.8995 -33.96938 -39.08542 0.58039 0.49412 0.39608
v 105.2312 -35.18239 -39.32128 0.54510 0.48235 0.40392
v 109.8139 -32.2592 -39.24784 0.60000 0.51373 0.41176
v 106.0562 -33.63079 -39.3486 0.56078 0.47843 0.37647
v 106.1241 -32.11391 -38.0522 0.53725 0.47451 0.39216
v 109.763 -28.48979 -39.38638 0.55686 0.48235 0.40000
v 158.671 10.05529 -48.93388 0.42353 0.38431 0.32941
v 148.8235 2.528479 -52.97901 0.42745 0.38431 0.32549
v 142.0396 9.668141 -50.12205 0.52157 0.45098 0.37255
v 149.0563 11.87561 -48.45466 0.43922 0.39216 0.33725
v 177.5394 16.12418 -44.09099 0.38431 0.35686 0.32157
v 183.4892 23.83269 -37.27367 0.40784 0.36078 0.30980
v 141.3339 13.71361 -47.87008 0.47059 0.43529 0.36471
v 154.492 17.38876 -44.55693 0.38824 0.35294 0.32549
v 163.9174 26.96083 -35.64596 0.47059 0.42353 0.36471
v 179.2948 30.78513 -30.30559 0.31765 0.27843 0.25098
v 174.516 33.60167 -27.78974 0.40000 0.36471 0.32157
v 168.3792 30.4191 -31.79634 0.45882 0.40784 0.33333
v 151.6541 29.27895 -34.2706 0.44314 0.39608 0.35686
v 152.5421 33.47069 -29.65788 0.38431 0.34902 0.30196
v 151.204 22.85521 -40.52577 0.34902 0.31765 0.28235
v 142.3345 19.96439 -43.71516 0.42353 0.37647 0.33333
v 135.8169 13.34638 -48.36913 0.51765 0.45882 0.38824
v 137.1689 10.43239 -50.16759 0.37647 0.32941 0.29804
v 139.3063 -2.368078 -55.20555 0.35294 0.31765 0.29412
v 130.0758 6.827008 -51.78342 0.38824 0.35686 0.32157
v 129.9544 -9.263443 -56.95478 0.43529 0.39216 0.34510
v 126.1572 -4.48208 -55.88581 0.40392 0.36863 0.33333
v 133.3197 -17.3668 -58.21642 0.52157 0.45882 0.36863
v 125.777 -11.99149 -57.18117 0.44706 0.39608 0.33333
v 126.2845 -47.24004 -55.33835 0.37647 0.34510 0.31765
v 129.1779 -51.53146 -54.81193 0.31765 0.28627 0.25882
v 126.8728 -54.1962 -53.31735 0.36471 0.34902 0.31765
v 132.9221 -53.43052 -53.66476 0.32941 0.30980 0.28235
v 140.8549 -52.11804 -54.63429 0.36471 0.34902 0.32941
v 135.3989 -45.54716 -37.63668 0.38039 0.36863 0.34902
v 142.9788 -49.5162 -49.28641 0.51373 0.47843 0.41961
v 125.5415 -54.09011 -52.01145 0.30196 0.28235 0.24314
v 124.0329 -53.46612 -52.07934 0.34118 0.31373 0.30196
v 122.3005 -48.65916 -54.83158 0.37255 0.35294 0.33725
v 121.8222 -51.89348 -53.69861 0.36078 0.34118 0.33333
v 118.4652 -50.85907 -54.43359 0.38431 0.35294 0.32549
v 115.1201 -46.50316 -55.38013 0.47843 0.41961 0.34510
v 119.6913 -54.45706 -50.8695 0.34510 0.32941 0.29804
v 118.4568 -53.95253 -51.79805 0.32157 0.29804 0.28627
v 114.6063 -54.81304 -50.16541 0.32941 0.32157 0.31765
v 116.3338 -52.72572 -51.75419 0.37255 0.32157 0.29412
v 114.2743 -51.95527 -52.1214 0.40000 0.36078 0.32157
v 107.8301 -53.91425 -51.25621 0.31373 0.30196 0.28627
v 106.9064 -56.57499 -51.14543 0.29020 0.27451 0.24706
v 111.1061 -54.99435 -49.21645 0.33333 0.31373 0.28627
v 89.27874 -49.40639 -36.00839 0.44314 0.39608 0.34510
v 87.27651 -49.60305 -35.83571 0.40784 0.36471 0.31765
v 92.45942 -50.31469 -37.43307 0.45882 0.40392 0.34510
v 165.0959 15.63543 -45.3744 0.39216 0.35294 0.32941
v 165.933 -30.04898 -42.83076 0.56471 0.49804 0.42353
v 159.5764 -26.15895 -41.35335 0.57255 0.50588 0.41176
v 153.2292 -29.01921 -41.65304 0.57647 0.49412 0.39216
v 155.1781 -31.24071 -41.4819 0.58431 0.49412 0.39608
v 157.3546 -30.87014 -42.0843 0.56078 0.48235 0.39216
v 154.809 -21.45194 -40.42131 0.50588 0.45490 0.38431
v 172.1272 -13.90512 -39.6616 0.57647 0.49020 0.38824
v 181.0462 34.02456 -26.37903 0.30588 0.26275 0.22745
v 179.9647 37.50377 -21.51938 0.43529 0.40392 0.33725
v 169.6228 37.46111 -23.04756 0.35294 0.32157 0.28235
v 164.4091 36.82319 -23.95446 0.50980 0.43529 0.38039
v 165.3156 35.14966 -26.61281 0.33333 0.30588 0.25098
v 176.1246 40.08217 -17.27236 0.50196 0.43922 0.36863
v 141.5551 30.81199 -33.76757 0.33333 0.30196 0.29020
v 148.6191 41.38831 -18.33575 0.28235 0.25882 0.21961
v 143.733 39.98559 -21.06786 0.47059 0.42745 0.35294
v 138.9471 37.63692 -25.2578 0.35294 0.32549 0.28627
v 133.5459 44.61399 -13.92774 0.36863 0.33725 0.30196
v 134.6617 24.29398 -40.57856 0.45882 0.40784 0.33725
v 122.0456 24.99505 -40.84571 0.36471 0.32157 0.29412
v 132.2098 31.77305 -33.52437 0.43529 0.38824 0.33725
v 121.4997 37.37271 -28.01783 0.34510 0.30980 0.27843
v 121.9034 35.66 -29.99357 0.36471 0.34118 0.31765
v 126.4086 40.45585 -22.68153 0.40000 0.35294 0.30588
v 121.2771 29.65352 -36.1377 0.33725 0.31373 0.27451
v 126.421 27.96206 -37.96881 0.45490 0.40392 0.35686
v 138.4847 8.164541 -51.3915 0.44706 0.39608 0.35686
v 121.4749 9.500227 -50.78797 0.46275 0.41176 0.34510
v 130.6595 12.9809 -49.04181 0.39216 0.36471 0.34118
v 118.9981 -12.58765 -57.97412 0.45490 0.40000 0.33725
v 125.1611 -19.01237 -58.3337 0.49020 0.43529 0.36471
v 97.65188 -21.18288 -58.80108 0.42745 0.38824 0.33725
v 111.6627 -9.85398 -57.82012 0.43529 0.38431 0.33333
v 119.5379 2.30714 -54.31638 0.38039 0.33725 0.30196
v 99.7363 -38.46435 -57.15168 0.49020 0.42745 0.34902
v 101.3169 -12.12564 -57.90078 0.50196 0.43922 0.36863
v 107.7919 5.520712 -53.75796 0.36471 0.32941 0.28627
v 92.68856 -4.910366 -57.48888 0.38824 0.34118 0.30588
v 80.55678 -12.60719 -59.1453 0.34510 0.30980 0.27451
v 110.5936 -49.27792 -54.29977 0.38039 0.35686 0.32941
v 109.3232 -49.4758 -53.2279 0.46667 0.42353 0.37647
v 111.2541 -51.86319 -53.01575 0.42745 0.37255 0.30980
v 105.7105 -49.53491 -53.22033 0.41961 0.40000 0.37255
v 103.341 -49.44295 -54.04406 0.34902 0.33333 0.31373
v 100.3164 -57.00501 -50.2469 0.50980 0.45490 0.39608
v 96.26782 -48.58532 -35.27664 0.44706 0.40392 0.35686
v 108.6263 -55.52804 -49.43596 0.36471 0.34902 0.32157
v 96.95992 -57.53795 -49.87853 0.43529 0.43137 0.40000
v 87.88536 -56.05251 -51.83024 0.45098 0.40000 0.36078
v 104.7677 -54.31811 -52.63054 0.30196 0.28235 0.26275
v 91.45335 -58.49606 -49.57332 0.35294 0.34118 0.32549
v 73.63203 -56.79394 -51.1791 0.45490 0.40000 0.32549
v 79.28542 -51.1076 -53.7588 0.45490 0.40000 0.35294
v 91.84238 -48.85776 -54.04131 0.50196 0.43137 0.35686
v 90.31706 -41.13576 -56.5656 0.41961 0.38039 0.33333
v 92.63419 -31.68549 -58.08799 0.50980 0.44706 0.35686
v 82.76618 -43.62351 -56.37025 0.46667 0.41176 0.35294
v 69.81524 -48.31439 -54.21688 0.49020 0.43529 0.37255
v 70.13739 -41.9567 -56.08637 0.45882 0.41176 0.34510
v 80.83762 -59.5704 -49.07597 0.36471 0.33333 0.30196
v 66.86946 -60.43879 -47.57398 0.38039 0.36078 0.33725
v 61.32013 -54.31834 -51.18463 0.54118 0.47059 0.38431
v 58.04465 -46.76817 -54.76665 0.50196 0.44314 0.36471
v 62.31492 -45.08363 -55.07982 0.52157 0.45882 0.38039
v 52.37174 -36.60147 -57.5308 0.42745 0.38039 0.32941
v 60.23004 -28.82519 -58.07962 0.44314 0.38824 0.34118
v 71.25589 -25.55137 -58.38236 0.47451 0.41176 0.34902
v 63.34775 -21.4148 -58.48672 0.40784 0.37255 0.33333
v 66.27337 -16.59768 -58.98385 0.38824 0.34510 0.30588
v 72.66563 -2.961259 -57.62163 0.38431 0.34510 0.29804
v 76.66428 -5.454271 -58.09283 0.30980 0.29412 0.27451
v 64.45841 3.986044 -55.30853 0.42745 0.36471 0.30196
v 73.38844 1.374181 -56.37295 0.32157 0.29412 0.28235
v 74.4665 -21.63515 -58.65813 0.47451 0.41961 0.35294
v 76.22671 -21.44918 -59.19606 0.38824 0.35294 0.30196
v 70.73268 -15.7779 -59.21074 0.38824 0.34902 0.30196
v 90.33611 -14.10732 -58.61523 0.42745 0.38824 0.32549
v 178.561 20.95464 -15.78175 0.40392 0.37647 0.34118
v 169.2599 18.39044 -18.35903 0.55686 0.48235 0.39216
v 173.5843 26.76412 -6.483686 0.47843 0.41961 0.34118
v 177.6733 24.09699 -12.09482 0.58431 0.49020 0.38039
v 181.4832 26.35298 -10.24378 0.38824 0.35686 0.30196
v 181.1561 33.67991 -5.441501 0.50980 0.45882 0.39216
v 180.5021 30.02868 -4.112667 0.52941 0.46275 0.36078
v 180.4175 35.0578 -0.2839772 0.51373 0.43529 0.35294
v 182.2836 23.28691 -14.40066 0.33333 0.29412 0.26275
v 183.0716 28.2261 -17.64736 0.52549 0.45098 0.38039
v 183.2536 31.70517 -20.17848 0.57647 0.49020 0.39608
v 182.5804 31.54159 -13.86166 0.52941 0.47451 0.40784
v 181.2737 39.47063 -4.757621 0.51373 0.44706 0.37647
v 181.2297 41.91052 -2.79473 0.45882 0.38824 0.33725
v 182.0161 42.31937 -9.777646 0.29804 0.26275 0.24314
v 182.7882 39.95679 -15.71822 0.31765 0.27843 0.24706
v 156.504 -38.27746 -40.59814 0.45098 0.38824 0.34902
v 151.915 -40.13248 -39.42297 0.40000 0.33333 0.26275
v 151.2424 -37.38412 -39.44445 0.40784 0.33333 0.26667
v 137.955 -41.90406 -37.764 0.44706 0.41961 0.36863
v 136.9065 -37.46442 -38.39908 0.54118 0.48235 0.38431
v 134.8428 -37.15495 -38.29854 0.50980 0.44706 0.37647
v 135.3197 -31.5444 -38.65439 0.48235 0.43922 0.38824
v 141.4853 -40.85321 -38.34719 0.55294 0.49412 0.38431
v 139.588 -38.09934 -38.53008 0.44314 0.38431 0.31373
v 140.0125 -44.80827 -37.9182 0.38039 0.34510 0.32157
v 155.0808 -35.11082 -40.62675 0.47843 0.41176 0.34118
v 147.8915 -26.01859 -40.12847 0.53333 0.47059 0.39216
v 149.8765 -28.40101 -40.90729 0.55294 0.48235 0.40000
v 145.4215 -37.19676 -38.7468 0.40000 0.34902 0.24706
v 140.7962 -35.05091 -38.54936 0.57647 0.49412 0.38039
v 145.5252 -39.96124 -38.77643 0.38824 0.32941 0.25490
v 142.9276 -35.90729 -38.81277 0.54510 0.47451 0.36863
v 151.441 -32.42075 -40.10845 0.49804 0.44706 0.36863
v 121.8899 -50.35878 -43.4686 0.43529 0.41961 0.40784
v 114.075 -50.59562 -53.85062 0.40784 0.39608 0.35294
v 96.14602 -39.02909 -37.23519 0.53725 0.46667 0.38039
v 97.2001 -36.95562 -39.00711 0.53333 0.46275 0.38824
v 94.06607 -35.83349 -38.99418 0.55294 0.48235 0.38039
v 99.10999 -34.49088 -38.38529 0.50196 0.44706 0.37647
v 92.4054 -34.64502 -38.20229 0.47843 0.41569 0.37647
v 96.68178 -30.87411 -39.02749 0.49412 0.45098 0.39216
v 91.48728 -36.849 -38.76616 0.50980 0.45098 0.37255
v 90.88275 -43.049 -35.72704 0.54118 0.45490 0.36471
v 93.47287 -37.34283 -39.35363 0.50196 0.43922 0.38039
v 91.18651 -40.14905 -37.32789 0.50588 0.43922 0.36863
v 89.17704 -36.78604 -38.23525 0.52549 0.45490 0.38824
v 88.00003 -40.2565 -37.52103 0.52941 0.45882 0.37647
v 86.18652 -40.07958 -37.71972 0.52941 0.46275 0.37647
v 89.82105 -33.54232 -39.40665 0.49804 0.44706 0.37647
v 93.05804 -32.85953 -38.9854 0.52941 0.46275 0.38431
v 89.07649 -31.14003 -39.13723 0.52549 0.47059 0.40784
v 88.4185 -29.19135 -39.57076 0.51373 0.44314 0.36471
v 86.23903 -34.71041 -39.78995 0.52549 0.46275 0.38824
v 84.9816 -32.42107 -39.05705 0.53725 0.47451 0.40000
v 92.11405 -28.47682 -39.16 0.54118 0.47059 0.38431
v 96.038 -29.54454 -39.06147 0.49020 0.45490 0.40000
v 94.07597 -25.87011 -39.38406 0.52941 0.47059 0.39216
v 100.7391 -35.92324 -38.91515 0.52549 0.45882 0.39608
v 103.0689 -32.64385 -38.18696 0.49412 0.43922 0.37647
v 103.1829 -34.38068 -39.1516 0.56471 0.49412 0.39608
v 102.4682 -29.61387 -39.04366 0.50980 0.45490 0.38824
v 104.5367 -29.90511 -39.25986 0.54902 0.49412 0.41961
v 99.52079 -31.94987 -38.88239 0.52157 0.44706 0.39216
v 99.49548 -29.88053 -38.96238 0.50196 0.45882 0.40392
v 107.836 -28.21277 -38.72986 0.50196 0.44706 0.37647
v 103.7449 -26.67711 -39.04263 0.47451 0.44314 0.38431
v 102.2161 -24.47729 -39.33596 0.56471 0.49020 0.40000
v 97.50026 -25.8638 -39.25403 0.50980 0.45490 0.40000
v 97.38994 -23.64778 -39.46166 0.48627 0.44314 0.38824
v 90.56044 -25.009 -39.59874 0.53333 0.46667 0.38431
v 88.22694 -27.14968 -39.64894 0.51373 0.46667 0.40392
v 84.92997 -30.41253 -39.41579 0.50980 0.44706 0.38824
v 84.31147 -25.94572 -40.00892 0.55686 0.48235 0.38431
v 83.25262 -27.67652 -39.95379 0.54902 0.47843 0.38431
v 88.15334 -23.97334 -39.86618 0.52157 0.44706 0.36863
v 86.88433 -23.78358 -40.12787 0.53333 0.47059 0.38824
v 86.16015 -22.01714 -40.47599 0.57255 0.50196 0.40784
v 87.97349 -21.0128 -40.2289 0.52157 0.45882 0.38431
v 84.4861 -23.32364 -40.34472 0.53333 0.47451 0.39216
v 80.52976 -25.99375 -40.21128 0.51765 0.44314 0.36078
v 80.99077 -23.45963 -40.4076 0.53333 0.45882 0.37255
v 86.36243 -19.02655 -40.19443 0.53725 0.48627 0.40000
v 84.97229 -20.89033 -40.38106 0.54510 0.47059 0.38039
v 77.07824 -20.13337 -40.74403 0.53725 0.47059 0.38824
v 78.32786 -23.61692 -40.4457 0.56078 0.48235 0.39216
v 76.40286 -23.45775 -40.44416 0.49412 0.44706 0.40000
v 82.29901 -31.96023 -39.72904 0.49804 0.43529 0.37255
v 75.93998 -26.27614 -40.05485 0.51373 0.45882 0.39216
v 77.63713 -29.3087 -39.72588 0.55294 0.49020 0.40000
v 73.86376 -25.4001 -40.40237 0.51373 0.47059 0.41176
v 73.85997 -28.8797 -40.06947 0.52941 0.45490 0.38039
v 70.91592 -27.87172 -40.26745 0.53725 0.47059 0.40392
v 74.25648 -20.97439 -40.82665 0.52549 0.48235 0.40784
v 71.22859 -23.82997 -40.64942 0.46667 0.42353 0.36863
v 70.08363 -21.24981 -40.91284 0.50980 0.45882 0.39216
v 72.85357 -16.29966 -41.06021 0.53333 0.47451 0.40392
v 73.21235 -13.73247 -40.95477 0.53333 0.46667 0.38824
v 75.51964 -13.59682 -40.76908 0.58431 0.50196 0.39216
v 79.65363 -15.89877 -40.50822 0.54510 0.49020 0.43137
v 76.11023 -15.85893 -40.85549 0.58824 0.50588 0.40392
v 78.24712 -13.05835 -40.57359 0.56078 0.50588 0.42353
v 126.4457 -16.97588 -57.91252 0.49804 0.43137 0.35686
v 90.02564 3.600484 -55.27356 0.35686 0.32941 0.29804
v 83.3045 -4.073063 -57.59846 0.38824 0.34902 0.31765
v 147.4995 -21.9008 -39.87505 0.55294 0.47843 0.39216
v 148.8132 -2.92088 -35.40549 0.50196 0.45490 0.38431
v -146.6686 -20.13563 -59.32342 0.44706 0.38824 0.31765
v -137.3165 -27.04797 -59.90226 0.37255 0.32941 0.28627
v -157.5186 -26.32771 -60.15113 0.32549 0.29020 0.27451
v -154.7114 -43.44385 -59.08002 0.45098 0.40392 0.34510
v -144.5062 -54.80915 -57.42086 0.53725 0.48235 0.38431
v -147.907 -41.85216 -59.95101 0.49020 0.42353 0.35294
v -139.3711 -40.80195 -59.88887 0.49020 0.42353 0.34118
v -139.6464 -32.6422 -60.47694 0.47059 0.40000 0.32549
v -164.7548 -53.45182 -56.90842 0.47843 0.44314 0.38431
v -158.0106 -48.46203 -58.75328 0.38039 0.35686 0.31765
v -163.6906 -33.55106 -60.04175 0.34510 0.31373 0.29412
v -157.8855 -16.47758 -58.44535 0.37255 0.33333 0.30196
v -169.9878 -23.63434 -58.98159 0.33333 0.29804 0.26667
v -174.5002 -37.01282 -59.50647 0.41569 0.36863 0.32941
v -175.686 -27.71581 -59.3287 0.34510 0.30980 0.29020
v -178.2788 -19.31613 -57.10505 0.29804 0.29412 0.26275
v -186.4458 -30.53589 -58.51118 0.40000 0.35294 0.31765
v -186.739 -35.91584 -58.86267 0.41176 0.36471 0.32549
v -189.3173 -32.66529 -58.38563 0.32941 0.29412 0.27451
v -187.7244 -27.36228 -58.9308 0.33725 0.30588 0.30196
v -189.4523 -30.59206 -58.35971 0.32157 0.30196 0.29020
v -187.1209 -27.03391 -58.02794 0.45490 0.40392 0.33725
v -192.4097 -30.18931 -56.74539 0.35686 0.31373 0.30196
v -185.3043 -43.03884 -58.844 0.40392 0.35686 0.30196
v -178.1546 -33.51479 -59.62351 0.37647 0.33725 0.29412
v -169.0483 -43.11977 -58.55018 0.42745 0.39216 0.34118
v -146.6298 -37.9136 -60.19372 0.43529 0.39608 0.32549
v -149.08 -55.36393 -56.91115 0.51765 0.45882 0.38039
v -137.3462 -56.49813 -56.53202 0.48235 0.43137 0.36471
v -140.4268 -61.15461 -54.82471 0.42353 0.39608 0.36078
v -135.7882 -64.53906 -53.15096 0.55294 0.48627 0.37647
v -133.4967 -65.87446 -52.54885 0.49412 0.42745 0.35294
v -144.7792 -62.88247 -54.3254 0.52941 0.46275 0.37255
v -138.8569 -66.13179 -52.53505 0.52549 0.46667 0.38039
v -135.5334 -70.01668 -50.09201 0.53333 0.46275 0.37255
v -140.6438 -71.8663 -49.26122 0.50588 0.45098 0.38824
v -131.7301 -75.29552 -46.32601 0.51373 0.45490 0.39608
v -140.8567 -76.48223 -45.95935 0.45490 0.41569 0.36078
v -147.8363 -71.12313 -49.9673 0.47059 0.42745 0.37647
v -155.9474 -59.29593 -56.02835 0.47059 0.42745 0.36863
v -155.9357 -70.75771 -50.21535 0.57647 0.50196 0.39608
v -123.3955 -37.01836 -60.24447 0.41961 0.37255 0.31373
v -138.734 -48.79133 -58.56967 0.58824 0.49804 0.38039
v -128.7416 -49.5054 -58.52862 0.43529 0.39216 0.32941
v -116.8151 -43.04678 -59.45063 0.34902 0.32157 0.29020
v -114.6653 -53.88522 -57.00227 0.42745 0.39608 0.35686
v -138.7857 -14.15066 -57.35038 0.40784 0.35686 0.31765
v -150.7238 -15.55642 -58.12478 0.48235 0.41569 0.35686
v -128.8487 -26.43615 -59.86363 0.32941 0.29804 0.26667
v -132.0149 -14.19735 -57.28361 0.38039 0.34118 0.29412
v -131.6718 -3.315528 -52.78588 0.32549 0.29804 0.26275
v -123.3423 -11.26474 -56.01741 0.35294 0.30980 0.29020
v -115.5417 1.721612 -50.08365 0.37255 0.33725 0.30980
v -144.0423 -4.791935 -53.53106 0.32549 0.30196 0.27451
v -149.124 -9.206694 -55.69888 0.36471 0.32549 0.28235
v -167.3233 -16.96193 -57.4065 0.35686 0.30980 0.27059
v -190.0794 -19.83867 -55.27915 0.31765 0.29020 0.26667
v -191.8442 -26.90685 -56.96417 0.30588 0.28235 0.27843
v -192.0874 -34.80117 -57.92069 0.30980 0.28235 0.25882
v -194.351 -29.67765 -56.16057 0.28627 0.27451 0.24314
v -194.5382 -33.35833 -56.13015 0.26275 0.23137 0.18824
v -194.7675 -37.89663 -52.60205 0.33333 0.29804 0.28235
v -181.3036 -45.25326 -58.58288 0.48235 0.41569 0.34118
v -164.9887 -68.40811 -51.26438 0.52549 0.46275 0.38431
v -165.5919 -63.76067 -53.34031 0.52941 0.46275 0.37255
v -161.2671 -76.01623 -46.1995 0.48627 0.43922 0.37647
v -170.1107 -58.13666 -55.53771 0.44314 0.37255 0.34510
v -174.8631 -65.39897 -53.0965 0.42745 0.37647 0.32941
v -173.473 -74.56345 -48.01122 0.47451 0.43137 0.36471
v -143.1344 -77.73485 -43.95715 0.39608 0.36471 0.34118
v -159.178 -77.76186 -43.37327 0.35686 0.32549 0.29412
v -183.1388 -78.25613 -42.46705 0.38039 0.35294 0.32549
v -180.7315 -75.42205 -45.791 0.59216 0.50980 0.40392
v -185.6496 -75.99931 -44.68644 0.45098 0.40784 0.35686
v -169.834 -78.11138 -43.60087 0.41569 0.39216 0.36078
v -165.8214 -71.89382 -37.73603 0.37255 0.35294 0.31765
v -167.2903 -73.05274 -38.51242 0.39608 0.36471 0.33725
v -157.3352 -72.12291 -38.39709 0.54510 0.48627 0.40392
v -150.265 -72.23184 -38.57473 0.54902 0.47843 0.38039
v -148.5486 -67.66093 -41.02021 0.53333 0.46275 0.39216
v -139.4101 -72.18304 -38.89188 0.32157 0.30196 0.29412
v -137.1866 -77.40426 -43.77656 0.33333 0.31373 0.28235
v -130.3754 -76.97051 -43.68158 0.35294 0.35686 0.33725
v -126.9434 -76.83057 -43.96889 0.56471 0.49020 0.40000
v -115.4725 -65.40067 -52.09566 0.47843 0.43137 0.37647
v -122.2161 -74.42226 -46.36021 0.43529 0.39216 0.35294
v -122.7289 -76.51572 -43.66915 0.32941 0.32549 0.32157
v -122.4914 -70.7946 -38.58382 0.35686 0.33725 0.31373
v -117.3637 -76.29004 -43.65847 0.34118 0.32549 0.32549
v -119.6937 -66.55976 -40.04388 0.49412 0.43922 0.38039
v -144.8138 -67.02762 -41.28534 0.50588 0.43922 0.37255
v -142.0587 -66.45051 -41.59297 0.49804 0.43529 0.38431
v -138.8006 -64.80721 -42.42132 0.47843 0.41961 0.37647
v -128.9335 -63.59569 -42.29393 0.52157 0.45098 0.38824
v -134.3171 -63.85263 -42.56249 0.51373 0.44706 0.38431
v -127.4118 -61.90232 -42.9539 0.50980 0.45490 0.38824
v -129.6302 -60.73829 -43.79215 0.53725 0.46275 0.37255
v -105.7675 -62.6471 -41.39224 0.48627 0.41961 0.35686
v -112.7472 -69.57546 -49.29099 0.44706 0.40392 0.36471
v -124.8524 -61.11465 -54.53221 0.52941 0.45882 0.37255
v -101.0297 -72.83165 -46.3031 0.41569 0.38431 0.34902
v -100.5295 -74.2001 -42.86037 0.38039 0.35294 0.32157
v -95.99997 -74.28729 -43.83011 0.32549 0.31765 0.29804
v -105.3052 -75.21903 -43.47543 0.37255 0.35294 0.34118
v -108.8149 -75.4908 -43.33177 0.52941 0.49804 0.42353
v -106.6687 -63.39735 -52.64003 0.42745 0.39608 0.36078
v -100.1573 -59.34284 -54.30653 0.42353 0.40000 0.36471
v -91.0057 -68.29977 -49.49132 0.48627 0.43529 0.38039
v -107.3589 -52.39008 -57.18731 0.41961 0.38431 0.34510
v -97.02383 -46.27766 -58.25767 0.49020 0.43529 0.37647
v -117.0188 -22.54736 -58.90564 0.40784 0.36078 0.31765
v -105.2824 -37.86093 -59.54559 0.48235 0.40784 0.34118
v -112.2734 -30.77578 -59.69397 0.41569 0.38431 0.32941
v -112.8488 -23.06825 -58.84391 0.38824 0.33725 0.28235
v -108.4549 -15.55207 -57.23869 0.37255 0.32549 0.27843
v -116.1683 -6.867756 -54.13075 0.40000 0.35686 0.30196
v -108.151 -6.519131 -54.19871 0.30588 0.27451 0.26667
v -104.5125 4.035836 -49.01446 0.34118 0.30196 0.27843
v -102.7326 11.18281 -44.07925 0.47843 0.42353 0.35686
v -133.4885 2.225569 -49.53357 0.35294 0.32549 0.30588
v -152.9429 -3.50748 -52.21735 0.34118 0.30196 0.27451
v -156.3981 3.276503 -46.68455 0.42745 0.38824 0.33725
v -148.0789 4.599051 -47.13223 0.40000 0.36471 0.30588
v -155.2194 7.981822 -43.21099 0.41569 0.37647 0.33725
v -102.6615 -69.68782 -37.89103 0.49804 0.44314 0.38039
v -95.42673 -64.049 -39.6994 0.44706 0.40784 0.37647
v -95.34265 -69.34759 -37.91598 0.39608 0.37255 0.32941
v -108.5144 -62.79931 -41.33055 0.48627 0.41569 0.36078
v -111.9841 -61.64299 -42.36231 0.49804 0.43137 0.35686
v -113.8636 -63.85713 -40.7856 0.49804 0.43137 0.38824
v -112.0044 -57.62953 -44.70313 0.51373 0.44706 0.36863
v -114.762 -54.50635 -46.14601 0.48235 0.43137 0.37647
v -114.648 -57.22542 -44.91813 0.48235 0.43137 0.36863
v -118.0011 -53.74311 -46.81684 0.50980 0.43922 0.37647
v -120.714 -54.8951 -46.20668 0.51765 0.45098 0.39216
v -117.9643 -56.54789 -45.43342 0.52941 0.46667 0.39216
v -114.8337 -52.5207 -46.98028 0.50588 0.43922 0.36471
v -108.1361 -56.10551 -45.2613 0.47059 0.42353 0.37255
v -111.6746 -53.60284 -46.37007 0.49804 0.44314 0.39216
v -117.7456 -49.47854 -47.90815 0.51373 0.44706 0.38039
v -109.9368 -51.57332 -47.17235 0.50196 0.43529 0.37647
v -112.3222 -51.32168 -47.27041 0.47843 0.43922 0.38824
v -106.0014 -54.07088 -45.94385 0.46667 0.42353 0.37255
v -106.2293 -56.36785 -45.11702 0.48627 0.43137 0.37255
v -111.2025 -59.50799 -43.64543 0.45098 0.40000 0.36471
v -108.8361 -58.71649 -43.9448 0.47843 0.41569 0.36078
v -108.5152 -60.60135 -42.86801 0.48235 0.42353 0.36078
v -105.8128 -59.32983 -43.46812 0.49020 0.42353 0.36863
v -90.20298 -74.09777 -43.54134 0.39216 0.36078 0.32549
v -90.27334 -25.74516 -59.75246 0.38039 0.33725 0.29412
v -84.98587 -30.53122 -59.86945 0.40784 0.36078 0.31373
v -94.66975 -35.09676 -59.78799 0.39216 0.36471 0.32549
v -85.56057 -41.25996 -58.67148 0.41176 0.38039 0.32549
v -103.2762 -25.04761 -59.0554 0.39216 0.34510 0.29020
v -102.2559 -1.304297 -52.09975 0.30980 0.28235 0.26275
v -93.86326 -15.22018 -57.91389 0.36078 0.32157 0.27843
v -85.38811 -14.70057 -58.13786 0.40784 0.36078 0.30588
v -74.79873 -27.63885 -60.12467 0.45882 0.41569 0.36471
v -73.46855 -37.93598 -59.04649 0.45882 0.40000 0.33333
v -55.44585 -36.16584 -58.87956 0.47059 0.41176 0.34118
v -85.91541 -52.247 -56.41622 0.47059 0.43137 0.36471
v -79.5443 -69.30762 -48.30572 0.37647 0.35686 0.34902
v -82.09257 -72.75137 -44.05214 0.47843 0.45098 0.40392
v -71.34947 -69.65303 -48.42296 0.43529 0.40392 0.36863
v -78.61249 -64.70453 -51.04929 0.45882 0.41961 0.37647
v -77.3015 -45.23287 -57.92571 0.51765 0.45882 0.36471
v -62.49175 -59.77529 -52.85416 0.53333 0.45882 0.36471
v -61.21795 -50.11241 -56.42048 0.49804 0.43529 0.36078
v -77.9909 -17.9752 -59.08988 0.37647 0.32549 0.27843
v -69.5147 -31.43177 -59.69656 0.43922 0.39216 0.33725
v -162.6718 -12.08076 -56.36661 0.35294 0.31765 0.27843
v -182.1581 -10.80406 -52.59513 0.37255 0.33725 0.29412
v -186.993 -5.185382 -47.75224 0.41961 0.37255 0.32941
v -194.0201 -15.2254 -52.07336 0.26275 0.24706 0.20784
v -193.3638 -22.87232 -55.33604 0.32941 0.30196 0.29804
v -194.5198 -24.65185 -54.53121 0.32157 0.29412 0.23529
v -119.1593 -40.98156 -59.72118 0.47843 0.41569 0.34902
v -166.8183 -9.465293 -54.20618 0.36471 0.33333 0.30196
v -174.7347 -4.746338 -50.04649 0.34510 0.30980 0.29020
v -174.6854 5.792804 -40.68765 0.41961 0.36863 0.32157
v -162.4685 -0.8870358 -49.63299 0.52941 0.45098 0.39216
v -177.331 -11.59937 -53.91887 0.38824 0.34510 0.30196
v -170.7145 -0.537072 -47.59655 0.35686 0.32157 0.29804
v -181.416 -5.337182 -49.12061 0.29020 0.28627 0.26275
v -182.9803 -0.1816817 -44.67865 0.42353 0.37255 0.33333
v -179.2537 6.858238 -38.3075 0.46667 0.41569 0.35686
v -170.2292 10.27279 -37.04134 0.40000 0.34902 0.30980
v -191.312 -1.668473 -43.09208 0.39216 0.35686 0.30588
v -196.3679 -2.838185 -41.43042 0.29804 0.27059 0.24314
v -161.5457 14.575 -33.10561 0.49020 0.43529 0.38039
v -167.8045 14.45733 -30.66438 0.54510 0.47843 0.40000
v -164.754 15.52264 -29.9329 0.50588 0.45490 0.38824
v -168.6799 15.40774 -27.85831 0.48235 0.42353 0.34510
v -159.2278 11.39375 -38.36882 0.44706 0.40784 0.34510
v -152.3151 16.57139 -33.66595 0.48627 0.42745 0.37255
v -163.9577 7.308812 -42.10603 0.47059 0.41569 0.35294
v -149.5977 9.603156 -42.36882 0.51373 0.44314 0.37647
v -151.8855 19.67727 -28.32408 0.59216 0.51765 0.43137
v -161.3522 19.31162 -23.20184 0.44314 0.40392 0.36078
v -170.6148 17.17738 -21.8399 0.37255 0.33333 0.29412
v -162.8196 21.20172 -15.17356 0.53725 0.47451 0.39216
v -140.5419 22.2859 -28.40403 0.55686 0.49020 0.40000
v -145.5545 23.94468 -23.22828 0.43137 0.39608 0.34118
v -158.669 22.48491 -15.77862 0.47059 0.42745 0.36471
v -152.268 24.72968 -15.86428 0.43922 0.40000 0.36863
v -148.9795 27.71976 -8.701709 0.35686 0.32157 0.28627
v -167.4208 21.11845 -8.35346 0.46667 0.41961 0.35294
v -176.2286 11.87276 -31.26054 0.51765 0.44706 0.36863
v -176.6931 17.47433 -13.44084 0.45882 0.41176 0.34902
v -185.5045 6.500354 -36.20349 0.40000 0.35686 0.31373
v -180.5468 9.742776 -33.50645 0.46275 0.41176 0.35686
v -187.5532 9.292862 -29.62781 0.43529 0.37255 0.31373
v -195.6008 3.807513 -33.94294 0.34902 0.31373 0.27451
v -197.7117 0.1099782 -35.21836 0.48235 0.41569 0.33333
v -196.8684 -2.249169 -39.33826 0.40000 0.34118 0.29020
v -198.2868 0.2158763 -33.28851 0.33333 0.28235 0.22745
v -193.9002 -6.295484 -45.91121 0.34902 0.32157 0.27451
v -195.8157 -8.281744 -45.61996 0.36078 0.34902 0.32549
v -195.4255 -13.33334 -49.08854 0.42745 0.38431 0.29412
v -195.1934 -17.14378 -50.56892 0.23137 0.20784 0.21176
v -194.1263 -19.7992 -51.93571 0.59216 0.52157 0.41176
v -194.2491 -19.23683 -53.35009 0.36863 0.32157 0.27059
v -194.4995 -25.36294 -48.44233 0.36078 0.34118 0.30196
v -191.5957 -27.47071 -49.44506 0.52549 0.44706 0.36078
v -193.6753 -39.3692 -57.3288 0.32941 0.29412 0.26667
v -192.9727 -45.60779 -56.6574 0.41569 0.37255 0.35686
v -194.0787 -41.40638 -54.67304 0.45098 0.38824 0.33725
v -194.4743 -34.57088 -49.87861 0.34510 0.30980 0.25882
v -191.5491 -18.76741 -45.86316 0.54118 0.47451 0.37255
v -191.9445 -31.33679 -50.29066 0.53333 0.44706 0.36078
v -193.3536 -44.89047 -53.78866 0.44314 0.39608 0.34510
v -193.1832 -39.52205 -52.99708 0.52157 0.46275 0.39608
v -192.4508 -36.42414 -51.28227 0.47059 0.39608 0.34118
v -189.5949 -44.43268 -52.45252 0.56863 0.50196 0.40392
v -179.4266 -51.822 -57.81397 0.43529 0.40392 0.35294
v -185.3287 -45.83073 -58.08715 0.49412 0.43137 0.33333
v -188.4585 -46.24758 -57.44006 0.49020 0.43137 0.34510
v -183.9122 -60.62489 -54.39134 0.52549 0.47451 0.40000
v -187.4001 -67.66011 -50.48629 0.47451 0.42353 0.36863
v -188.5118 -65.31074 -51.31411 0.42745 0.36471 0.30588
v -189.7939 -68.49222 -48.33943 0.41569 0.38039 0.34510
v -185.625 -71.52017 -48.53669 0.53725 0.47451 0.39216
v -182.5936 -72.42196 -48.90885 0.44706 0.40784 0.37255
v -183.7985 -73.67074 -47.67959 0.43922 0.39216 0.35686
v -188.3494 -73.62685 -46.72832 0.43922 0.39608 0.34510
v -189.2932 -71.6308 -47.00538 0.47451 0.42353 0.36471
v -190.8517 -65.12365 -46.60064 0.58039 0.50588 0.40784
v -190.4898 -62.17965 -51.52831 0.41569 0.37647 0.32549
v -191.1804 -59.30622 -51.32617 0.52549 0.47059 0.38431
v -186.983 -56.64836 -54.78045 0.51373 0.45098 0.36863
v -186.6816 -55.15388 -56.24504 0.37255 0.33725 0.29804
v -191.6403 -61.12563 -47.26198 0.55686 0.47843 0.38431
v -190.8492 -66.71454 -42.89165 0.57255 0.49412 0.39608
v -190.5925 -69.08462 -41.38429 0.46667 0.43529 0.39216
v -190.192 -71.82844 -40.33412 0.39216 0.36078 0.32941
v -190.2253 -70.0167 -43.42267 0.57255 0.49804 0.40392
v -190.8996 -65.91307 -39.67065 0.32549 0.30980 0.29020
v -188.4453 -69.70756 -37.9152 0.44706 0.37647 0.32157
v -189.9533 -69.47992 -38.89717 0.47451 0.43137 0.39608
v -189.2313 -72.96365 -38.4287 0.37647 0.35294 0.32549
v -188.1833 -71.60618 -37.92643 0.48235 0.45098 0.39608
v -176.5506 -72.89306 -37.82236 0.38039 0.33725 0.29804
v -182.2283 -76.38042 -39.78779 0.41176 0.36863 0.32941
v -187.7699 -76.00121 -40.70457 0.41176 0.37255 0.32941
v -189.1981 -73.75567 -42.87379 0.44706 0.40392 0.35294
v -185.2464 -77.66745 -41.30041 0.45490 0.41176 0.36471
v -187.1885 -74.45435 -37.85671 0.47843 0.43529 0.40000
v -184.0652 -75.46966 -38.52052 0.46275 0.41961 0.37255
v -168.5513 -70.90008 -39.0517 0.49020 0.41961 0.35294
v -168.4042 -69.20924 -40.79292 0.49804 0.43529 0.37255
v -172.4197 -71.90632 -38.0731 0.37255 0.33725 0.29804
v -181.3986 -71.94804 -36.94474 0.32941 0.28235 0.25098
v -178.8382 -68.57882 -40.87461 0.50588 0.43529 0.38431
v -182.6934 -72.89305 -36.83213 0.52157 0.45490 0.37255
v -147.8063 13.3488 -39.23219 0.43137 0.39216 0.34118
v -139.8945 19.50637 -33.47534 0.38039 0.35686 0.31765
v -132.6236 19.6355 -33.67885 0.47059 0.41569 0.35294
v -131.2117 15.15665 -39.00302 0.45098 0.41569 0.34902
v -140.6807 9.973518 -43.54792 0.38431 0.34510 0.30196
v -121.3485 14.35735 -39.87526 0.35294 0.32941 0.29412
v -123.3893 18.59994 -35.61074 0.43137 0.38431 0.31765
v -122.2423 21.34726 -32.59536 0.36471 0.34902 0.31373
v -132.72 24.87841 -25.71923 0.44314 0.40000 0.35294
v -125.9665 25.73354 -25.20694 0.34902 0.32941 0.28235
v -127.353 30.77785 -14.07625 0.35686 0.33725 0.30588
v -180.1792 14.96083 -19.36758 0.45098 0.41569 0.36078
v -185.6551 12.08146 -24.5617 0.40784 0.37255 0.33333
v -197.3113 7.335174 -25.1681 0.34902 0.29804 0.26275
v -196.9728 10.36313 -15.12191 0.31765 0.27843 0.25098
v -193.6448 11.47137 -11.61163 0.37647 0.34510 0.30980
v -191.049 12.07842 -9.812727 0.46667 0.40784 0.35686
v -202.4013 5.39534 -21.8819 0.36863 0.33333 0.30588
v -202.9779 4.209737 -18.07317 0.31765 0.29412 0.28235
v -201.7867 3.635615 -15.62777 0.35686 0.31765 0.27059
v -201.8753 2.26756 -18.60098 0.49804 0.42745 0.33725
v -202.3571 6.968394 -16.76585 0.34902 0.31373 0.30196
v -198.9596 3.121459 -14.28986 0.41176 0.35294 0.27843
v -200.2826 6.036755 -14.52771 0.37647 0.32157 0.26275
v -195.151 9.297408 -13.1529 0.56863 0.49020 0.40000
v -194.875 4.577572 -13.38138 0.51373 0.43922 0.37255
v -112.8597 17.7629 -37.51106 0.40000 0.35686 0.31373
v -114.3578 11.57732 -42.80911 0.40000 0.35686 0.29412
v -93.96334 5.211859 -49.25337 0.43137 0.37255 0.32941
v -93.33145 -6.492916 -55.16792 0.39216 0.34902 0.29412
v -86.1472 7.897203 -48.4192 0.38431 0.35686 0.30980
v -92.31736 13.96719 -43.21955 0.41176 0.36471 0.30980
v -97.00714 18.53511 -38.40224 0.41176 0.36471 0.31373
v -109.7983 19.74502 -35.4954 0.31373 0.29020 0.26667
v -117.4796 23.30699 -30.28913 0.36471 0.33725 0.30196
v -110.0754 27.50322 -23.97697 0.45490 0.40392 0.35294
v -114.2101 27.50152 -23.41528 0.36471 0.34118 0.31373
v -96.17554 -19.95677 -58.69091 0.44706 0.38039 0.31765
v -90.69032 20.22475 -37.28516 0.41569 0.37255 0.32941
v -85.961 23.55921 -34.14536 0.41961 0.38039 0.33333
v -103.3804 19.07193 -37.04712 0.43529 0.39216 0.33725
v -108.6337 25.23626 -28.20721 0.40000 0.36471 0.33333
v -120.6226 29.32247 -19.08595 0.40000 0.36863 0.32549
v -112.4229 31.24697 -16.58243 0.41176 0.36863 0.33333
v -102.3898 34.21338 -14.054 0.43137 0.38824 0.33333
v -93.03467 32.66536 -19.04515 0.37647 0.34510 0.31373
v -99.12244 29.20737 -23.66287 0.35686 0.32941 0.30588
v -92.63745 27.42489 -27.72218 0.38431 0.34902 0.30980
v -85.04472 37.79602 -10.85134 0.40000 0.36471 0.33725
v -83.60392 32.10818 -21.86331 0.45490 0.40784 0.34118
v -78.98174 36.53732 -14.78771 0.41961 0.38039 0.33725
v -104.0723 38.44083 -2.384445 0.39216 0.35294 0.31373
v -111.0682 33.49577 -12.39432 0.43137 0.38431 0.33333
v -134.4064 29.04553 -15.50156 0.38039 0.35294 0.32157
v -168.6711 21.70377 1.915484 0.45882 0.40392 0.33725
v -168.2267 22.18028 6.649311 0.36863 0.31765 0.29020
v -166.355 22.19668 10.90242 0.39216 0.32941 0.27059
v -162.4047 23.99317 5.095548 0.40784 0.35686 0.30196
v -163.8264 22.32541 16.79067 0.40000 0.35686 0.30588
v -154.5195 27.13306 8.77809 0.40392 0.35686 0.31373
v -159.8626 24.81468 -1.264895 0.49020 0.42745 0.34510
v -142.0622 27.94065 -13.40692 0.43529 0.40000 0.35686
v -148.2712 28.50476 -3.558464 0.33725 0.30196 0.25882
v -114.6844 37.98885 6.182458 0.48235 0.44314 0.40000
v -133.0168 31.93647 -5.601905 0.36863 0.33333 0.27843
v -82.76974 20.43164 -38.01334 0.46275 0.40392 0.34118
v -85.37066 28.83819 -27.09911 0.43529 0.40784 0.37647
v -76.85585 27.28722 -30.76655 0.36471 0.32941 0.29020
v -62.87776 -18.03407 -59.02424 0.41961 0.35686 0.29412
v -73.6938 -54.83313 -55.10208 0.52157 0.43922 0.35294
v -75.85715 -72.83743 -44.86791 0.38431 0.36078 0.34118
v -74.54486 -73.52996 -43.48 0.37647 0.36471 0.33725
v -71.91227 34.38971 -20.45945 0.39216 0.35294 0.32157
v -67.26499 29.33078 -29.61175 0.42353 0.38431 0.34118
v -68.96373 40.34001 -9.442718 0.44314 0.41569 0.34902
v -66.0213 36.22298 -18.30227 0.42745 0.39608 0.36078
v -89.65624 38.99519 -7.051628 0.43922 0.39608 0.34902
v -98.9104 40.509 1.777916 0.36863 0.34118 0.30980
v -93.78428 42.44643 8.222301 0.39608 0.36863 0.32549
v -108.8031 39.67052 11.78947 0.41176 0.36078 0.31373
v -118.2509 34.65255 -5.847637 0.37647 0.33725 0.30196
v -123.0782 35.92466 6.681193 0.56471 0.48627 0.41176
v -120.8282 37.01617 14.76525 0.40000 0.35686 0.32549
v -124.5506 35.94484 20.72708 0.34510 0.32157 0.27843
v -120.5874 34.57036 32.63004 0.45490 0.41569 0.36471
v -133.2214 31.76401 26.88157 0.38431 0.32157 0.25490
v -127.8283 31.81525 33.5854 0.44706 0.38039 0.31373
v -135.1935 29.26004 32.20804 0.45882 0.40000 0.33333
v -121.4418 30.83665 41.8585 0.41569 0.36078 0.29804
v -71.78979 43.02753 -1.899445 0.40392 0.38431 0.34902
v -84.77856 44.17425 9.940333 0.45490 0.42745 0.36471
v -79.73428 46.11429 17.93613 0.38824 0.36471 0.31765
v -101.1979 41.41695 15.71557 0.45882 0.40392 0.34902
v -70.4368 47.18693 14.51224 0.47059 0.42353 0.36471
v -86.07086 44.86559 22.61654 0.45490 0.41961 0.37255
v -85.55363 44.08223 31.52641 0.45490 0.41961 0.36471
v -97.45937 41.66798 24.38642 0.39216 0.36863 0.34118
v -72.02686 46.7291 35.8525 0.38431 0.34118 0.30196
v -68.79125 48.44878 25.57016 0.41176 0.37255 0.32157
v -56.58331 51.11979 26.6919 0.44706 0.40000 0.33333
v -44.52763 53.03387 27.9089 0.43922 0.39608 0.34902
v -46.65362 47.88756 54.05373 0.40784 0.36471 0.32157
v -40.80725 51.00002 47.74721 0.40784 0.36078 0.32549
v -48.69026 50.82938 42.40439 0.43922 0.38431 0.34118
v -53.98368 50.82327 36.90274 0.40000 0.36078 0.31765
v -31.77324 54.5091 37.56324 0.41569 0.37255 0.32157
v -29.32755 53.6834 44.68206 0.47059 0.41176 0.35294
v -19.46084 55.30209 43.62983 0.40392 0.36471 0.32941
v -21.2377 56.16529 33.51368 0.54118 0.47059 0.38824
v -17.95684 55.9597 28.48303 0.51373 0.44706 0.38431
v -33.75222 54.0414 24.36533 0.47059 0.42745 0.37255
v -45.54751 52.6804 34.05013 0.44314 0.38824 0.32549
v -75.79477 44.25812 3.878893 0.41176 0.37647 0.34118
v -59.43397 49.93306 19.03316 0.39216 0.36078 0.32157
v -46.8591 51.37877 15.40248 0.46275 0.42745 0.36863
v -28.52669 52.77802 14.53697 0.54118 0.47451 0.39608
v -55.9743 48.25342 7.989743 0.53725 0.49020 0.42353
v -76.36552 45.48067 9.2692 0.37647 0.35686 0.32941
v -66.46053 46.55247 7.426986 0.45882 0.41176 0.35294
v -63.08375 39.03004 -13.352 0.49412 0.43922 0.37647
v -56.59454 44.81672 -2.874089 0.45882 0.41176 0.36471
v -45.8847 43.36544 -10.59155 0.43922 0.40392 0.36471
v -28.82019 50.98294 8.051684 0.47059 0.43137 0.36863
v -46.82212 47.31795 0.3834455 0.40392 0.38431 0.35294
v -38.30113 48.08291 0.9581838 0.47059 0.41569 0.36078
v -15.47399 52.83365 9.477411 0.41569 0.39608 0.34902
v -13.38537 54.20973 14.67553 0.53725 0.46275 0.37647
v -17.85586 55.56035 22.28989 0.52549 0.46275 0.41176
v -12.48358 56.73794 33.88952 0.51765 0.48235 0.45098
v -13.56923 55.82452 42.3939 0.49804 0.44314 0.37647
v -37.69256 49.12351 55.92453 0.41569 0.38431 0.32941
v -27.85605 48.78161 61.00659 0.45490 0.41961 0.36863
v -28.27042 45.98185 66.52102 0.45098 0.41176 0.35686
v -23.84886 52.88315 51.02206 0.39216 0.34902 0.31373
v -11.60221 49.15944 65.62169 0.53333 0.45490 0.36863
v -43.44136 42.96514 66.58108 0.47451 0.40784 0.34118
v -65.67268 45.68449 46.89631 0.41569 0.37647 0.33333
v -55.23814 40.87362 64.60846 0.51765 0.45490 0.36863
v -70.93512 41.81324 54.06687 0.49804 0.43529 0.36863
v -85.81504 40.45547 45.98372 0.46667 0.41961 0.36078
v -87.36011 36.62612 53.34607 0.49412 0.43137 0.36078
v -82.10917 32.56283 65.1024 0.49412 0.44706 0.37647
v -75.51148 33.83852 66.67729 0.50196 0.43922 0.36863
v -63.93674 30.07106 76.42294 0.44314 0.40392 0.36471
v -80.44827 25.22904 75.29153 0.32157 0.29412 0.28627
v -57.98293 35.82888 71.50829 0.50588 0.43922 0.36863
v -67.35802 38.49393 63.02102 0.47059 0.41569 0.35686
v -95.7509 26.17006 67.08033 0.38431 0.32941 0.28627
v -101.7285 21.40821 69.63166 0.34510 0.31373 0.27059
v -93.61459 23.25826 70.93979 0.45882 0.41569 0.37255
v -89.32491 23.13304 72.86705 0.36078 0.32549 0.30588
v -83.42232 14.1266 65.40188 0.35686 0.34118 0.31373
v -90.23076 24.44414 71.65888 0.41176 0.37647 0.33333
v -93.67003 17.07315 66.89254 0.55294 0.50196 0.42353
v -96.80135 21.32026 70.39737 0.39216 0.34118 0.29412
v -105.2638 20.71997 68.77113 0.39608 0.34902 0.31373
v -106.5436 13.83413 62.4379 0.53725 0.47451 0.38824
v -115.4639 18.97264 65.86179 0.40000 0.36078 0.32549
v -102.0351 11.67983 61.07696 0.43137 0.38039 0.30588
v -90.82141 13.22193 64.09445 0.37647 0.34902 0.30588
v -95.73792 13.08728 63.03077 0.37647 0.32941 0.28627
v -94.02073 13.83681 62.5512 0.45882 0.41176 0.36078
v -101.2278 12.76235 59.43568 0.49020 0.41569 0.34510
v -97.32564 12.79923 61.65227 0.41961 0.35686 0.29412
v -99.61927 13.27784 58.9104 0.55686 0.49804 0.41569
v -108.8889 13.20239 54.06119 0.45490 0.41961 0.36863
v -123.3803 17.01594 63.78009 0.38039 0.34902 0.33333
v -117.8221 17.81021 64.82963 0.38039 0.34510 0.31373
v -118.075 20.13434 63.46134 0.36863 0.29804 0.25882
v -93.35081 29.65754 63.44222 0.40784 0.36471 0.31373
v -103.2604 35.54887 43.63949 0.36863 0.31373 0.27059
v -91.74016 40.76099 38.11815 0.50980 0.45490 0.40000
v -79.47221 43.51254 42.14582 0.41961 0.36863 0.33333
v -88.96271 -3.614158 -54.14373 0.37255 0.34118 0.28627
v -59.40583 -20.26396 -59.47054 0.42745 0.37255 0.30588
v -33.28743 -24.11969 -59.42071 0.39216 0.34902 0.30588
v -44.63398 -33.05264 -58.7498 0.47843 0.41176 0.33725
v -51.2498 -26.54502 -59.55438 0.41176 0.37647 0.32157
v -47.93893 -32.79536 -58.98235 0.44706 0.38824 0.31765
v -30.85297 -32.07528 -58.73651 0.41569 0.38431 0.34118
v -39.47801 -37.15884 -58.20991 0.47059 0.41569 0.35294
v -46.68423 -62.02395 -50.71856 0.46275 0.40784 0.35686
v -55.24637 -61.36018 -51.49042 0.56863 0.47843 0.38039
v -42.34241 -46.69578 -56.47619 0.48235 0.42353 0.36078
v -39.46056 -52.19074 -54.64889 0.52549 0.44314 0.35294
v -36.48943 -57.67526 -51.77497 0.58039 0.49804 0.38824
v -29.08746 -53.7828 -53.47618 0.48235 0.41961 0.36078
v -28.96407 -46.58093 -55.75047 0.49804 0.45098 0.38431
v -37.12143 -61.26416 -49.587 0.54510 0.47451 0.38039
v -34.07903 -61.29955 -48.86042 0.54902 0.47059 0.37647
v -28.66233 -62.8863 -46.42867 0.58431 0.49412 0.39216
v -29.6353 -59.40585 -49.7695 0.57255 0.48627 0.39216
v -24.70035 -59.93292 -49.48538 0.47451 0.43137 0.38431
v -25.28965 -56.48534 -51.84769 0.58824 0.50196 0.39608
v -24.16686 -38.59498 -57.48205 0.45882 0.40784 0.36471
v -21.92946 -23.2594 -59.14159 0.38824 0.34902 0.30196
v -12.35376 -36.76413 -57.5091 0.43137 0.40000 0.35686
v -17.38799 -46.74153 -55.29435 0.48235 0.42353 0.36471
v -1.498421 -39.53921 -56.8374 0.47451 0.42353 0.35294
v -7.496011 -29.7676 -58.31169 0.48627 0.41961 0.34902
v -5.121407 -24.83869 -58.88921 0.39608 0.34902 0.32157
v 0.2712371 -29.30406 -58.37117 0.47843 0.42745 0.35686
v -4.279408 -12.34798 -58.64182 0.34510 0.30980 0.26275
v 7.917262 -21.54141 -59.23932 0.42353 0.36863 0.31765
v 8.658801 -33.07729 -57.92434 0.45490 0.40392 0.34118
v 10.54261 -44.37036 -55.4577 0.43137 0.38824 0.33725
v -23.48294 -62.69393 -47.35518 0.53725 0.47059 0.38431
v -5.476577 -49.01752 -54.3271 0.49412 0.43137 0.36471
v 20.45334 -28.7834 -57.97144 0.54118 0.46667 0.37255
v 1.736173 -57.11919 -51.2121 0.53333 0.46275 0.37647
v -18.49877 -60.40015 -49.3431 0.49412 0.44314 0.37647
v -4.252781 -64.22414 -46.4654 0.52157 0.45098 0.36863
v -10.06674 -60.58464 -49.66322 0.45098 0.43137 0.39608
v 22.3655 -42.65198 -55.79994 0.42745 0.38431 0.34510
v 23.81507 -35.09175 -57.08665 0.51373 0.44314 0.36471
v 10.47445 -24.41634 -58.88227 0.45490 0.40000 0.32941
v 19.36739 -20.41729 -59.01099 0.38824 0.35686 0.32157
v -30.71433 -15.47995 -58.67504 0.40000 0.33725 0.28627
v -36.90187 -17.44991 -59.08747 0.40784 0.34902 0.29412
v -15.83115 -18.10862 -58.85636 0.49804 0.43137 0.34118
v -58.72965 -68.49164 -48.18561 0.51373 0.44706 0.37255
v -50.49608 -68.60357 -46.84407 0.54902 0.47451 0.37255
v -29.0816 -65.94874 -43.186 0.56078 0.48627 0.39216
v -34.56146 -64.26417 -46.50646 0.59608 0.49804 0.38824
v -34.53999 -67.98223 -43.11114 0.47843 0.41961 0.36078
v -36.97848 -66.12289 -45.78617 0.49020 0.43137 0.34510
v -41.38629 -63.52572 -49.0091 0.45882 0.41569 0.36863
v -34.79675 -68.73711 -41.43558 0.40784 0.38824 0.37647
v -22.7123 -67.4902 -41.66762 0.45882 0.40000 0.33725
v -26.07215 -67.29215 -41.02748 0.46275 0.40000 0.34118
v -23.23959 -65.56368 -43.52901 0.54510 0.46667 0.37255
v -20.10238 -63.89235 -45.79837 0.53333 0.46275 0.37647
v -15.08129 -63.45909 -47.36835 0.52941 0.45098 0.36078
v -9.889947 -66.06895 -46.77419 0.40392 0.38431 0.35686
v -6.083633 -67.44486 -44.63188 0.41961 0.39608 0.37255
v -3.386581 -66.61359 -43.81592 0.56078 0.49020 0.39216
v 0.4804116 -65.82729 -43.97624 0.54510 0.47059 0.36863
v 2.494625 -66.30965 -44.53349 0.38431 0.34902 0.30980
v -13.0218 -68.35335 -44.49997 0.35686 0.33333 0.32157
v -9.209599 -67.20644 -44.88347 0.50980 0.43922 0.36471
v -15.89941 -67.16927 -44.49219 0.47059 0.40784 0.33725
v -17.36937 -67.17487 -41.92403 0.42745 0.39608 0.35294
v -16.48015 -65.93453 -40.54302 0.52157 0.46275 0.38431
v -17.79794 -60.00328 -35.41153 0.40000 0.36863 0.31765
v -30.27514 -62.59765 -35.40501 0.38824 0.34510 0.30980
v -22.25608 -61.54764 -35.30816 0.43529 0.38431 0.32549
v -14.84331 -61.48256 -35.8491 0.43529 0.40000 0.34118
v -10.74481 -64.67101 -39.95148 0.53333 0.47843 0.40000
v -3.17905 -61.42058 -37.30905 0.44314 0.40392 0.35294
v -5.866876 -60.27905 -35.69599 0.43529 0.39216 0.33725
v -5.252193 -58.1291 -35.59047 0.36863 0.34118 0.30980
v -42.43348 -66.8471 -45.79083 0.52157 0.45098 0.37255
v -37.81824 -68.87376 -41.85075 0.51765 0.45098 0.39216
v -43.57677 -69.59853 -42.07207 0.48235 0.43922 0.38039
v -46.25682 -70.07917 -41.77026 0.46667 0.42353 0.37647
v -50.19629 -71.02901 -43.68073 0.51765 0.43137 0.36078
v -50.53294 -71.08209 -42.63613 0.40392 0.36863 0.33725
v -36.39714 -63.59706 -35.71476 0.42353 0.36471 0.31765
v -43.69557 -64.86262 -36.18766 0.47451 0.43529 0.36078
v -37.64391 -57.40472 -37.37397 0.49020 0.43529 0.36863
v -40.6606 -54.34405 -39.1179 0.49020 0.43922 0.37647
v -33.15806 -55.78818 -37.81448 0.43922 0.39608 0.36471
v -35.47554 -55.85252 -38.13943 0.48235 0.43137 0.37255
v -38.10369 -54.7497 -38.79337 0.58039 0.50588 0.41961
v -35.49608 -53.16154 -39.13281 0.49804 0.45098 0.38431
v -33.99726 -54.04118 -38.63902 0.43529 0.38431 0.34902
v -36.1999 -51.0827 -40.04014 0.50588 0.43922 0.37255
v -39.08935 -52.43152 -39.83259 0.52549 0.45490 0.38039
v -35.26178 -48.24083 -40.89423 0.47451 0.40784 0.35294
v -31.34239 -54.88857 -38.11049 0.43137 0.38824 0.34902
v -28.93769 -54.50095 -38.30077 0.45882 0.41176 0.35294
v -24.99239 -54.9768 -37.54919 0.40392 0.36863 0.33333
v -23.55984 -53.90828 -38.23371 0.45098 0.42353 0.36078
v -21.11864 -53.30363 -38.02592 0.41961 0.36863 0.31765
v -22.04792 -51.50343 -38.77598 0.45098 0.41176 0.36078
v -11.5753 -59.31479 -35.34413 0.41176 0.38039 0.34902
v -47.85243 -67.12134 -46.38692 0.53725 0.45882 0.36863
v -49.37053 -64.85049 -49.38077 0.55686 0.48235 0.37255
v -52.86537 -70.00026 -45.99328 0.48627 0.42353 0.35294
v -57.92943 -72.57784 -44.10925 0.40000 0.36471 0.34118
v -55.94095 -67.83321 -38.15336 0.44706 0.42745 0.40000
v -53.12783 -71.71616 -43.21882 0.43137 0.38431 0.34510
v -61.74576 -72.9418 -43.8069 0.37647 0.34118 0.31373
v -70.12401 -73.33898 -43.57057 0.33725 0.30980 0.29020
v -77.18227 -72.76936 -42.76258 0.33725 0.32549 0.30980
v -78.77143 -72.39343 -45.31514 0.40000 0.37255 0.34902
v -46.68571 -65.18743 -36.23067 0.39608 0.36078 0.32941
v -52.1107 -65.87604 -36.55128 0.38039 0.35294 0.32157
v -50.39047 -56.68124 -39.27172 0.46667 0.41176 0.35686
v -59.55586 -66.62006 -36.87264 0.41961 0.40784 0.36471
v -52.47333 -55.49245 -40.39195 0.53333 0.46275 0.38824
v -54.75724 -56.37725 -40.0894 0.49412 0.42745 0.36863
v -47.09904 -55.86336 -39.53587 0.51373 0.44706 0.36078
v -44.92359 -55.95666 -39.0147 0.52157 0.44706 0.36471
v -51.16549 -54.21751 -40.81273 0.50980 0.43922 0.38824
v -46.36264 -52.91047 -40.64622 0.47843 0.41569 0.35686
v -48.31617 -52.8162 -40.98235 0.49412 0.43529 0.37255
v -42.60417 -54.38828 -39.30049 0.42745 0.37647 0.33333
v -43.36274 -51.79189 -40.62835 0.52157 0.45098 0.37255
v -39.26756 -49.71697 -40.86269 0.51765 0.45490 0.37255
v -37.02511 -47.17104 -41.48237 0.52157 0.45098 0.38431
v -33.42911 -45.47057 -41.74707 0.47059 0.41961 0.36863
v -35.86326 -44.92741 -41.9032 0.45490 0.41176 0.35686
v -35.03762 -43.36699 -42.28123 0.50196 0.45490 0.38824
v -31.28496 -43.43721 -42.065 0.45490 0.39608 0.32941
v -31.1164 -41.46998 -42.36971 0.54902 0.48627 0.38431
v -30.48922 -45.83573 -41.43082 0.47843 0.43137 0.36863
v -30.33724 -48.44121 -40.62028 0.48235 0.43137 0.36863
v -29.65805 -40.95241 -42.62381 0.50980 0.45882 0.39216
v -27.17328 -42.0042 -42.17826 0.47843 0.42745 0.37647
v -28.04613 -40.01807 -42.64428 0.46667 0.43529 0.39216
v -31.63098 -38.71437 -43.10776 0.49412 0.45490 0.40392
v -26.71677 -37.29276 -43.07981 0.43137 0.39608 0.36078
v -29.75649 -38.88482 -43.06437 0.50980 0.45882 0.39608
v -28.34791 -44.62632 -41.6749 0.46275 0.42353 0.38039
v -25.49379 -44.24144 -41.58037 0.45098 0.41961 0.38431
v -26.78881 -46.43623 -41.12726 0.46667 0.43137 0.37647
v -30.30113 -50.43241 -39.95454 0.49804 0.44314 0.37647
v -33.47606 -51.79417 -39.42582 0.48235 0.41961 0.36078
v -34.64544 -49.90284 -40.31805 0.45490 0.40392 0.34118
v -32.90494 -48.62149 -40.65994 0.52941 0.46667 0.38431
v -80.35443 -1.047452 -53.90551 0.39608 0.36078 0.31765
v -67.4778 -6.373904 -56.58437 0.37255 0.33725 0.28235
v -43.08669 -18.24646 -59.3543 0.38824 0.34118 0.29020
v -77.88017 13.79187 -44.78818 0.44706 0.38824 0.33333
v -76.09717 21.96473 -37.54583 0.56078 0.51373 0.49412
v -66.6337 6.34483 -51.31398 0.45490 0.40000 0.35686
v -74.72914 10.78772 -47.64833 0.39608 0.34510 0.31373
v -65.41278 22.00507 -39.30837 0.40000 0.34902 0.28627
v -58.45876 34.17572 -24.34034 0.45098 0.40392 0.34510
v -63.23469 31.25851 -27.6579 0.36471 0.31765 0.27843
v -55.30688 -7.362703 -57.35621 0.39216 0.35686 0.32549
v -48.42726 -3.720444 -56.28813 0.41569 0.35686 0.29804
v -47.06039 -14.6615 -59.15384 0.40784 0.36078 0.30196
v -58.16941 -2.41322 -55.38486 0.41176 0.36078 0.30196
v -46.10502 4.863058 -52.76836 0.50196 0.43922 0.36471
v -56.92283 12.3675 -48.60604 0.40392 0.36471 0.32941
v -40.86833 0.09821515 -54.70625 0.44314 0.38824 0.33333
v -42.48424 11.15824 -49.70537 0.38431 0.34902 0.32941
v -64.50816 13.1754 -47.37996 0.39216 0.34902 0.30980
v -52.2229 19.15225 -43.1029 0.46275 0.40784 0.33725
v -56.75732 23.30325 -40.1574 0.43529 0.38431 0.33333
v -61.35137 26.70356 -34.90949 0.34902 0.31373 0.27451
v -53.34128 22.64677 -40.80767 0.43529 0.40392 0.36863
v -50.16967 29.97785 -34.44209 0.42745 0.40000 0.38824
v -45.90273 31.78556 -32.7915 0.39608 0.36863 0.34902
v -40.91072 38.26503 -22.98846 0.44314 0.40784 0.36078
v -33.85974 41.63463 -17.12379 0.40392 0.36863 0.33333
v -14.99346 39.08865 -24.09394 0.35686 0.32157 0.29020
v -46.68204 36.31852 -25.06479 0.40392 0.37255 0.33333
v -35.59238 44.39024 -10.46486 0.45098 0.40784 0.35686
v -57.60438 41.41568 -10.85996 0.45882 0.41961 0.37647
v -136.3512 -66.0485 -41.2734 0.46275 0.41569 0.37647
v -136.2252 -62.07979 -43.68146 0.53333 0.45882 0.39608
v -131.5728 -62.26604 -43.13198 0.51373 0.44706 0.38431
v -134.2648 -60.83566 -44.24426 0.52549 0.46275 0.38431
v -138.2589 -60.50108 -44.87532 0.51373 0.45098 0.39216
v -140.6621 -60.82196 -44.91805 0.52157 0.45882 0.37647
v -140.6886 -63.47677 -43.32386 0.52157 0.45490 0.38431
v -143.1522 -60.28674 -45.44069 0.52549 0.44314 0.37255
v -135.6361 -59.11991 -45.26479 0.52157 0.45882 0.38039
v -136.0672 -57.85633 -46.05085 0.52157 0.44706 0.38039
v -139.6525 -57.35277 -46.56043 0.51765 0.45490 0.40392
v -136.1984 -55.70212 -46.83822 0.55294 0.47059 0.39216
v -138.5847 -54.22926 -47.8115 0.50588 0.45490 0.39608
v -132.3356 -56.83042 -46.11053 0.56078 0.47843 0.39608
v -131.0746 -59.23418 -44.63786 0.52549 0.45490 0.38824
v -128.5506 -56.40058 -45.99294 0.52157 0.45882 0.39216
v -131.4254 -57.50313 -45.50004 0.51765 0.44706 0.38039
v -125.5992 -53.96281 -46.67148 0.51373 0.45098 0.38824
v -128.6827 -53.3779 -47.10862 0.48627 0.43137 0.37255
v -130.7971 -52.2886 -47.71466 0.57647 0.49412 0.40000
v -125.1309 -49.04357 -48.35573 0.50588 0.44314 0.38824
v -129.7385 -58.19432 -45.26867 0.50588 0.43922 0.37255
v -126.0933 -56.54638 -45.6913 0.49020 0.42353 0.38039
v -123.9356 -55.85328 -45.99531 0.52941 0.45882 0.38824
v -125.5473 -60.57787 -43.54637 0.49804 0.43922 0.36863
v -121.4785 -57.48142 -45.11292 0.50980 0.45490 0.39216
v -114.4365 -60.19205 -43.42229 0.48235 0.42353 0.37647
v -117.2956 -60.95696 -43.19304 0.49020 0.43529 0.38039
v -119.7632 -59.3064 -44.09173 0.48235 0.42745 0.38039
v -116.9084 -58.5161 -44.49841 0.52157 0.45490 0.37255
v -117.5268 -62.47349 -42.16376 0.50196 0.43137 0.37647
v -153.7667 -68.60462 -40.10547 0.54902 0.46275 0.38824
v -145.1016 -64.731 -42.82726 0.54118 0.46667 0.40784
v -143.7065 -62.00456 -44.48568 0.51765 0.44314 0.36471
v -142.3028 -57.14756 -46.79863 0.54510 0.48235 0.40392
v -148.2101 -59.12625 -46.07606 0.53725 0.46667 0.39216
v -147.2041 -61.07155 -45.13133 0.50588 0.43529 0.38431
v -145.6196 -56.91423 -47.19857 0.56078 0.48235 0.41569
v -148.6468 -54.2604 -48.46629 0.49804 0.44706 0.39216
v -151.9576 -60.15414 -45.72396 0.50588 0.45098 0.39216
v -150.6437 -62.57472 -44.3853 0.49020 0.42353 0.36863
v -150.7592 -64.22562 -43.68177 0.54118 0.46667 0.40000
v -153.5914 -63.52945 -44.118 0.49020 0.42745 0.36471
v -153.1943 -66.04774 -42.3077 0.56471 0.48235 0.40000
v -154.4742 -60.73163 -45.84311 0.55686 0.48627 0.38824
v -158.348 -61.53817 -45.19394 0.55686 0.47451 0.38039
v -156.1268 -61.02227 -45.53272 0.51373 0.44314 0.37647
v -160.6542 -61.02215 -45.69361 0.51765 0.45882 0.40392
v -154.8679 -58.30325 -46.97972 0.54902 0.48235 0.40000
v -152.4648 -56.22214 -47.67313 0.52157 0.45098 0.39216
v -153.6495 -53.70407 -48.54717 0.54510 0.46667 0.37647
v -155.7357 -55.59681 -47.99375 0.54510 0.46275 0.37647
v -157.0272 -56.66217 -47.56188 0.53333 0.46667 0.40784
v -159.6339 -58.24262 -46.91422 0.51765 0.45098 0.39608
v -162.5534 -62.46323 -45.08144 0.52157 0.45098 0.38039
v -163.8375 -59.49829 -46.44712 0.49804 0.42745 0.36471
v -168.6487 -62.99647 -44.89872 0.52157 0.45490 0.38431
v -165.6523 -60.94658 -45.8696 0.53333 0.46275 0.39608
v -165.1158 -52.84004 -48.89054 0.48627 0.42353 0.35686
v -164.0619 -56.24692 -47.75308 0.52549 0.46275 0.39216
v -166.8079 -54.37758 -48.37827 0.49804 0.43529 0.36863
v -166.5166 -57.25404 -47.37362 0.46667 0.41176 0.36078
v -168.2534 -59.88089 -46.33395 0.50588 0.43922 0.37647
v -157.5675 -65.51299 -42.77611 0.48235 0.42745 0.37255
v -165.1922 -64.03158 -44.18025 0.54118 0.47843 0.40000
v -160.6059 -64.62268 -43.50702 0.52549 0.45882 0.38039
v -163.602 -65.7511 -43.0718 0.50196 0.43529 0.37647
v -169.4174 -65.45551 -43.49199 0.49020 0.42745 0.36863
v -169.4732 -67.73954 -42.09864 0.52549 0.45882 0.39216
v -170.3375 -63.13648 -45.05806 0.50196 0.43137 0.38039
v -170.4275 -57.93149 -47.16348 0.53333 0.45882 0.38039
v -171.7614 -60.93283 -46.25493 0.52941 0.44706 0.39216
v -164.6138 -50.9688 -49.44706 0.51373 0.46667 0.40392
v -166.0104 -49.0612 -50.0794 0.50196 0.43529 0.36863
v -167.8179 -52.04604 -49.18072 0.43137 0.38431 0.34118
v -162.3036 -53.57885 -48.62608 0.52157 0.46667 0.39216
v -160.9158 -56.22422 -47.75369 0.50196 0.44314 0.39216
v -153.195 -50.40555 -49.48931 0.48627 0.41569 0.35294
v -153.9924 -47.73166 -50.2348 0.58431 0.49804 0.40392
v -156.211 -48.45222 -50.17232 0.51765 0.45490 0.38039
v -157.5056 -51.80032 -48.93608 0.51765 0.45098 0.38431
v -159.7017 -52.84982 -48.79159 0.54118 0.46667 0.36863
v -161.0034 -50.18056 -49.67326 0.50196 0.43922 0.37647
v -162.6884 -50.99217 -49.47116 0.49020 0.41961 0.36078
v -162.2416 -48.85369 -49.96807 0.49020 0.42745 0.36471
v -148.1589 -64.47879 -43.50071 0.55294 0.48235 0.40000
v -146.4265 -63.31082 -43.87883 0.54118 0.47059 0.40000
v -156.1041 -67.00273 -41.68756 0.52157 0.45882 0.39608
v -101.5245 -64.13264 -40.10067 0.43137 0.40000 0.35686
v -99.10249 -62.05745 -41.51471 0.46667 0.41569 0.36078
v -93.73975 -61.8436 -41.10643 0.46275 0.41176 0.36471
v -91.49192 -59.14265 -42.56425 0.46275 0.43137 0.38039
v -80.26661 -69.72034 -39.0041 0.55294 0.49804 0.42353
v -78.64484 -72.49367 -42.61492 0.45098 0.41176 0.35294
v -84.89572 -73.81268 -43.43943 0.34902 0.34510 0.32941
v -76.58789 -69.60221 -38.80286 0.53725 0.46667 0.38431
v -81.02752 -68.47731 -37.84249 0.36078 0.34902 0.34118
v -79.1637 -68.61286 -37.746 0.34118 0.34902 0.33725
v -85.27366 -68.57872 -37.69061 0.38824 0.34902 0.29020
v -90.00965 -61.78061 -40.75044 0.49412 0.44706 0.38431
v -77.7624 -66.5599 -38.21057 0.39216 0.37255 0.33333
v -75.31536 -69.65416 -39.13305 0.56471 0.49020 0.39216
v -55.45809 -65.07347 -37.07387 0.44706 0.41176 0.35294
v -123.914 -62.23217 -42.65862 0.50196 0.44314 0.38039
v -120.0809 -61.80049 -42.66079 0.49804 0.43529 0.39608
v -103.2949 -55.53722 -45.40686 0.48627 0.43922 0.38039
v -102.5129 -61.70653 -41.95541 0.50196 0.43922 0.36078
v -103.877 -62.99454 -41.14406 0.50196 0.43529 0.36471
v -94.60916 -57.81066 -43.61692 0.48235 0.43137 0.36863
v -91.48134 -56.83862 -43.86326 0.46667 0.41176 0.35686
v -87.26768 -61.16797 -40.96238 0.50196 0.45098 0.39608
v -84.16125 -61.12278 -40.50689 0.46667 0.42353 0.36471
v -86.62955 -59.16044 -42.11057 0.49020 0.43529 0.36863
v -79.44327 -58.81454 -41.68195 0.49020 0.43922 0.38824
v -83.38639 -58.46655 -42.26754 0.48235 0.43137 0.37647
v -106.9199 -50.89913 -47.21361 0.51373 0.44314 0.38431
v -108.4413 -50.33218 -47.31655 0.56471 0.48235 0.38431
v -111.3546 -49.14234 -47.68609 0.49804 0.44314 0.38824
v -113.846 -47.63998 -48.18844 0.53333 0.45882 0.39608
v -110.6574 -46.31047 -48.43217 0.54902 0.48235 0.39216
v -113.7272 -45.44793 -48.63307 0.49020 0.44314 0.39608
v -111.8591 -43.47061 -48.9088 0.50980 0.45882 0.38824
v -108.047 -47.67726 -47.97834 0.51765 0.46667 0.39608
v -119.6213 -51.98528 -47.12065 0.52941 0.46667 0.40392
v -108.1969 -44.17327 -48.81075 0.55294 0.48627 0.39608
v -105.6491 -44.69198 -48.65969 0.53725 0.47451 0.38824
v -105.8132 -47.01265 -48.03907 0.52941 0.46275 0.38039
v -105.7202 -49.38249 -47.58028 0.49020 0.43137 0.37647
v -104.3243 -49.12502 -47.74713 0.52157 0.45490 0.38039
v -103.7253 -51.53285 -46.92987 0.49804 0.43922 0.38039
v -104.9942 -52.83334 -46.60647 0.51373 0.45098 0.37255
v -98.76198 -58.07733 -43.79974 0.51373 0.45882 0.38824
v -100.1387 -56.18958 -44.87864 0.47451 0.42745 0.38039
v -98.18921 -56.0765 -44.68839 0.49412 0.43137 0.37647
v -97.9856 -53.751 -45.72998 0.45882 0.42353 0.38431
v -96.5961 -58.88843 -43.25303 0.45098 0.40392 0.35686
v -103.0653 -58.5117 -43.95364 0.48627 0.43137 0.37255
v -99.2352 -59.83003 -42.91382 0.43137 0.39216 0.34510
v -96.89308 -61.32509 -41.88756 0.46667 0.41176 0.37255
v -116.8404 -47.21066 -48.40257 0.49804 0.44706 0.38039
v -121.1787 -45.1764 -49.03677 0.54510 0.47843 0.40000
v -120.9941 -47.24796 -48.75467 0.53725 0.46667 0.38039
v -123.1298 -46.29236 -48.84103 0.49412 0.43922 0.37647
v -123.6697 -44.51153 -49.30259 0.54510 0.47843 0.39216
v -122.742 -42.95234 -49.76923 0.48627 0.43137 0.37255
v -126.4472 -45.01338 -49.41459 0.47451 0.41176 0.34118
v -126.9087 -47.34115 -48.91398 0.49412 0.42745 0.36863
v -125.3551 -51.25332 -47.581 0.51765 0.46275 0.39608
v -122.9638 -53.60667 -46.89843 0.54510 0.47451 0.38824
v -122.1666 -49.47457 -48.08212 0.54118 0.48235 0.40000
v -114.0954 -42.52895 -49.2307 0.47843 0.43137 0.37647
v -110.1867 -41.09377 -49.27847 0.45882 0.41176 0.37647
v -107.3622 -40.674 -49.29687 0.47843 0.42353 0.36078
v -109.5473 -38.84141 -49.59015 0.52549 0.47059 0.38039
v -102.4463 -48.92634 -47.64146 0.51373 0.45882 0.39216
v -100.7522 -51.6476 -46.68339 0.47059 0.43137 0.38039
v -99.34383 -53.87742 -45.83155 0.49804 0.43137 0.38039
v -96.38219 -53.71209 -45.69452 0.50196 0.43922 0.36471
v -94.28856 -55.17577 -45.05624 0.50588 0.44314 0.38039
v -87.99534 -57.61618 -43.06098 0.51373 0.45098 0.38824
v -81.03484 -56.46669 -43.1325 0.45098 0.40000 0.33725
v -83.58369 -56.77774 -43.23035 0.53725 0.47059 0.38824
v -85.90755 -56.33223 -43.52524 0.50196 0.44706 0.38824
v -87.28315 -54.84317 -44.46079 0.49412 0.43529 0.38039
v -83.74364 -54.49204 -44.32172 0.52157 0.46275 0.40000
v -85.95345 -53.11479 -44.98967 0.48235 0.44314 0.38824
v -81.85022 -53.92237 -44.35794 0.54902 0.48627 0.39216
v -78.63145 -55.76451 -43.34785 0.50980 0.45490 0.39216
v -85.7141 -50.5492 -45.89143 0.52157 0.46275 0.39608
v -88.47188 -52.44806 -45.46545 0.49020 0.43529 0.38824
v -89.11041 -54.63191 -44.73587 0.50588 0.45490 0.39608
v -91.45951 -54.83823 -44.86478 0.49804 0.45098 0.38824
v -82.95778 -52.03539 -45.22419 0.51373 0.44706 0.38039
v -81.97512 -49.48003 -45.99065 0.51373 0.45490 0.39216
v -83.76449 -47.34265 -46.81413 0.49804 0.44706 0.38431
v -82.87806 -45.57693 -47.09265 0.51765 0.45882 0.38824
v -86.17004 -47.66201 -46.83254 0.49412 0.43922 0.37647
v -88.73102 -50.36865 -46.35587 0.47451 0.43137 0.38431
v -91.31502 -52.14538 -46.04356 0.47843 0.43137 0.39216
v -89.0225 -47.84595 -47.00519 0.49020 0.43922 0.38039
v -87.07753 -45.9292 -47.45283 0.48627 0.43922 0.38431
v -90.37584 -45.53466 -47.80601 0.51373 0.45098 0.37647
v -90.49651 -43.78019 -47.96054 0.50588 0.44706 0.37255
v -80.68944 -51.28386 -45.29878 0.52941 0.46275 0.38431
v -78.68844 -54.02816 -44.14686 0.50196 0.44314 0.38039
v -76.91169 -60.30889 -40.48727 0.48235 0.43137 0.37647
v -81.3729 -60.30296 -40.92884 0.46275 0.41569 0.36863
v -76.99448 -56.85373 -42.55671 0.50196 0.44706 0.38039
v -75.49992 -68.55557 -37.68542 0.37255 0.36078 0.34902
v -113.5262 -36.50127 -49.90579 0.49020 0.45882 0.40000
v -113.2536 -40.28027 -49.43082 0.52157 0.47451 0.40392
v -117.1834 -41.70061 -49.42639 0.51765 0.45490 0.38824
v -116.0208 -40.53243 -49.53035 0.48627 0.43922 0.38824
v -116.5243 -44.66774 -48.89022 0.48627 0.44314 0.38039
v -118.5549 -44.99827 -49.04731 0.52157 0.46275 0.39216
v -122.3853 -39.34 -50.17886 0.49020 0.43922 0.37647
v -118.4532 -38.59887 -50.01806 0.48235 0.43922 0.39216
v -116.1363 -37.92365 -49.88001 0.47843 0.43137 0.37255
v -119.9226 -42.20042 -49.74757 0.53333 0.47843 0.40000
v -120.1235 -38.99136 -50.12129 0.44706 0.41569 0.37255
v -127.3088 -40.22158 -50.41251 0.51765 0.46275 0.39216
v -124.9738 -37.39207 -50.62707 0.51765 0.47059 0.40784
v -122.6716 -35.4488 -50.47548 0.54902 0.49412 0.41569
v -119.7163 -36.40792 -50.28413 0.61961 0.57255 0.50588
v -116.6231 -35.76554 -50.16358 0.53725 0.48235 0.40392
v -118.3743 -33.36179 -50.20619 0.54510 0.47843 0.40000
v -120.5636 -31.9428 -50.20412 0.50588 0.46275 0.40000
v -124.4993 -34.73057 -50.56862 0.48627 0.43529 0.37255
v -122.8101 -31.28932 -50.40831 0.50980 0.45490 0.39216
v -125.2212 -31.14496 -50.42166 0.54510 0.48627 0.40392
v -127.4308 -29.36156 -50.29145 0.51373 0.45882 0.40392
v -128.644 -32.3095 -50.68011 0.56863 0.48627 0.39216
v -126.3999 -34.61842 -50.80518 0.49804 0.45490 0.40000
v -128.8075 -35.13407 -50.71132 0.47843 0.41961 0.34902
v -130.8589 -37.38047 -50.73427 0.52157 0.45098 0.37647
v -131.4397 -33.8207 -50.87984 0.54118 0.48235 0.40392
v -129.0958 -38.78732 -50.60715 0.57255 0.49804 0.39216
v -131.0624 -40.48742 -50.58078 0.58039 0.50196 0.40392
v -133.1561 -37.02548 -50.93762 0.52549 0.46275 0.39608
v -123.8584 -27.59253 -49.74636 0.50588 0.45490 0.38431
v -127.5421 -25.79412 -49.67826 0.54510 0.48627 0.40000
v -129.4005 -28.29431 -50.24528 0.51765 0.47059 0.38824
v -130.434 -30.7749 -50.44846 0.49804 0.43529 0.35686
v -133.4193 -34.92123 -51.02947 0.51373 0.46275 0.40000
v -135.2349 -36.67291 -51.02766 0.51373 0.45490 0.39216
v -133.7262 -39.58008 -50.75522 0.53333 0.45882 0.38431
v -135.7441 -33.94203 -50.998 0.48627 0.43922 0.37647
v -133.1424 -32.01006 -50.92894 0.52941 0.48235 0.40784
v -131.8738 -28.43324 -50.32138 0.50980 0.45882 0.36863
v -134.1281 -31.0234 -50.6958 0.52549 0.47451 0.39608
v -138.7656 -36.75003 -51.40087 0.49020 0.44314 0.38824
v -138.6399 -39.2562 -51.29723 0.49412 0.45490 0.41176
v -138.8371 -33.78809 -51.24296 0.50980 0.46275 0.38824
v -137.0326 -31.59523 -51.00561 0.53333 0.47059 0.39216
v -136.1523 -30.30371 -50.85202 0.55686 0.49412 0.40000
v -134.3463 -29.55909 -50.62441 0.60000 0.50980 0.40000
v -139.0442 -30.80029 -51.16447 0.47451 0.43922 0.38039
v -137.9166 -28.08888 -50.38508 0.52157 0.47059 0.40392
v -135.796 -27.0841 -50.01339 0.59216 0.51765 0.41176
v -137.1599 -25.30758 -49.61199 0.53333 0.48235 0.40784
v -136.7734 -23.01812 -49.08628 0.52549 0.47059 0.40000
v -138.7906 -22.94431 -49.01261 0.54510 0.48627 0.40392
v -140.0998 -25.57599 -49.91523 0.50980 0.46275 0.40000
v -139.9647 -28.38682 -50.85918 0.46275 0.42353 0.38039
v -140.9607 -30.61195 -51.19507 0.50196 0.45882 0.40392
v -142.3366 -28.37943 -50.81042 0.51373 0.47843 0.40784
v -143.0071 -31.50336 -51.35714 0.53333 0.47059 0.40392
v -141.2911 -32.89592 -51.53971 0.54902 0.47451 0.39608
v -144.299 -28.79509 -50.97151 0.50980 0.45882 0.38824
v -141.5416 -26.70771 -50.49231 0.56471 0.50196 0.40392
v -146.3665 -27.56862 -50.83698 0.53725 0.47843 0.40000
v -146.1778 -24.66442 -50.18971 0.58431 0.52157 0.42745
v -143.5948 -24.53415 -50.01682 0.52549 0.46667 0.39608
v -141.7811 -24.78721 -49.93206 0.59608 0.52549 0.41961
v -139.8757 -21.10481 -48.39581 0.58431 0.52157 0.41176
v -137.6542 -20.455 -48.10802 0.53333 0.47059 0.40000
v -135.3897 -22.57041 -48.65033 0.52157 0.45490 0.37255
v -131.0677 -25.98903 -49.68273 0.54902 0.47843 0.38431
v -129.6339 -26.0418 -49.61096 0.55294 0.48627 0.39216
v -133.7764 -27.01428 -49.95565 0.52157 0.45490 0.38039
v -125.7113 -26.73187 -49.75891 0.55294 0.48627 0.38824
v -111.1436 -35.95463 -49.81965 0.53725 0.49412 0.41569
v -112.8914 -33.68117 -49.89096 0.54510 0.47843 0.39608
v -114.6208 -31.38677 -49.93706 0.50588 0.46275 0.39216
v -117.3944 -29.94854 -49.90505 0.53333 0.46275 0.36863
v -122.1009 -25.34193 -49.33706 0.58431 0.49412 0.38824
v -120.2197 -26.04188 -49.41362 0.53725 0.49412 0.41569
v -116.9215 -23.93384 -49.00971 0.52157 0.45490 0.37647
v -119.4342 -23.26053 -48.74234 0.55294 0.48627 0.39608
v -120.4098 -29.11598 -49.99779 0.56078 0.50196 0.40784
v -118.1738 -25.94664 -49.33955 0.49804 0.45490 0.38431
v -114.4853 -25.00853 -49.1489 0.57255 0.50980 0.40784
v -114.5939 -22.37694 -48.54792 0.61176 0.53333 0.41961
v -119.9109 -20.84757 -47.96951 0.56863 0.48627 0.38431
v -122.7718 -23.1864 -48.92937 0.48627 0.43922 0.38431
v -122.6666 -19.08211 -47.4423 0.60000 0.51765 0.41176
v -120.686 -17.61251 -46.81601 0.54510 0.48627 0.40392
v -123.7589 -20.91675 -48.06196 0.52941 0.46667 0.38431
v -125.8359 -21.3694 -48.2758 0.55294 0.49412 0.39608
v -126.1032 -23.23097 -48.84076 0.52549 0.47059 0.40000
v -129.6247 -22.72473 -48.85017 0.56078 0.49412 0.40392
v -134.6749 -24.47363 -49.40066 0.55686 0.49804 0.39608
v -131.5236 -24.17402 -49.15609 0.55686 0.49020 0.40000
v -127.9087 -19.97401 -47.97273 0.53333 0.47451 0.40000
v -122.7107 -16.58957 -46.24174 0.60392 0.52549 0.41961
v -131.5824 -21.19775 -48.23993 0.56863 0.49412 0.39608
v -118.1553 -17.27823 -46.68331 0.56078 0.48235 0.40392
v -128.8165 -18.41965 -47.25645 0.60000 0.52941 0.42745
v -125.4856 -19.00725 -47.48163 0.57647 0.50196 0.39216
v -128.7404 -13.72753 -44.88622 0.57647 0.50980 0.41176
v -124.6144 -11.69226 -43.87483 0.55294 0.49020 0.40392
v -125.5415 -16.89015 -46.46706 0.56471 0.49020 0.38824
v -115.7394 -20.17844 -47.8118 0.58824 0.51373 0.40392
v -115.836 -16.751 -46.51926 0.58039 0.49412 0.38431
v -119.3078 -14.63682 -45.39012 0.60392 0.52549 0.41176
v -123.1199 -14.14035 -45.00185 0.58039 0.51765 0.43137
v -113.5515 -27.97612 -49.58762 0.55294 0.49412 0.41176
v -110.9683 -28.33543 -49.5783 0.51765 0.44314 0.34118
v -112.0452 -31.21765 -49.95534 0.51765 0.45490 0.37647
v -110.5238 -24.82417 -49.15158 0.51765 0.45098 0.38039
v -110.7673 -21.93886 -48.49646 0.53725 0.47451 0.39216
v -109.3782 -29.94891 -49.84325 0.51373 0.47059 0.40784
v -107.9616 -27.78232 -49.66892 0.53725 0.47843 0.39608
v -107.9765 -30.85243 -49.9432 0.52549 0.48627 0.41569
v -102.9993 -39.96492 -49.28167 0.50980 0.45098 0.38824
v -106.2188 -42.99086 -48.91297 0.50196 0.43529 0.34902
v -93.31768 -52.67591 -45.93272 0.51373 0.46275 0.39608
v -98.96942 -51.12684 -46.86684 0.49412 0.44314 0.38039
v -98.94894 -48.38207 -47.63595 0.51373 0.45882 0.38824
v -136.1715 -53.20644 -47.88655 0.52941 0.46667 0.40000
v -131.2921 -55.05855 -46.52309 0.54510 0.47451 0.38431
v -132.8033 -53.42253 -47.48319 0.54510 0.47843 0.40392
v -132.1453 -50.67015 -48.24713 0.49412 0.43529 0.38039
v -133.7253 -50.04021 -48.64135 0.51373 0.45098 0.40784
v -129.7721 -48.26271 -48.82141 0.52941 0.46275 0.39216
v -127.8066 -50.42477 -48.07184 0.53333 0.47451 0.40000
v -125.1593 -39.96637 -50.38348 0.56078 0.49412 0.39216
v -127.2548 -42.79861 -49.91542 0.47451 0.42745 0.36471
v -136.7203 -50.75776 -48.85837 0.52941 0.46667 0.39608
v -139.6127 -51.63614 -48.66575 0.53725 0.47843 0.41569
v -142.1995 -55.16625 -47.75616 0.55294 0.47059 0.40784
v -142.9182 -53.61723 -48.36936 0.54902 0.47843 0.40392
v -134.2235 -47.74415 -49.30416 0.51373 0.45490 0.39216
v -136.5243 -47.98762 -49.48233 0.54118 0.47059 0.39216
v -139.6404 -49.34111 -49.43925 0.52157 0.45882 0.38039
v -141.8437 -47.51364 -49.93905 0.54118 0.47843 0.39608
v -142.4338 -50.73751 -49.25545 0.53725 0.47059 0.40784
v -137.3579 -48.04809 -49.85512 0.52549 0.46275 0.39608
v -132.2055 -48.07429 -49.08131 0.52941 0.45882 0.39608
v -128.9372 -42.98026 -49.9864 0.48627 0.42353 0.37255
v -130.7066 -43.44512 -49.90247 0.52941 0.46667 0.38824
v -129.7824 -45.96895 -49.48022 0.49412 0.43137 0.38431
v -136.8044 -44.30429 -50.36702 0.49412 0.43137 0.37255
v -137.4719 -45.88449 -50.00687 0.51373 0.45882 0.40000
v -132.9386 -46.24594 -49.64804 0.49412 0.44314 0.37647
v -131.828 -45.09377 -49.7031 0.54902 0.47843 0.39608
v -133.5379 -44.72197 -49.79488 0.52549 0.46667 0.39216
v -134.8952 -43.72101 -50.25477 0.54902 0.48235 0.40000
v -133.0486 -42.55006 -50.36837 0.57255 0.49804 0.40392
v -159.8983 -70.13624 -39.16286 0.45882 0.40784 0.35686
v -151.2167 -54.57099 -48.37756 0.54118 0.45882 0.38824
v -150.2808 -58.61534 -46.58209 0.52941 0.46667 0.40784
v -151.3477 -51.71921 -49.28838 0.54902 0.47843 0.40000
v -146.5763 -54.11321 -48.47887 0.53333 0.46275 0.38824
v -144.9445 -52.98977 -48.87734 0.50980 0.44314 0.38039
v -149.0085 -49.36455 -49.90283 0.55294 0.48627 0.39216
v -148.7779 -51.94495 -49.23592 0.58039 0.49412 0.39608
v -169.5871 -56.53385 -47.69757 0.48627 0.41961 0.36471
v -173.6327 -59.17441 -46.8835 0.55686 0.49020 0.40784
v -170.4523 -54.73628 -48.3949 0.49020 0.43922 0.38431
v -163.6272 -48.08248 -50.25096 0.47451 0.40784 0.31373
v -166.1784 -46.25561 -50.72348 0.49412 0.42745 0.34902
v -163.5972 -45.65803 -50.87334 0.54118 0.47451 0.38431
v -166.2595 -42.16311 -51.48043 0.48627 0.43529 0.36078
v -167.0792 -41.04263 -51.74997 0.58431 0.50196 0.40000
v -170.0563 -41.73857 -51.5039 0.47451 0.40784 0.33333
v -167.5182 -38.40955 -51.97419 0.54118 0.48627 0.40000
v -166.1086 -35.21479 -52.16053 0.46667 0.41569 0.34902
v -162.5684 -37.12576 -51.83213 0.54510 0.47059 0.38039
v -163.7876 -33.42091 -51.99026 0.49412 0.43922 0.37255
v -168.3338 -34.8943 -52.25639 0.50980 0.45882 0.40000
v -169.4648 -31.3565 -52.12432 0.56863 0.49804 0.38824
v -166.3331 -32.1432 -52.19203 0.54902 0.48627 0.39608
v -172.2705 -53.37569 -48.95042 0.54118 0.45490 0.36078
v -173.1105 -55.44212 -48.13443 0.52549 0.44706 0.38431
v -175.8462 -60.22319 -46.6225 0.49020 0.42353 0.38039
v -174.8488 -56.67164 -47.86711 0.56078 0.49412 0.40392
v -170.8106 -52.12844 -49.29236 0.50980 0.43922 0.36863
v -168.3498 -49.93255 -49.75889 0.50196 0.45098 0.39216
v -173.3752 -50.2343 -50.02968 0.47059 0.41176 0.35686
v -170.8812 -49.4539 -49.98618 0.52549 0.45490 0.36471
v -168.8751 -47.587 -50.40643 0.49020 0.45098 0.38431
v -171.4651 -46.85202 -50.67161 0.46667 0.41961 0.37255
v -169.1526 -43.53047 -51.23195 0.54902 0.47843 0.38824
v -170.333 -35.56323 -52.17947 0.58431 0.50980 0.40392
v -170.7449 -38.46274 -51.88725 0.54902 0.47451 0.38039
v -172.6676 -37.52789 -52.04666 0.49020 0.42745 0.36863
v -174.7446 -34.74571 -52.05946 0.57647 0.49804 0.39608
v -174.9687 -37.30374 -52.03936 0.58039 0.50196 0.41569
v -178.4394 -38.66446 -52.06739 0.47451 0.43137 0.36471
v -173.3834 -42.60817 -51.48258 0.47451 0.40784 0.34902
v -171.9504 -44.42894 -51.11651 0.51373 0.46667 0.38431
v -173.6732 -40.46934 -51.78131 0.48235 0.44706 0.39608
v -176.6144 -43.41596 -51.71652 0.52549 0.45490 0.36863
v -177.6385 -40.45075 -51.87427 0.52549 0.46275 0.39216
v -176.6063 -36.04447 -52.12366 0.45490 0.41569 0.36471
v -180.528 -38.48842 -52.01533 0.53725 0.47451 0.39608
v -179.1551 -36.08031 -52.23281 0.50980 0.46667 0.38824
v -181.5977 -35.68004 -52.21596 0.58824 0.51765 0.41961
v -179.1987 -32.29347 -51.99385 0.54902 0.47843 0.40000
v -180.266 -41.16053 -51.93944 0.51373 0.46275 0.39608
v -181.8747 -43.35862 -51.70338 0.55686 0.49020 0.39216
v -178.6658 -44.51247 -51.39181 0.56863 0.49804 0.41176
v -182.3675 -39.817 -52.12581 0.54902 0.47451 0.41176
v -183.8151 -39.3344 -52.16428 0.54118 0.47059 0.38824
v -184.4404 -36.74837 -52.40827 0.54902 0.48627 0.40784
v -185.3668 -43.3768 -51.65488 0.49020 0.42353 0.36863
v -186.904 -38.62184 -52.17249 0.53725 0.47059 0.38039
v -188.4049 -38.81022 -51.97508 0.54118 0.47451 0.37647
v -183.2331 -43.88177 -52.86568 0.54902 0.47843 0.37647
v -179.4664 -43.75686 -51.67356 0.52157 0.43529 0.38039
v -183.6682 -44.82617 -51.48489 0.46275 0.38824 0.36863
v -188.2165 -41.28751 -51.63817 0.48235 0.43137 0.35686
v -189.189 -41.4977 -51.1034 0.54902 0.48235 0.40392
v -188.0563 -44.4083 -51.4113 0.48627 0.43137 0.37255
v -185.6652 -44.39831 -53.15396 0.51373 0.44706 0.38431
v -189.8638 -42.47634 -52.52441 0.57255 0.50196 0.39608
v -191.7067 -41.53291 -52.40793 0.49020 0.41961 0.36078
v -190.3311 -37.75139 -52.06373 0.59608 0.50980 0.40000
v -188.9013 -30.02253 -51.48264 0.56863 0.49412 0.40000
v -185.7905 -28.76177 -51.12244 0.57255 0.49020 0.38039
v -185.0733 -32.13846 -51.90946 0.58824 0.51765 0.41569
v -183.0659 -33.50143 -52.00479 0.56863 0.49020 0.38824
v -190.5976 -23.42455 -48.44653 0.46275 0.40000 0.31373
v -186.0336 -25.22957 -49.99162 0.55294 0.46667 0.38824
v -187.2122 -21.88857 -48.4515 0.49020 0.41176 0.34510
v -184.2047 -25.02846 -50.13731 0.55686 0.49020 0.40392
v -180.8125 -20.71745 -48.63855 0.61176 0.52941 0.43137
v -182.3147 -19.73501 -47.99363 0.50980 0.45490 0.37255
v -184.8735 -18.55508 -47.26241 0.62745 0.54118 0.44314
v -185.0759 -21.05354 -48.39224 0.58824 0.50980 0.39608
v -175.9193 -50.68875 -49.97423 0.50196 0.42353 0.38431
v -175.0922 -52.47369 -49.45732 0.52549 0.43922 0.38039
v -176.482 -53.36208 -49.19669 0.50980 0.44706 0.38824
v -177.2504 -55.19184 -48.55244 0.53333 0.47059 0.40000
v -178.4404 -58.29357 -47.36809 0.56078 0.47451 0.38824
v -180.5272 -61.4533 -45.78597 0.52549 0.45098 0.38431
v -180.6563 -56.33398 -48.2757 0.54510 0.46275 0.38431
v -177.9075 -49.07336 -50.41365 0.52157 0.45882 0.40000
v -178.1235 -50.73699 -49.9738 0.49020 0.42745 0.37647
v -183.0294 -50.34584 -50.38574 0.49804 0.43529 0.37255
v -180.073 -51.31576 -49.92572 0.51373 0.45098 0.39608
v -179.0592 -53.3193 -49.27552 0.53725 0.46667 0.39216
v -176.3409 -47.15112 -50.83656 0.50196 0.44314 0.39216
v -173.7021 -47.16055 -50.68499 0.56471 0.49412 0.39608
v -174.3401 -43.95881 -51.15185 0.50588 0.44314 0.36078
v -142.6637 -44.42564 -50.66889 0.54510 0.47843 0.39608
v -143.6906 -47.09276 -50.17304 0.53333 0.46667 0.40392
v -145.7952 -50.80778 -49.5224 0.55686 0.49020 0.40392
v -143.8978 -49.29806 -49.7544 0.55294 0.48627 0.40784
v -144.5847 -45.56493 -50.43988 0.52157 0.45882 0.38431
v -146.7635 -45.53015 -50.63381 0.53725 0.46667 0.39608
v -146.1495 -48.19377 -50.15109 0.55294 0.49804 0.40000
v -148.4876 -46.78677 -50.50086 0.56471 0.48235 0.40000
v -149.43 -44.0482 -50.93368 0.54510 0.48235 0.40392
v -142.4132 -41.56642 -51.18645 0.53725 0.47451 0.39216
v -146.5482 -42.25325 -51.17092 0.54510 0.48235 0.39608
v -139.6146 -42.83563 -50.89101 0.50196 0.45882 0.40000
v -144.5187 -40.22042 -51.49684 0.52941 0.47843 0.40784
v -140.3748 -38.23028 -51.50908 0.53725 0.49020 0.41961
v -144.0779 -37.96923 -51.58866 0.52157 0.47059 0.40000
v -146.5577 -36.78214 -51.56729 0.51765 0.45882 0.38431
v -147.8441 -39.41442 -51.57474 0.49020 0.44314 0.39216
v -144.6387 -34.6642 -51.6873 0.54118 0.49020 0.40000
v -140.3995 -35.0078 -51.55724 0.55686 0.49804 0.40000
v -150.4137 -47.9201 -50.2819 0.52941 0.45490 0.38039
v -151.5957 -46.2119 -50.77967 0.51765 0.45490 0.38824
v -150.6158 -42.21239 -51.3859 0.53725 0.48235 0.40784
v -149.6851 -35.30456 -51.75201 0.56863 0.49804 0.40392
v -146.9931 -34.59298 -51.66238 0.52941 0.47059 0.38824
v -145.3601 -32.16717 -51.56603 0.52941 0.48235 0.39608
v -147.4919 -31.28601 -51.43571 0.54902 0.46667 0.36471
v -147.7854 -25.96879 -50.54299 0.58039 0.50980 0.41176
v -148.8171 -27.54603 -50.90762 0.50980 0.45882 0.38431
v -149.5434 -29.28911 -51.27292 0.54118 0.46667 0.38039
v -150.2466 -33.11683 -51.73204 0.56078 0.49804 0.40000
v -149.5058 -37.23318 -51.72259 0.50980 0.46275 0.40392
v -151.4793 -39.71801 -51.63919 0.54902 0.48627 0.39608
v -154.3614 -40.04733 -51.56547 0.51373 0.45098 0.38431
v -155.2073 -43.89693 -51.0696 0.51373 0.44706 0.37255
v -154.2441 -46.03741 -50.60246 0.55294 0.48235 0.38824
v -152.556 -41.85265 -51.37628 0.50588 0.45098 0.39216
v -152.4632 -37.31483 -51.8391 0.54902 0.49804 0.40784
v -153.9439 -33.99401 -51.8356 0.54510 0.48235 0.37647
v -152.1627 -31.49986 -51.59691 0.53333 0.47843 0.39608
v -149.7198 -24.26798 -50.07431 0.54902 0.47451 0.38039
v -144.266 -22.46846 -49.345 0.53333 0.47059 0.39216
v -141.8451 -21.88003 -48.99236 0.59608 0.51765 0.41176
v -142.4078 -19.25474 -47.8767 0.56863 0.50196 0.40784
v -144.6377 -19.91515 -48.24489 0.52549 0.47059 0.39216
v -147.3843 -21.8552 -49.3059 0.53725 0.47059 0.38431
v -151.1439 -26.07612 -50.83227 0.56078 0.49804 0.41176
v -152.6521 -23.75713 -50.13721 0.54510 0.47451 0.38824
v -152.2312 -28.75221 -51.27733 0.54902 0.49020 0.40000
v -153.7546 -26.1879 -50.99476 0.58039 0.51373 0.40784
v -154.0532 -27.67679 -51.18236 0.56078 0.50196 0.40392
v -154.844 -24.28179 -50.40889 0.56471 0.49804 0.40392
v -155.0658 -20.56192 -48.92996 0.60784 0.51373 0.40784
v -158.8811 -22.74717 -49.93472 0.53725 0.47843 0.39216
v -156.0626 -23.36296 -50.12218 0.58039 0.50980 0.41961
v -155.9261 -28.36347 -51.32847 0.54118 0.49020 0.41569
v -153.4327 -31.14267 -51.63793 0.49804 0.43529 0.36863
v -157.7395 -25.60691 -50.85514 0.53725 0.47843 0.40000
v -158.0505 -28.00329 -51.25702 0.47843 0.43922 0.38039
v -156.9775 -29.8802 -51.60409 0.50588 0.44314 0.36863
v -155.3233 -31.50085 -51.69618 0.47451 0.42353 0.36471
v -159.593 -31.35004 -51.95318 0.51765 0.47843 0.41961
v -160.5115 -28.26781 -51.58663 0.52941 0.47843 0.39608
v -159.5425 -24.82544 -50.61039 0.55294 0.49412 0.40392
v -159.8459 -18.29041 -47.68704 0.51765 0.45882 0.37647
v -156.3104 -17.5049 -47.37529 0.50980 0.45490 0.38039
v -153.1007 -18.63908 -48.00407 0.55686 0.49804 0.39608
v -152.5331 -21.01533 -49.14243 0.59608 0.51765 0.39608
v -150.5997 -19.51442 -48.44074 0.56471 0.47843 0.38039
v -151.7033 -16.94796 -47.1905 0.54118 0.48235 0.41176
v -143.4764 -16.98514 -47.0353 0.57647 0.50980 0.41176
v -135.8023 -20.74732 -48.12635 0.55686 0.49412 0.41176
v -139.5784 -18.14244 -47.02808 0.49412 0.45098 0.39216
v -134.0357 -19.97101 -47.9168 0.56078 0.50196 0.41961
v -133.7804 -22.46871 -48.86525 0.53725 0.47059 0.38039
v -136.3952 -19.02371 -47.42259 0.58431 0.51765 0.42353
v -133.9342 -17.56704 -46.56889 0.59608 0.52549 0.42353
v -132.8412 -15.95492 -45.90179 0.60000 0.53333 0.43529
v -134.8253 -14.58336 -45.24481 0.56078 0.48627 0.39216
v -137.8786 -16.37943 -46.27454 0.60000 0.52941 0.43529
v -138.1282 -14.11009 -45.15542 0.52549 0.47059 0.39216
v -133.7646 -10.21789 -42.85836 0.51765 0.46275 0.38431
v -138.4976 -11.38356 -43.50499 0.55294 0.50588 0.42745
v -65.98104 -73.3449 -43.9968 0.32549 0.29804 0.29412
v -68.62253 -67.96747 -37.47929 0.40000 0.39608 0.37255
v -73.34878 -60.67964 -40.05657 0.47451 0.41961 0.37647
v -73.76076 -57.24378 -42.16541 0.51765 0.45098 0.37647
v -69.02475 -58.64382 -40.68105 0.56471 0.48627 0.38824
v -58.42149 -56.01656 -40.62705 0.52157 0.45882 0.37255
v -61.65813 -57.04413 -40.59845 0.51765 0.45098 0.38431
v -64.19148 -57.9279 -40.46465 0.50980 0.44706 0.38039
v -55.36989 -54.216 -41.33835 0.52549 0.44706 0.38431
v -55.32679 -50.87067 -42.78108 0.54510 0.47451 0.38824
v -58.46208 -52.8773 -42.2037 0.50980 0.45098 0.37647
v -62.15736 -54.53923 -41.95737 0.50980 0.43922 0.37647
v -60.2631 -54.52678 -41.76949 0.52157 0.45490 0.36863
v -49.79587 -50.118 -42.22249 0.51765 0.45490 0.38039
v -46.96667 -49.83128 -41.8471 0.52549 0.45882 0.38824
v -42.89195 -46.54568 -42.32025 0.46667 0.40784 0.35686
v -44.15123 -48.97795 -41.73626 0.52941 0.46667 0.38824
v -45.36651 -46.63375 -42.56337 0.53333 0.46667 0.39216
v -42.36404 -49.51706 -41.29336 0.52157 0.45882 0.39608
v -40.89709 -47.67295 -41.77054 0.51765 0.44706 0.37647
v -39.14158 -43.5717 -42.63961 0.52941 0.47451 0.39608
v -60.27372 -52.47073 -42.65183 0.50196 0.43922 0.37647
v -56.11423 -47.42188 -44.06292 0.56078 0.47843 0.38039
v -58.18828 -49.46873 -43.53487 0.51765 0.46275 0.39216
v -58.50414 -47.51076 -44.29289 0.52941 0.45882 0.38039
v -52.04844 -52.00275 -41.8806 0.49020 0.43922 0.36863
v -52.76132 -49.40656 -42.99628 0.49804 0.45490 0.38824
v -45.62047 -44.68524 -43.12247 0.53333 0.46275 0.38431
v -48.27556 -44.91896 -43.57909 0.53333 0.46667 0.38431
v -50.48204 -45.00991 -43.88462 0.52157 0.45490 0.38431
v -49.06381 -47.31945 -43.02498 0.56471 0.49020 0.39608
v -50.34293 -43.02788 -44.27283 0.52549 0.45882 0.37255
v -52.40839 -44.01258 -44.34564 0.49804 0.43529 0.38039
v -48.55036 -41.9411 -44.26862 0.52157 0.47059 0.38824
v -50.34014 -40.70475 -44.82339 0.52157 0.46275 0.39216
v -51.08616 -39.58563 -45.04021 0.51765 0.45098 0.38824
v -46.26069 -41.95036 -43.96911 0.53725 0.48235 0.40392
v -46.53549 -43.39324 -43.48854 0.56078 0.48235 0.39608
v -46.93356 -40.63687 -44.0806 0.51765 0.46275 0.40000
v -46.25664 -38.78617 -44.51163 0.54902 0.46667 0.37255
v -48.67693 -38.09443 -44.90259 0.54118 0.47843 0.39216
v -50.82633 -37.56961 -45.31161 0.53333 0.47059 0.38431
v -50.78755 -34.77085 -45.74707 0.56863 0.49412 0.38824
v -50.33823 -32.0919 -46.01454 0.52941 0.46667 0.38824
v -53.17939 -38.52411 -45.33847 0.53333 0.46275 0.37255
v -55.06228 -36.69066 -46.00637 0.54902 0.47843 0.38039
v -54.08071 -35.08463 -45.99011 0.52549 0.45490 0.38039
v -52.05602 -29.23518 -46.45783 0.54902 0.48235 0.39608
v -48.75345 -34.89152 -45.47343 0.50980 0.45098 0.39216
v -47.3511 -29.77683 -45.74965 0.53333 0.45098 0.37255
v -49.26682 -27.4061 -45.9828 0.52941 0.45098 0.36471
v -52.32807 -30.96906 -46.20879 0.55686 0.47843 0.38824
v -46.49163 -33.7761 -45.4139 0.54118 0.48235 0.38824
v -46.33066 -36.40544 -44.9447 0.52549 0.47843 0.40392
v -45.32673 -33.69056 -45.17403 0.58039 0.49412 0.39608
v -43.76344 -36.70427 -44.48285 0.51373 0.43529 0.37255
v -44.12532 -33.089 -45.27712 0.54510 0.47451 0.37647
v -42.45397 -34.93039 -44.66032 0.54118 0.46667 0.38824
v -42.22751 -37.75368 -44.13349 0.57647 0.49412 0.39608
v -42.41321 -41.37494 -43.66776 0.56471 0.49412 0.41961
v -44.19536 -41.5334 -43.77835 0.50588 0.45882 0.40784
v -43.6439 -44.14638 -42.99307 0.50980 0.45490 0.39216
v -37.32307 -42.15279 -42.7244 0.49412 0.43529 0.38431
v -60.97213 -48.53274 -44.15941 0.49020 0.43137 0.36471
v -61.27416 -50.18418 -43.59002 0.52157 0.45490 0.38431
v -65.43303 -55.00275 -42.25689 0.50980 0.44706 0.38039
v -68.91576 -55.76912 -42.24823 0.52549 0.46275 0.38039
v -67.12608 -53.41683 -43.20544 0.50196 0.44706 0.36471
v -64.01822 -52.60783 -43.02819 0.50588 0.43922 0.38039
v -54.2889 -43.1574 -44.92901 0.52157 0.45882 0.38039
v -52.94073 -41.03701 -44.9443 0.52941 0.47059 0.40000
v -55.0752 -39.77735 -45.53455 0.50588 0.43922 0.36471
v -57.09497 -35.22013 -46.49544 0.49020 0.44706 0.38824
v -58.19627 -36.61645 -46.33304 0.50588 0.45882 0.38431
v -53.34736 -32.8761 -46.16992 0.58039 0.49804 0.39608
v -55.73986 -30.80462 -46.83493 0.51765 0.46667 0.39216
v -44.55113 -29.53265 -45.60565 0.57255 0.48627 0.38824
v -42.33778 -32.40812 -45.02819 0.50980 0.45098 0.38039
v -40.40549 -26.16268 -45.33705 0.57255 0.50196 0.39608
v -44.75922 -25.8673 -45.79452 0.53333 0.46275 0.38431
v -48.03241 -24.7537 -46.23483 0.54118 0.48235 0.40392
v -51.12999 -25.48183 -46.34697 0.54902 0.49020 0.40392
v -55.55758 -27.30067 -46.80207 0.52549 0.45882 0.38431
v -52.76327 -26.47166 -46.55526 0.53333 0.46275 0.38824
v -46.15488 -23.54174 -45.84956 0.52549 0.47059 0.39216
v -46.79664 -21.23357 -45.64283 0.51765 0.45098 0.36863
v -48.79039 -22.72269 -45.76475 0.54510 0.48627 0.39608
v -48.60663 -19.77251 -45.55178 0.58824 0.50588 0.40784
v -53.97796 -23.24242 -46.27985 0.53725 0.46275 0.36863
v -52.21245 -21.57715 -46.11906 0.51765 0.46275 0.39608
v -54.47028 -20.14793 -46.09963 0.60392 0.52157 0.40000
v -46.84474 -17.86399 -45.09132 0.52941 0.46667 0.38039
v -45.37829 -22.1354 -45.72615 0.52549 0.46275 0.38824
v -43.68244 -19.99689 -45.31934 0.58039 0.50980 0.41961
v -46.17319 -26.82098 -45.70253 0.53725 0.46667 0.37647
v -42.53926 -23.44778 -45.47523 0.55686 0.48627 0.40392
v -42.50462 -27.19797 -45.47429 0.50588 0.44314 0.38039
v -40.49433 -29.01411 -45.20594 0.56471 0.49804 0.40784
v -40.31696 -32.16991 -44.88139 0.52549 0.46275 0.38824
v -38.62174 -32.00352 -44.71778 0.50980 0.45098 0.38824
v -37.27026 -29.8786 -44.91839 0.48235 0.44706 0.40000
v -35.42079 -26.54273 -44.91853 0.45490 0.41569 0.36863
v -38.865 -33.4678 -44.21505 0.52157 0.46667 0.39216
v -40.70832 -34.37668 -44.43003 0.50196 0.44314 0.37255
v -40.02845 -37.15731 -44.07141 0.53333 0.47843 0.38824
v -36.84576 -35.10449 -44.03047 0.52549 0.47059 0.40392
v -36.12817 -33.01817 -44.1536 0.49412 0.42353 0.36471
v -36.24415 -37.31843 -43.72321 0.49804 0.45490 0.38824
v -34.13998 -30.47535 -44.56136 0.50980 0.46667 0.41569
v -31.44914 -30.17193 -44.38781 0.41569 0.36863 0.34510
v -34.58315 -34.39736 -43.8609 0.50980 0.43529 0.35686
v -33.10296 -34.53184 -43.81652 0.49412 0.43529 0.37647
v -34.59704 -37.50555 -43.58305 0.52157 0.46667 0.40000
v -40.16861 -39.1336 -43.67278 0.54118 0.47843 0.40392
v -37.93543 -38.97288 -43.42311 0.49804 0.43137 0.37647
v -36.83719 -39.72103 -43.19483 0.50980 0.43922 0.37255
v -36.26391 -41.12042 -42.8614 0.46275 0.40392 0.35294
v -34.88516 -39.66287 -43.13694 0.45490 0.39608 0.34118
v -34.53815 -41.19376 -42.8241 0.55294 0.48235 0.40000
v -78.19454 -52.57289 -44.80178 0.53333 0.46667 0.38431
v -79.51337 -48.28649 -46.24486 0.56078 0.48627 0.39216
v -78.91965 -50.16892 -45.57389 0.50980 0.45098 0.38824
v -75.47695 -53.94554 -43.88781 0.55686 0.48627 0.39216
v -73.16408 -52.41239 -44.27348 0.53333 0.46667 0.39216
v -71.71003 -56.04243 -42.62762 0.51373 0.45490 0.38431
v -159.4228 -66.75854 -42.15409 0.54510 0.46275 0.39608
v -162.1482 -66.32258 -42.61014 0.50980 0.43922 0.38824
v -161.996 -69.52567 -40.07484 0.50980 0.43922 0.38039
v -161.1117 -67.52053 -41.76511 0.52941 0.44314 0.39216
v -163.944 -68.24781 -41.47163 0.54118 0.46275 0.40392
v -167.6076 -67.25291 -42.3239 0.50980 0.44314 0.38431
v -165.6427 -68.24111 -41.41951 0.54902 0.46667 0.38039
v -173.7912 -63.73488 -44.99966 0.49020 0.41961 0.35686
v -191.8322 -61.21965 -41.7343 0.35294 0.32157 0.29804
v -185.8776 -63.78688 -40.69181 0.41176 0.35294 0.30588
v -190.9152 -57.31038 -44.13191 0.42353 0.36471 0.36078
v -187.3153 -57.38425 -43.91897 0.46667 0.41569 0.34902
v -184.599 -62.84446 -42.88116 0.51373 0.43137 0.36078
v -186.8485 -71.93921 -36.29106 0.36863 0.36471 0.33725
v -192.1633 -60.57862 -44.16314 0.49804 0.44314 0.37255
v -192.5147 -58.27131 -43.80787 0.40784 0.36078 0.33333
v -191.2133 -55.06282 -46.10246 0.55294 0.48235 0.39608
v -189.5629 -54.6411 -44.62892 0.40000 0.37647 0.32157
v -182.4619 -64.79651 -43.053 0.51373 0.44314 0.36078
v -186.2052 -57.76355 -45.20867 0.48627 0.42353 0.34902
v -185.8443 -56.47124 -47.06613 0.49804 0.43529 0.37647
v -183.2931 -57.31933 -47.60663 0.54510 0.45882 0.36863
v -190.376 -51.77923 -48.40356 0.49804 0.43922 0.36863
v -192.7076 -54.21741 -48.20717 0.45882 0.41961 0.35686
v -192.9489 -52.00148 -50.19304 0.38824 0.34902 0.31765
v -191.0646 -58.02758 -53.2895 0.41176 0.36863 0.32941
v -193.1136 -49.18054 -52.67221 0.40392 0.36471 0.33333
v -191.341 -54.96401 -55.01197 0.35294 0.32549 0.29412
v -185.0397 -68.59752 -38.8472 0.54902 0.47451 0.45490
v -181.8834 -68.87442 -40.15333 0.48235 0.41569 0.34510
v -180.7111 -66.87239 -42.09342 0.52941 0.44706 0.38431
v -179.2429 -64.72018 -43.95052 0.50980 0.45098 0.38824
v -174.4995 -70.50074 -39.49601 0.52157 0.45882 0.36863
v -183.396 -70.19034 -37.28108 0.38431 0.32549 0.26667
v -189.9891 -46.53834 -56.61912 0.46275 0.40000 0.32941
v -192.9371 -46.01742 -54.45722 0.48627 0.41961 0.36471
v -191.7564 -46.43401 -55.74612 0.53333 0.46275 0.38039
v -191.4474 -47.26294 -52.87836 0.51765 0.44706 0.37255
v -191.792 -47.28043 -56.68824 0.40392 0.38431 0.38431
v -192.2968 -49.85811 -49.88602 0.48627 0.41176 0.36863
v -188.4703 -52.72085 -47.50223 0.44314 0.40000 0.34118
v -186.4742 -52.53002 -49.17504 0.52941 0.47451 0.38824
v -187.1602 -52.91751 -49.22221 0.50980 0.43922 0.36863
v -185.2555 -53.31156 -49.21075 0.50588 0.43922 0.37647
v -182.1768 -53.84771 -49.27084 0.50196 0.44314 0.37255
v -186.4541 -49.77306 -50.5561 0.52941 0.46275 0.40392
v -188.0333 -47.91513 -50.84435 0.52549 0.46275 0.39608
v -189.9325 -48.64769 -50.22067 0.47843 0.40392 0.37255
v -186.6465 -46.21707 -51.24907 0.44706 0.38431 0.36078
v -185.0415 -45.18994 -52.60976 0.49412 0.42353 0.34118
v -191.4873 -49.02723 -51.18963 0.58039 0.49804 0.42353
v -173.3081 -69.15006 -41.10038 0.53725 0.45882 0.37647
v -171.752 -70.2186 -40.14283 0.54902 0.46667 0.39216
v -172.8675 -67.82565 -42.15112 0.54118 0.46667 0.38824
v -176.2035 -66.94783 -42.62101 0.52941 0.44314 0.38824
v -176.2681 -64.36015 -44.34322 0.49020 0.43137 0.37255
v -176.5629 -61.86385 -45.72154 0.51373 0.43922 0.37647
v -189.087 -47.22473 -52.15014 0.54902 0.47451 0.38431
v -189.451 -45.73316 -54.11953 0.54118 0.47451 0.38039
v -187.3991 -44.49444 -54.13936 0.56471 0.48627 0.38431
v -188.049 -46.30765 -53.35073 0.49412 0.41569 0.33333
v -183.2686 -47.55674 -51.16878 0.53725 0.47059 0.41569
v -194.0521 -11.40226 -50.0981 0.29020 0.28235 0.26275
v -187.1211 -19.25859 -47.45504 0.59608 0.51373 0.40784
v -178.1108 -18.05015 -47.59997 0.58431 0.51373 0.43137
v -188.315 -17.21075 -46.16846 0.57647 0.49020 0.40392
v -188.6398 -13.90594 -44.05385 0.57647 0.50980 0.42353
v -184.431 -15.06133 -45.21614 0.60392 0.51765 0.42353
v -185.685 -16.34675 -45.99309 0.58039 0.50980 0.41569
v -182.9354 -16.79524 -46.50455 0.61176 0.53725 0.43922
v -182.337 -22.63332 -49.2598 0.53333 0.45882 0.38431
v -181.5232 -26.38211 -50.80575 0.60392 0.52157 0.42745
v -180.9287 -30.23336 -51.72814 0.55294 0.48627 0.39216
v -179.5245 -28.95966 -51.51179 0.50588 0.44314 0.37647
v -182.6779 -30.16558 -51.61911 0.60000 0.52941 0.41176
v -183.6402 -29.13354 -51.27983 0.54118 0.47451 0.38824
v -181.619 -33.35076 -51.90384 0.52941 0.46667 0.38824
v -184.3337 -11.37731 -42.71376 0.55686 0.48627 0.40784
v -188.4611 -9.915729 -40.8114 0.58824 0.50588 0.40000
v -192.1547 -6.918486 -37.48023 0.51765 0.44314 0.35686
v -187.9265 -7.109966 -38.54158 0.59608 0.51765 0.41569
v -190.7418 -16.40199 -45.80912 0.58824 0.51373 0.41176
v -194.9193 -13.66789 -42.15262 0.40000 0.35294 0.30980
v -195.5567 -8.30937 -38.47479 0.33725 0.30980 0.27451
v -196.738 -5.510047 -36.23823 0.35294 0.29412 0.25882
v -193.1582 -5.016865 -33.66065 0.43137 0.39216 0.34510
v -196.5399 -4.428549 -32.96567 0.39608 0.36471 0.31765
v -186.8465 -9.773943 -40.97987 0.55686 0.49020 0.40392
v -186.4539 -11.58174 -42.61697 0.54902 0.47843 0.38431
v -186.1787 -13.78487 -44.30617 0.60392 0.52941 0.43137
v -182.5498 -12.6807 -43.79337 0.58431 0.51373 0.41176
v -176.8938 -33.14804 -51.93509 0.53725 0.48235 0.38824
v -171.495 -33.45631 -52.18545 0.52157 0.45490 0.37647
v -176.9336 -30.87747 -51.76182 0.50980 0.43137 0.35294
v -175.049 -32.097 -51.99127 0.58431 0.50588 0.40000
v -172.2078 -30.80828 -52.01516 0.55686 0.49804 0.40000
v -160.8097 -36.18716 -51.88848 0.56471 0.48627 0.38431
v -161.8686 -33.32169 -52.00105 0.52549 0.47059 0.37647
v -161.9765 -31.2461 -51.93999 0.53725 0.47059 0.38039
v -167.7387 -28.57826 -51.84788 0.61569 0.53333 0.42353
v -175.9495 -29.79177 -51.81196 0.57255 0.50588 0.40000
v -171.4065 -28.27195 -51.751 0.54118 0.48627 0.40392
v -178.2885 -27.836 -51.28758 0.60392 0.52549 0.41961
v -176.2113 -26.85535 -51.26175 0.57647 0.50980 0.40000
v -173.2026 -26.86018 -51.42957 0.57255 0.50196 0.40784
v -172.2298 -23.80382 -50.54363 0.58039 0.49804 0.40392
v -180.3374 -23.88635 -49.9342 0.54902 0.48627 0.41176
v -175.3695 -21.50427 -49.36323 0.62745 0.54902 0.44314
v -177.503 -24.38277 -50.4391 0.50980 0.45098 0.38039
v -170.0488 -22.79088 -50.32106 0.52157 0.47451 0.41569
v -168.679 -26.16417 -51.42537 0.55294 0.48627 0.40000
v -169.4838 -19.95498 -49.01581 0.53333 0.47451 0.40000
v -194.6045 -18.10579 -45.12481 0.40000 0.35294 0.30196
v -192.4608 -9.815307 -38.5849 0.47059 0.41961 0.35294
v -199.277 2.704486 -31.03382 0.49804 0.41961 0.33725
v -198.8285 -0.9830092 -27.91848 0.34118 0.29804 0.25098
v -190.002 -4.034287 -34.55297 0.53333 0.45490 0.36863
v -187.0855 -3.825616 -35.11639 0.61961 0.52941 0.42353
v -183.5857 -3.783802 -35.71329 0.57647 0.50588 0.40784
v -183.4701 -1.817952 -33.55667 0.58431 0.51373 0.40784
v -184.1982 -1.053411 -32.47925 0.57255 0.49412 0.39216
v -188.2547 -2.760392 -33.66558 0.54510 0.47059 0.38431
v -186.9568 -1.629739 -32.49557 0.57255 0.49020 0.40000
v -185.3196 -0.445563 -31.18747 0.54118 0.47059 0.38431
v -187.0476 0.1534227 -29.73632 0.58039 0.49412 0.40392
v -190.1126 -0.663101 -30.29307 0.59216 0.52157 0.42745
v -189.067 1.639382 -26.71412 0.56471 0.48627 0.38431
v -187.1243 1.930308 -27.03751 0.59216 0.50588 0.40000
v -191.5671 2.271837 -24.01316 0.51765 0.43529 0.33333
v -193.7043 0.3469322 -27.68421 0.58824 0.50980 0.40784
v -194.637 -0.608026 -27.05881 0.40392 0.35686 0.30196
v -200.7158 1.190826 -22.59286 0.42745 0.37647 0.33333
v -196.6875 3.056297 -16.74879 0.53333 0.45098 0.34902
v -193.0436 5.600834 -12.90525 0.65098 0.59608 0.50196
v -189.839 10.7803 -9.859231 0.49020 0.42745 0.38824
v -185.4699 9.122785 -7.659016 0.52941 0.44706 0.34902
v -190.5295 5.986804 -11.13983 0.60000 0.51765 0.40392
v -190.9373 4.05647 -19.31402 0.55294 0.47059 0.39216
v -191.819 3.240449 -20.42386 0.53725 0.47451 0.38824
v -188.4983 2.896415 -24.44379 0.57647 0.50196 0.40784
v -189.6726 3.157177 -22.32075 0.58431 0.50980 0.40000
v -183.661 1.135965 -29.1701 0.55294 0.49020 0.40000
v -185.3997 2.300345 -26.73711 0.58824 0.50588 0.40392
v -185.6641 3.220016 -24.87431 0.54118 0.46667 0.38824
v -183.5892 5.141074 -21.994 0.60000 0.52549 0.43137
v -184.1539 3.9637 -23.99658 0.59216 0.51373 0.41569
v -185.3832 4.986546 -20.79451 0.55686 0.49020 0.40000
v -187.3291 3.814168 -22.89948 0.58824 0.50980 0.40392
v -185.8421 5.694598 -18.63799 0.50980 0.45098 0.38039
v -188.1144 4.655203 -20.3634 0.56471 0.48627 0.40000
v -188.309 5.173449 -18.62699 0.60784 0.52157 0.42745
v -183.4893 6.131285 -18.97872 0.61961 0.54118 0.44706
v -186.6354 6.072101 -16.60217 0.63529 0.54118 0.41569
v -184.0691 6.847435 -16.13396 0.55686 0.49020 0.40784
v -181.8903 6.862201 -17.94228 0.58824 0.51373 0.41961
v -181.4142 7.505002 -15.84476 0.56078 0.49804 0.40784
v -182.1928 7.73934 -13.88909 0.58824 0.51373 0.41961
v -180.6977 5.935249 -21.28367 0.61176 0.51373 0.41176
v -180.2738 6.826165 -19.21408 0.59608 0.53725 0.44314
v -178.6421 7.36396 -18.46376 0.62353 0.53725 0.43529
v -181.4953 4.40096 -24.5565 0.61569 0.53725 0.43137
v -183.1442 2.694815 -26.67343 0.58824 0.49804 0.40784
v -181.7344 2.796281 -27.45035 0.61961 0.52549 0.42353
v -179.2659 4.963394 -23.99155 0.59216 0.50196 0.41176
v -178.8272 3.864299 -26.22036 0.58431 0.50588 0.41176
v -176.5515 5.873132 -23.35706 0.58039 0.51373 0.42745
v -179.0073 6.094502 -21.82071 0.60000 0.51765 0.42745
v -177.5304 6.488513 -21.70503 0.61176 0.53725 0.43922
v -184.2056 2.486594 -26.6409 0.52157 0.45882 0.38431
v -182.0433 1.020429 -29.81848 0.53333 0.46667 0.37647
v -180.7845 -0.2019571 -31.98028 0.59216 0.50980 0.40392
v -177.997 0.2593296 -31.90788 0.58039 0.50980 0.41569
v -179.2793 2.127697 -29.09932 0.49020 0.42745 0.34118
v -177.0798 1.270868 -30.77217 0.58039 0.51373 0.41961
v -177.1617 2.632011 -28.96271 0.59216 0.50980 0.41569
v -177.0508 4.800332 -25.05783 0.54902 0.48627 0.40000
v -174.808 1.968613 -30.10632 0.48627 0.44314 0.38039
v -174.4996 4.465482 -26.35504 0.56471 0.48627 0.40392
v -175.0629 5.305943 -24.77501 0.58824 0.51765 0.41961
v -171.9878 4.549341 -27.02892 0.56078 0.50588 0.42353
v -169.265 5.579926 -25.93793 0.58039 0.50196 0.42353
v -177.6815 -1.371997 -33.96314 0.58824 0.50980 0.43137
v -190.6947 -33.98031 -51.1625 0.55686 0.49804 0.40392
v -190.1688 -29.93394 -50.60798 0.56471 0.48627 0.38039
v -189.4648 -36.00601 -51.76392 0.56863 0.49804 0.39608
v -42.69249 -34.10564 -58.74178 0.51765 0.44706 0.34902
v -50.44986 16.8724 -43.01823 0.49020 0.42745 0.34118
v -52.31343 20.65538 -40.85014 0.48627 0.41569 0.36471
v -52.65946 26.92862 -37.14595 0.37647 0.34510 0.31765
v -47.17064 29.73793 -33.03772 0.47059 0.41176 0.34510
v -38.59388 32.69887 -32.0589 0.41176 0.37647 0.32549
v -31.60657 35.4134 -28.24352 0.32941 0.30588 0.26275
v -42.86868 30.9408 -32.34471 0.52941 0.46275 0.37255
v -31.93425 33.33189 -30.96668 0.50980 0.44314 0.34510
v -36.89017 30.69603 -33.41031 0.52157 0.46275 0.38039
v -30.54057 30.47995 -34.05032 0.44706 0.39216 0.33333
v -33.66492 29.53325 -34.95263 0.41176 0.36471 0.30980
v -31.89233 25.80536 -37.30374 0.45490 0.40392 0.34510
v -34.5209 28.33571 -33.79274 0.45882 0.40784 0.34118
v -36.03068 29.1086 -35.03301 0.38431 0.35686 0.32157
v -37.66558 27.97849 -35.87108 0.44314 0.39608 0.34902
v -38.9058 26.6275 -35.51359 0.43137 0.38431 0.32157
v -48.73097 27.0803 -36.30431 0.41176 0.36863 0.31373
v -43.15985 26.30757 -37.36734 0.38039 0.35294 0.30588
v -47.74629 22.06028 -38.26446 0.43529 0.38039 0.31765
v -48.0676 21.29272 -40.20661 0.50196 0.43529 0.34510
v -38.40612 25.50824 -36.38433 0.48235 0.41569 0.34510
v -38.60541 23.12582 -38.94445 0.39608 0.36863 0.32157
v -36.73343 24.62304 -36.81218 0.49412 0.43529 0.34118
v -32.65814 23.89536 -38.50094 0.45882 0.40784 0.34118
v -34.71368 23.10096 -39.35953 0.40784 0.36471 0.32941
v -33.67662 26.36566 -35.99339 0.49020 0.41569 0.35686
v -27.12988 27.58084 -37.63423 0.38824 0.34902 0.30980
v -22.05163 31.32976 -32.09084 0.48627 0.42353 0.36078
v -31.26204 23.54019 -39.9075 0.44314 0.38431 0.31765
v -16.69716 22.91003 -41.26941 0.40784 0.35686 0.31373
v -23.26674 22.37897 -42.1297 0.43529 0.39608 0.35294
v -29.84896 18.45454 -44.98711 0.40392 0.37255 0.33333
v -33.90606 16.26959 -45.9693 0.35686 0.31765 0.30588
v -31.51729 19.8302 -42.72842 0.45490 0.39608 0.35294
v -32.07058 20.01123 -40.55807 0.45098 0.39216 0.34510
v -33.55065 19.74404 -41.21156 0.47451 0.43137 0.34902
v -35.8403 16.6566 -42.93501 0.48627 0.42745 0.35294
v -37.87938 18.49491 -42.42798 0.45098 0.40784 0.34902
v -37.06497 14.86171 -43.08247 0.50588 0.42745 0.34510
v -37.54798 13.85355 -43.94533 0.53725 0.46275 0.36863
v -33.55981 16.67193 -42.52546 0.49804 0.42353 0.34118
v -21.75846 15.17185 -47.32127 0.47059 0.42745 0.37255
v -20.67894 31.42785 -32.48316 0.36471 0.32941 0.28235
v -18.47843 33.51652 -29.611 0.42745 0.39608 0.33333
v -16.048 29.23194 -33.76796 0.48627 0.41176 0.34118
v -23.60652 29.47728 -34.08708 0.50196 0.42745 0.34902
v -13.29747 27.91049 -34.90959 0.38039 0.33333 0.30980
v -13.77761 32.66674 -30.67207 0.43922 0.39216 0.33725
v -11.10363 33.86364 -29.73703 0.49804 0.43529 0.35686
v -11.11846 31.92596 -31.56089 0.45098 0.39216 0.34510
v -10.13888 36.4807 -27.87196 0.40784 0.36863 0.31765
v -27.17378 36.27216 -27.37179 0.38431 0.35686 0.32549
v -47.78441 14.7717 -47.09184 0.35686 0.32941 0.30196
v -50.86027 20.25874 -40.24775 0.52941 0.44314 0.34118
v -47.36756 15.55986 -43.25063 0.50588 0.43922 0.35294
v -50.23815 18.6168 -41.74765 0.49412 0.43137 0.36471
v -51.31932 23.13067 -38.61278 0.46667 0.41176 0.33725
v -49.84763 22.79448 -39.58748 0.40784 0.36471 0.30980
v -51.24626 25.45993 -35.75103 0.46667 0.39608 0.32941
v -37.45449 0.8725147 -54.51601 0.41176 0.36078 0.31765
v -37.34466 -10.11162 -57.84517 0.32941 0.29020 0.25098
v -19.74533 -8.43145 -57.44372 0.32549 0.29412 0.25490
v -6.68554 -2.681168 -56.21049 0.49804 0.42353 0.35686
v -33.87556 0.89896 -54.57699 0.40784 0.35686 0.30588
v -29.89674 5.910613 -52.32909 0.36078 0.34118 0.31765
v -45.43627 15.48239 -44.58445 0.44314 0.39216 0.32941
v -46.29905 14.25166 -44.29089 0.47059 0.41176 0.33725
v -43.27413 13.66496 -47.76795 0.36078 0.34118 0.29804
v -43.13027 13.79265 -44.25279 0.49020 0.42745 0.35686
v -36.93151 14.24229 -47.73486 0.41569 0.36863 0.32549
v -19.11151 4.564218 -53.03184 0.41176 0.38039 0.31765
v -39.73648 6.60887 -51.87244 0.52157 0.45490 0.38039
v -41.59807 15.67718 -44.25271 0.44706 0.40000 0.34510
v -47.21247 18.40117 -42.56566 0.40784 0.38039 0.33333
v -44.13843 19.45398 -39.9374 0.64706 0.55294 0.43922
v -43.54575 20.76499 -40.37519 0.41176 0.38431 0.32549
v -40.65429 20.99567 -39.06224 0.50980 0.44706 0.36863
v -44.6156 17.85116 -42.0586 0.41961 0.38431 0.32549
v -36.86791 22.21099 -38.42539 0.44706 0.40392 0.34118
v -12.32968 12.75435 -49.5161 0.43529 0.39608 0.35686
v -16.09 22.74587 -39.1989 0.46667 0.39608 0.32549
v -12.21357 23.62403 -38.6624 0.38824 0.34510 0.30196
v -14.82662 23.26213 -38.8879 0.49412 0.41961 0.35294
v -9.669588 20.7683 -41.14901 0.50588 0.43137 0.36078
v -11.95727 19.55508 -44.52476 0.34118 0.30980 0.27451
v -12.42809 20.73092 -39.93633 0.45490 0.40392 0.32157
v -10.65344 18.99112 -40.75668 0.52157 0.44706 0.36078
v -6.251225 23.76858 -37.64835 0.50196 0.43922 0.35686
v -11.39839 23.43078 -37.01495 0.48235 0.42745 0.35294
v -16.25589 26.28546 -35.9969 0.47059 0.41176 0.35294
v -12.32211 28.3989 -34.32289 0.50980 0.43529 0.36471
v -9.526955 24.4132 -37.14196 0.47843 0.40784 0.34118
v -7.787358 26.34407 -36.8777 0.38431 0.34902 0.31373
v -6.660332 25.45857 -36.23664 0.49804 0.43529 0.36078
v -6.249667 30.12244 -33.97006 0.39216 0.35686 0.31765
v -1.443093 29.44635 -34.37158 0.52157 0.45490 0.37255
v -0.04074542 32.88456 -32.45699 0.45490 0.40392 0.33333
v -3.090418 35.56401 -29.72392 0.36863 0.32941 0.29804
v 1.595288 35.27064 -30.10632 0.46275 0.40392 0.33725
v 3.17005 32.23431 -34.02564 0.36471 0.31373 0.29412
v -1.91899 17.82298 -46.42262 0.42745 0.38824 0.34902
v -1.874371 5.149913 -52.63581 0.40784 0.35686 0.31373
v -0.4759076 21.53921 -42.83727 0.38431 0.35686 0.30196
v 4.028386 18.22322 -46.02241 0.38431 0.36078 0.33725
v 4.338263 12.65734 -48.95323 0.44314 0.40000 0.34902
v -6.246248 19.29564 -44.48905 0.41569 0.38039 0.33333
v -5.361323 21.51854 -40.98786 0.46275 0.42353 0.37255
v -7.653487 23.4382 -39.08914 0.39216 0.37255 0.32549
v -6.679308 28.02835 -35.10195 0.50980 0.44706 0.36078
v -3.327397 26.91401 -36.78169 0.39608 0.36471 0.33333
v -1.468094 25.47292 -36.72147 0.50196 0.43529 0.36863
v -0.02239236 27.89909 -36.6757 0.43529 0.40000 0.34902
v -0.9502933 24.72281 -39.0275 0.55294 0.48235 0.38824
v -1.517707 21.92123 -39.6245 0.51765 0.45882 0.36471
v 10.94789 23.49203 -41.79483 0.37255 0.35294 0.30196
v 7.487702 13.59018 -48.46395 0.44706 0.39608 0.32941
v 12.18286 20.04008 -45.08684 0.41176 0.38039 0.32941
v 19.03283 16.73644 -47.16522 0.45490 0.41176 0.36078
v -6.456823 9.598691 -50.83842 0.49804 0.43529 0.35294
v -11.11549 2.284366 -54.4849 0.35686 0.32941 0.29020
v 6.221121 0.8755745 -54.9733 0.38039 0.33725 0.29804
v 7.494875 -15.23953 -59.022 0.38431 0.34118 0.30588
v 16.82153 -12.96769 -58.75685 0.36471 0.32941 0.28627
v 10.74403 -4.405753 -57.06701 0.36471 0.32157 0.27843
v 8.743168 -6.71411 -57.63023 0.33333 0.30588 0.27059
v 16.73631 -2.674156 -56.40044 0.41569 0.36078 0.30196
v 33.67463 2.977065 -54.44598 0.41176 0.36078 0.29804
v 21.31116 2.509677 -54.27275 0.40784 0.35294 0.30588
v 21.07746 -7.702992 -58.02311 0.37255 0.32941 0.27843
v 38.57077 -9.092733 -58.20386 0.36078 0.32941 0.28627
v 9.893614 3.585001 -53.43802 0.41961 0.38039 0.31765
v 27.00707 14.57243 -48.62471 0.45098 0.39608 0.32549
v 22.67088 24.69889 -41.0851 0.49020 0.43529 0.36471
v 13.15462 31.06716 -34.94219 0.46275 0.40392 0.32941
v 25.00269 30.85315 -36.1949 0.45882 0.40392 0.33333
v 28.098 34.59774 -32.4576 0.43529 0.38824 0.33333
v 32.79216 37.24217 -29.60665 0.40000 0.36078 0.30980
v 25.69559 41.80401 -23.83107 0.44314 0.39608 0.34118
v 34.79684 38.59233 -28.33982 0.40784 0.36863 0.32157
v 36.95243 38.26366 -28.25165 0.44706 0.39608 0.32941
v 38.80345 29.17096 -38.21063 0.46667 0.40392 0.33333
v 40.53612 35.34491 -31.90991 0.40392 0.34902 0.29412
v 56.76305 37.29938 -30.47474 0.49020 0.42353 0.34902
v 50.74843 42.13603 -25.02892 0.33725 0.30588 0.28235
v 37.52907 44.01306 -21.54972 0.41569 0.36863 0.31373
v 67.07577 37.98438 -30.11613 0.37647 0.33725 0.30980
v 57.81086 41.17897 -26.53414 0.37255 0.33725 0.29804
v 51.05953 45.43408 -20.40541 0.41961 0.37255 0.32157
v 64.94761 43.48791 -22.75349 0.43529 0.39216 0.33333
v 77.15659 40.42541 -26.34244 0.43137 0.38431 0.32941
v 76.01962 34.98109 -33.14125 0.44706 0.40784 0.36471
v 67.78313 31.85674 -36.45974 0.43529 0.38039 0.32941
v 76.03285 31.32387 -36.52835 0.43529 0.39216 0.32549
v 86.67466 31.1905 -36.61146 0.42353 0.37647 0.32157
v 83.16001 24.95303 -42.51593 0.44314 0.39216 0.32157
v 100.2025 23.88528 -42.8386 0.38824 0.34902 0.32157
v 78.92457 19.60852 -46.72769 0.45490 0.40784 0.34510
v 87.97866 22.93522 -44.04928 0.41961 0.38039 0.32549
v 95.94672 30.30042 -36.89226 0.39216 0.35686 0.31765
v 87.12694 35.51706 -31.06562 0.42745 0.38824 0.32549
v 86.65949 41.27293 -23.8586 0.49412 0.43137 0.35686
v 57.95445 46.08762 -18.76011 0.52549 0.44314 0.34902
v 42.43596 47.92249 -15.86571 0.37647 0.35686 0.30196
v 35.16752 49.15099 -12.81788 0.49804 0.42353 0.35686
v 41.54715 50.96858 -9.78734 0.40392 0.36863 0.34510
v 36.52467 50.35717 -10.72058 0.47451 0.41569 0.34902
v 31.56312 46.72502 -15.99816 0.42353 0.36863 0.31765
v 37.64377 41.73438 -24.93824 0.50588 0.44706 0.40000
v -4.106368 19.83673 -41.19505 0.52157 0.45098 0.38824
v -6.425396 19.99816 -40.80252 0.46667 0.41961 0.36078
v -2.997235 21.99766 -40.02208 0.40392 0.37255 0.31373
v -155.959 -41.70641 -51.40118 0.52941 0.46275 0.39608
v -157.8238 -44.57804 -51.00123 0.51765 0.46667 0.39216
v -158.0331 -46.48412 -50.34686 0.51765 0.43137 0.35686
v -158.5709 -47.62633 -50.29121 0.52941 0.47059 0.37647
v -156.0701 -51.83442 -49.15209 0.54902 0.47451 0.37255
v -158.7947 -49.5136 -49.71116 0.48235 0.43137 0.35294
v -157.5201 -49.14463 -49.77257 0.50980 0.43529 0.34510
v -160.1295 -45.52856 -50.8107 0.52549 0.46667 0.40000
v -158.0879 -41.50447 -51.42423 0.55686 0.47451 0.38039
v -158.6749 -39.59285 -51.64104 0.51765 0.47451 0.40784
v -159.7486 -38.53336 -51.67831 0.56863 0.49412 0.39608
v -160.2658 -43.19849 -51.16019 0.55686 0.47843 0.39216
v -162.6084 -42.01165 -51.36602 0.49804 0.43922 0.37255
v -164.7957 -39.17371 -51.86355 0.56471 0.49804 0.40784
v -162.417 -39.93635 -51.61228 0.49412 0.43137 0.35686
v 148.7939 52.398 65.61427 0.37255 0.32549 0.27451
v 171.484 49.38688 54.52903 0.33333 0.30980 0.28235
v 170.1828 41.58176 53.69959 0.46275 0.42353 0.35294
v 172.2824 44.24152 47.15331 0.52549 0.43922 0.35294
v 172.6815 43.53731 43.38487 0.50588 0.43529 0.36863
v 173.2923 43.95579 39.152 0.57647 0.49412 0.38431
v 174.1251 42.26218 36.66819 0.46667 0.40392 0.35294
v 174.0198 44.92568 39.01126 0.51373 0.44706 0.36863
v 103.1822 33.0198 81.63145 0.52157 0.47451 0.40000
v 108.2168 40.67367 61.05745 0.58431 0.51373 0.41961
v 105.8663 39.88249 64.51628 0.55294 0.49020 0.41961
v 107.6473 41.36368 55.05153 0.56471 0.49020 0.40000
v 102.2899 41.20967 58.18733 0.50588 0.45882 0.40784
v 106.5608 38.75933 69.02104 0.58824 0.51373 0.40392
v 89.46245 38.29263 68.07514 0.50980 0.45882 0.39216
v 91.14613 39.48068 65.01039 0.56078 0.49412 0.40784
v 94.36563 38.94784 67.50268 0.54118 0.48627 0.41569
v 92.96205 40.45274 61.23265 0.56078 0.50588 0.43922
v 88.46509 39.40924 64.83499 0.54510 0.48627 0.41176
v 88.43108 37.19282 70.77885 0.57255 0.50980 0.41569
v 90.73259 35.68003 74.91897 0.55294 0.47843 0.39608
v 89.98362 34.33496 77.65186 0.53725 0.47059 0.40392
v 89.52491 33.45984 79.32204 0.54118 0.48235 0.40392
v 95.72061 32.9515 80.58931 0.52941 0.47059 0.39608
v 19.6069 -53.76751 -52.2615 0.50588 0.45098 0.39216
v 23.77003 -49.6305 -53.67439 0.50588 0.42745 0.34510
v 36.71056 -52.19176 -52.95431 0.42745 0.39216 0.35294
v 33.60014 -56.28149 -51.21012 0.50196 0.45098 0.38431
v 27.0084 -57.12061 -50.02662 0.55294 0.47451 0.40392
v 30.28619 -59.85908 -47.72757 0.51373 0.44314 0.37255
v 24.60103 -59.28364 -47.70445 0.53725 0.47843 0.39216
v 28.42078 -63.09069 -44.04759 0.38431 0.34118 0.29020
v 31.9263 -62.87919 -45.42581 0.40784 0.38039 0.32941
v 36.16801 -61.55921 -46.47821 0.51373 0.43529 0.36078
v 36.57499 -61.54258 -47.37291 0.45882 0.40000 0.33725
v 40.61826 -57.46965 -50.68578 0.52157 0.45882 0.36863
v 41.34197 -44.5261 -55.9574 0.52549 0.46275 0.38431
v 48.6117 -51.14629 -53.62735 0.53725 0.45490 0.36863
v 62.96254 -58.35229 -49.99824 0.37647 0.34510 0.31373
v 49.9084 -30.51882 -58.27237 0.41961 0.37647 0.32941
v 49.43994 -34.8849 -57.61001 0.45882 0.40392 0.34118
v 31.47941 -46.55952 -55.16371 0.46667 0.41569 0.36078
v 47.71718 -24.52946 -58.84032 0.45098 0.38824 0.34118
v 56.3365 -8.86592 -58.4449 0.31765 0.28235 0.24706
v 61.28761 -12.81616 -58.92381 0.42353 0.36863 0.31765
v 56.88354 -21.78895 -58.81234 0.43137 0.38039 0.32549
v 33.03979 -27.08789 -58.66756 0.44706 0.38824 0.33333
v 39.86164 -37.3024 -57.33883 0.46275 0.40784 0.34902
v 40.80132 -29.35744 -58.65277 0.52941 0.46275 0.36863
v 10.60558 -58.58961 -49.65682 0.51373 0.46275 0.39216
v 6.391458 -64.97221 -46.30067 0.38039 0.35294 0.31765
v 2.082901 -63.23253 -46.84984 0.48627 0.43529 0.36471
v 9.411459 -65.63328 -45.02665 0.41176 0.38039 0.34902
v 11.98955 -55.27169 -51.71443 0.55686 0.49020 0.38824
v 20.01527 -58.81882 -48.91248 0.51373 0.46275 0.39608
v 24.76245 -63.61281 -44.30099 0.42745 0.40000 0.36863
v 19.66537 -62.70733 -46.33961 0.43529 0.39216 0.34510
v 15.74025 -59.47867 -48.47349 0.55294 0.47843 0.38039
v 16.05672 -64.31199 -43.82047 0.40392 0.36863 0.32157
v 16.08414 -62.62276 -45.4836 0.51765 0.45882 0.38431
v 19.37139 -64.26898 -44.67467 0.39216 0.34510 0.31373
v 21.42677 -60.30188 -39.29405 0.47059 0.43137 0.38431
v 19.82869 -54.22017 -37.48842 0.57255 0.50196 0.40392
v 18.48103 -53.72302 -36.8449 0.41961 0.39216 0.35686
v 14.85507 -55.28036 -36.74006 0.53725 0.44314 0.36078
v 10.43909 -61.47094 -47.48026 0.52157 0.45882 0.39608
v 2.928092 -64.47862 -41.90179 0.48235 0.43529 0.36863
v 12.52037 -64.73142 -43.80042 0.38039 0.34902 0.30980
v 9.658307 -58.7828 -36.03 0.42353 0.37647 0.32549
v 9.703784 -62.96305 -40.90119 0.55294 0.48627 0.39216
v 6.987922 -57.90142 -35.59017 0.36078 0.33333 0.29804
v 4.758414 -58.74529 -35.51018 0.40000 0.35686 0.31765
v 3.184457 -61.39583 -38.28076 0.51765 0.46275 0.40000
v 1.458398 -59.57433 -36.10241 0.50196 0.43922 0.37255
v -1.034684 -58.07784 -35.72248 0.36863 0.34510 0.31373
v 6.985391 -50.65491 -37.89973 0.47451 0.42745 0.37647
v 14.62619 -52.61163 -37.03834 0.42353 0.39216 0.34510
v 12.26245 -50.42121 -37.79911 0.42353 0.39608 0.34902
v 11.0962 -47.9702 -38.80339 0.49412 0.43137 0.36078
v 10.27091 -50.19186 -38.08346 0.48235 0.42745 0.36471
v 7.711615 -48.59877 -38.78344 0.46275 0.40000 0.34510
v 18.19393 -47.55518 -38.63815 0.51765 0.45882 0.38039
v 14.63478 -46.7488 -39.02557 0.47843 0.42353 0.36863
v 9.561657 -44.38288 -40.03875 0.50196 0.43137 0.36078
v 11.71717 -45.01979 -39.68774 0.42353 0.37255 0.32549
v 14.03397 -44.51938 -39.67473 0.49804 0.43529 0.36471
v 8.092952 -46.25623 -39.58263 0.45882 0.40000 0.35294
v 6.722133 -42.47916 -40.77458 0.47451 0.41569 0.33333
v 9.577727 -41.86483 -40.58239 0.50980 0.43922 0.36078
v 13.27106 -41.67027 -40.59553 0.42353 0.38039 0.34118
v 17.33303 -45.00357 -39.50148 0.52941 0.47451 0.38431
v 15.58707 -43.09495 -40.05587 0.47451 0.40392 0.35294
v 19.75539 -41.4497 -40.52149 0.43137 0.39216 0.34902
v 19.90203 -50.75762 -37.66389 0.41961 0.38431 0.34118
v 18.90709 -51.31583 -37.53775 0.49412 0.43529 0.36078
v 21.4701 -57.15696 -35.65124 0.38039 0.36078 0.33333
v 21.54222 -53.12626 -37.65918 0.55686 0.47843 0.38039
v 24.98497 -52.40529 -37.49482 0.54118 0.45882 0.36471
v 23.53534 -52.98416 -37.88296 0.58039 0.49020 0.39216
v 22.34069 -46.44734 -38.73087 0.54510 0.47451 0.37255
v 23.74212 -50.04525 -38.0543 0.54118 0.46275 0.36863
v 23.04304 -51.14497 -37.35346 0.42353 0.38431 0.32549
v 25.50074 -50.14775 -37.66411 0.44706 0.38431 0.33333
v 27.97306 -50.88659 -37.95217 0.50588 0.43922 0.34902
v 4.004037 -50.36937 -38.09972 0.45490 0.40000 0.34118
v 5.888471 -45.5594 -39.9517 0.54510 0.47843 0.38824
v 2.492357 -46.0627 -39.95582 0.49804 0.43529 0.36471
v 5.315515 -48.07631 -39.155 0.52157 0.46275 0.36863
v 2.84012 -48.37678 -39.23453 0.51765 0.45490 0.37647
v 2.07161 -49.36152 -38.67545 0.45098 0.40392 0.34118
v 0.4207204 -46.98043 -39.92701 0.49020 0.44314 0.38824
v -1.509507 -44.81308 -40.65044 0.48235 0.43137 0.36863
v 1.45869 -44.69644 -40.53158 0.47843 0.41569 0.36471
v 4.447864 -43.55602 -40.74369 0.47843 0.44314 0.38431
v 3.214486 -41.41776 -41.33963 0.49020 0.42353 0.36078
v 6.720713 -63.68464 -41.6259 0.59216 0.49804 0.38824
v -28.033 -52.94536 -38.73632 0.47451 0.43529 0.37255
v -32.39842 -53.78682 -38.65123 0.52157 0.45882 0.37647
v -26.55523 -50.75513 -39.62633 0.49020 0.43922 0.38824
v -25.90699 -52.81032 -38.70849 0.46275 0.41176 0.36863
v -24.17853 -51.1245 -39.29567 0.47843 0.43137 0.36863
v -22.96028 -49.51396 -39.66864 0.45490 0.41569 0.36863
v -24.43467 -48.20582 -40.38738 0.42353 0.38824 0.36471
v -24.08112 -46.35349 -40.90263 0.45882 0.41961 0.37255
v -22.01712 -45.03705 -41.29607 0.43922 0.38824 0.36078
v -24.22482 -42.75927 -41.90488 0.47451 0.43529 0.38824
v -21.89453 -47.27104 -40.52715 0.49412 0.44314 0.37647
v -19.04793 -53.28969 -37.9447 0.47451 0.43529 0.37255
v -20.02073 -51.20975 -38.82631 0.38824 0.35294 0.32157
v -20.69503 -48.86438 -39.9904 0.43529 0.39608 0.35686
v -17.62049 -52.84331 -38.27273 0.49020 0.42353 0.35294
v -15.03934 -52.19963 -38.29601 0.43529 0.38039 0.32549
v -14.8388 -54.21852 -37.38853 0.47059 0.42353 0.36078
v -9.842862 -52.72036 -37.84695 0.49804 0.43922 0.35294
v -6.507946 -52.80769 -37.61438 0.51765 0.44314 0.36078
v -2.670501 -51.7507 -37.85172 0.50588 0.43922 0.34902
v 2.261612 -51.22974 -37.87476 0.43922 0.39216 0.33725
v -1.111517 -50.13653 -38.28275 0.52549 0.44314 0.35294
v -2.380146 -49.38045 -39.06926 0.45882 0.39216 0.34118
v -0.3210741 -48.2767 -39.452 0.45098 0.40000 0.34510
v -1.150374 -47.02987 -39.62041 0.50588 0.43529 0.36863
v -2.60216 -46.30916 -40.11765 0.43529 0.39216 0.35294
v -1.377505 -43.46883 -41.06626 0.46667 0.42353 0.36471
v -3.437795 -43.12073 -41.27028 0.49804 0.43137 0.36078
v 11.01874 -39.59206 -41.21005 0.45882 0.40784 0.36471
v 7.810195 -33.72746 -42.94007 0.50196 0.43529 0.37255
v 10.61127 -36.49944 -42.07208 0.43529 0.39608 0.35686
v 16.49126 -40.94547 -40.72128 0.43529 0.39216 0.35686
v 31.10985 -52.34922 -36.75033 0.43529 0.39608 0.36078
v 32.38759 -56.56224 -36.0861 0.55294 0.48235 0.39216
v 37.86031 -55.93805 -36.09788 0.38824 0.37255 0.34902
v 39.66559 -48.7896 -37.49837 0.45098 0.39216 0.33333
v 35.5262 -47.8259 -38.76799 0.51373 0.44314 0.35294
v 34.04752 -51.31302 -37.09578 0.44314 0.38039 0.32157
v 38.69475 -47.03301 -38.29689 0.51765 0.45098 0.37255
v 37.9655 -48.68331 -38.20799 0.51373 0.44314 0.36471
v 41.43303 -47.78392 -38.77342 0.51373 0.44706 0.37647
v 42.20624 -45.76532 -38.98007 0.49412 0.41961 0.34118
v 42.2132 -44.99058 -38.65918 0.43137 0.38824 0.33725
v 40.52625 -40.60994 -39.75649 0.52549 0.45098 0.36078
v 39.78724 -44.54386 -38.7308 0.50980 0.44706 0.36471
v 39.17843 -37.37506 -40.68702 0.50588 0.43922 0.36078
v 46.97498 -44.98853 -38.95584 0.51765 0.43922 0.35686
v 45.53842 -46.03526 -38.95591 0.47059 0.41176 0.33725
v 49.03477 -44.41802 -39.41433 0.50196 0.43922 0.37647
v 46.23008 -47.03912 -39.33754 0.45490 0.39608 0.36078
v 42.48089 -49.63083 -37.04927 0.39216 0.36471 0.32941
v 41.42369 -46.34421 -38.45978 0.59216 0.51765 0.41176
v 44.28317 -48.71669 -37.76608 0.47059 0.40000 0.33333
v 43.12303 -62.64262 -46.23139 0.40392 0.38431 0.35686
v -18.27753 -50.10991 -39.4137 0.48627 0.43529 0.37647
v -17.70743 -48.01618 -39.94243 0.47451 0.41569 0.35294
v -20.09657 -47.34801 -40.64523 0.48235 0.43529 0.38039
v -15.12807 -48.91425 -39.57004 0.51373 0.45098 0.37255
v -15.09562 -47.54723 -40.50141 0.49412 0.43529 0.37255
v -15.13489 -45.49186 -41.02197 0.48235 0.40784 0.34118
v -19.03533 -46.08583 -41.01146 0.53725 0.47843 0.40000
v -18.11233 -44.71215 -41.39705 0.52157 0.44706 0.36471
v -19.47447 -42.7273 -41.95252 0.47059 0.40000 0.34510
v -21.08197 -41.09736 -42.38696 0.47059 0.42745 0.36863
v -20.6647 -38.5799 -42.98243 0.51373 0.44706 0.37255
v -23.60392 -39.86673 -42.56522 0.45098 0.40000 0.35686
v -17.88449 -41.4914 -42.25179 0.53725 0.47059 0.37647
v -16.94395 -39.20012 -42.80589 0.47059 0.39608 0.34902
v -14.122 -43.60026 -41.89058 0.55686 0.49412 0.38824
v -15.36118 -42.04862 -42.0942 0.53333 0.46667 0.38824
v -12.0752 -41.32403 -42.29714 0.52549 0.46667 0.39608
v -12.02729 -48.28509 -39.94024 0.52941 0.45098 0.37647
v -12.31594 -45.86092 -40.82738 0.46275 0.41961 0.37255
v -9.771186 -43.26657 -41.53381 0.50196 0.43922 0.36863
v -10.41251 -45.35748 -41.04186 0.46275 0.41961 0.37255
v -9.538336 -47.76343 -39.83802 0.47843 0.43137 0.36863
v -7.749869 -47.79656 -39.86013 0.51373 0.45490 0.37647
v -10.9807 -50.15969 -39.08278 0.50196 0.45490 0.38824
v -12.99901 -50.52881 -38.92652 0.49804 0.44314 0.37647
v -13.96153 -51.85884 -38.53765 0.50196 0.42745 0.35686
v -12.05668 -53.13442 -37.76718 0.40784 0.35294 0.31765
v -16.4272 -50.44231 -39.02788 0.50196 0.42745 0.34902
v -5.485449 -50.17453 -38.84804 0.50588 0.43529 0.34902
v -4.201695 -49.48153 -39.24508 0.47843 0.41569 0.36078
v -8.950122 -51.10724 -38.68976 0.44314 0.39216 0.34902
v -7.926242 -50.0436 -38.84118 0.54510 0.46667 0.36863
v -6.746913 -51.48533 -37.99455 0.45882 0.40000 0.33725
v -6.300936 -48.72175 -39.45303 0.46667 0.41961 0.36471
v -4.648823 -47.30261 -39.80822 0.43529 0.38431 0.33333
v -5.557303 -45.09688 -40.74841 0.49804 0.43137 0.35686
v -7.880413 -45.50618 -40.79508 0.50588 0.44314 0.37255
v -6.274123 -42.86423 -41.6241 0.45490 0.41961 0.38039
v -7.976374 -41.24884 -42.32846 0.48627 0.42745 0.36078
v -6.060542 -40.72715 -42.119 0.47451 0.40784 0.35686
v -10.21771 -38.8933 -42.83465 0.52549 0.44314 0.35686
v 7.012124 -38.53199 -41.8202 0.49804 0.43529 0.36863
v 6.774427 -35.94203 -42.49988 0.49804 0.45490 0.38431
v 5.979647 -32.78869 -43.3655 0.49412 0.43137 0.36471
v 3.024237 -33.75061 -43.44853 0.50196 0.43922 0.36078
v 5.147059 -38.38794 -42.02428 0.52157 0.45098 0.38431
v 3.308558 -38.50435 -42.19368 0.52941 0.46275 0.38824
v 4.06891 -30.00212 -44.08988 0.50588 0.45098 0.37255
v 1.366253 -31.0569 -44.12413 0.51373 0.44706 0.37647
v 1.220321 -37.41162 -42.68177 0.50196 0.43529 0.36078
v -2.728889 -34.35857 -43.85654 0.54118 0.47059 0.38431
v -1.387101 -35.80962 -43.33573 0.55686 0.47843 0.38824
v 5.927933 -29.34579 -43.89548 0.46667 0.40392 0.34510
v 7.698088 -31.06012 -43.51331 0.47451 0.41961 0.36471
v 3.379293 -27.84254 -44.31492 0.52549 0.45882 0.37255
v 1.45438 -27.33705 -44.5312 0.52549 0.46667 0.38039
v 5.115619 -25.23436 -44.34743 0.50196 0.44314 0.36863
v 12.46047 -32.91127 -42.534 0.56863 0.49804 0.39608
v 11.58409 -30.83165 -43.0985 0.47451 0.42353 0.36078
v 14.47197 -29.82702 -43.04414 0.51765 0.47843 0.41961
v 11.05352 -28.69424 -43.47801 0.57255 0.49020 0.39216
v 7.842646 -28.78612 -43.82153 0.51373 0.44706 0.35686
v 14.21825 -35.40065 -41.98552 0.51373 0.45098 0.39216
v 16.11508 -32.48552 -42.40343 0.51373 0.46275 0.39216
v 17.83991 -35.19639 -41.85523 0.45098 0.40000 0.35686
v 20.97974 -35.19491 -41.8301 0.52157 0.45882 0.38431
v 22.33279 -43.79962 -39.56861 0.44706 0.41176 0.37255
v 27.81763 -46.60891 -38.63309 0.45490 0.40000 0.34510
v 24.67956 -40.87794 -40.35204 0.50980 0.45098 0.38824
v 28.38175 -38.77829 -40.84557 0.42353 0.38824 0.34902
v 25.39658 -38.43194 -40.94776 0.53333 0.46275 0.35686
v 21.61243 -39.97989 -40.881 0.54118 0.47451 0.40000
v 24.27262 -34.81039 -41.79348 0.56863 0.49412 0.39608
v 27.41875 -34.13702 -42.01533 0.52157 0.47451 0.41569
v 28.85637 -36.19678 -41.53436 0.48627 0.43529 0.37255
v 26.19928 -31.39019 -42.56881 0.51765 0.44706 0.38431
v 21.19809 -31.63298 -42.60498 0.58824 0.50588 0.40784
v 31.0975 -33.60933 -41.94293 0.54510 0.46667 0.37255
v 31.63065 -37.20263 -41.01798 0.49020 0.45098 0.38824
v 34.0698 -37.14906 -41.00193 0.48627 0.42745 0.36863
v 32.88183 -34.37525 -41.71726 0.52157 0.47451 0.40000
v 38.05579 -34.204 -41.40744 0.47843 0.43137 0.36863
v 33.7497 -32.08204 -42.18893 0.50588 0.44706 0.36863
v 33.67924 -29.0155 -42.78503 0.50196 0.45882 0.40000
v 35.86751 -31.58891 -42.08028 0.49020 0.43922 0.37255
v 38.52076 -31.20948 -42.0197 0.50980 0.47059 0.40000
v 37.21138 -28.97983 -42.57893 0.53333 0.46667 0.36863
v 38.95786 -27.80738 -42.69113 0.54118 0.48235 0.40784
v 36.31861 -25.36946 -43.21718 0.48235 0.42353 0.36471
v 34.83531 -27.37431 -42.8712 0.51765 0.45490 0.37647
v 31.58592 -27.06749 -43.23817 0.48627 0.42745 0.37255
v 40.09688 -28.07418 -42.51981 0.52549 0.45490 0.39216
v 40.71917 -31.69009 -41.82824 0.51765 0.45490 0.38431
v 42.47781 -30.78093 -41.88845 0.52941 0.49020 0.41569
v 40.40806 -35.80158 -40.98385 0.49020 0.43529 0.37647
v 36.4046 -36.8428 -40.95945 0.53725 0.46667 0.36863
v 36.76658 -46.80428 -39.30377 0.47451 0.42353 0.36471
v 34.38664 -47.17813 -38.83476 0.47843 0.42353 0.36863
v 34.23518 -45.63744 -38.82278 0.60392 0.51373 0.40000
v 31.88554 -49.14104 -39.09777 0.52941 0.45882 0.37647
v 33.69313 -49.45858 -38.84528 0.51373 0.43922 0.35686
v 30.20758 -51.02887 -38.3152 0.47451 0.42353 0.35686
v 37.90641 -44.9574 -39.30635 0.47843 0.41961 0.34902
v 35.12638 -43.51524 -39.23724 0.43922 0.40000 0.34902
v 29.81982 -48.80439 -38.81208 0.52157 0.45490 0.38431
v 27.92614 -48.4306 -38.54476 0.49412 0.42745 0.34902
v 30.16485 -46.83364 -38.55227 0.39608 0.36471 0.32941
v 40.22015 -19.02527 -59.19106 0.34510 0.31765 0.28235
v 49.50355 -6.379618 -58.05879 0.38824 0.34510 0.28235
v 76.3365 7.616321 -53.67491 0.39216 0.36471 0.30196
v 74.75954 12.06369 -51.51 0.40784 0.36078 0.32157
v 59.17453 -2.358888 -57.24686 0.33333 0.30196 0.26275
v 52.83462 -1.301201 -56.71846 0.47059 0.43137 0.41176
v 43.10164 -1.880145 -56.81638 0.36078 0.32549 0.28627
v 50.57338 0.9864774 -56.05482 0.37647 0.34118 0.29020
v 53.06809 11.49452 -51.00051 0.44314 0.39608 0.33333
v 25.96138 7.228575 -52.16637 0.42353 0.37255 0.31765
v 16.50438 8.248451 -51.37693 0.42353 0.36471 0.31765
v -27.96766 -48.5276 -40.4158 0.46275 0.40784 0.35686
v -41.46421 -43.49601 -42.78055 0.51373 0.45490 0.40000
v -39.58118 -41.14322 -43.30527 0.50196 0.45490 0.39608
v -32.91579 -39.74126 -42.89151 0.55686 0.49020 0.39608
v -31.83841 -36.66798 -43.51551 0.51373 0.44706 0.38824
v -32.88384 -36.36327 -43.43987 0.50196 0.44314 0.38039
v -31.52422 -34.33733 -43.79988 0.44314 0.40784 0.38431
v -30.32592 -34.12062 -43.84787 0.49020 0.45098 0.40392
v -23.72513 -36.54845 -43.3402 0.47059 0.42745 0.37647
v -28.48099 -37.72644 -43.07209 0.40392 0.36863 0.33333
v 109.9426 -24.55449 -39.18452 0.54118 0.47843 0.39608
v 105.6434 -20.90948 -39.50574 0.50980 0.44314 0.36471
v 103.1642 -19.47534 -39.63968 0.49804 0.44314 0.36471
v 109.2297 -21.50405 -39.41549 0.54510 0.47843 0.39608
v 108.1458 -18.67968 -39.4961 0.50980 0.45490 0.38824
v 102.6957 -16.624 -39.71117 0.50980 0.46275 0.40000
v 107.1777 -12.20809 -39.08706 0.52549 0.47843 0.41961
v 104.558 -12.99504 -39.20776 0.51765 0.46667 0.40784
v 109.5969 -12.73549 -39.06321 0.53725 0.47843 0.40784
v 105.6331 -8.901785 -38.45423 0.52157 0.47843 0.41176
v 111.3096 -18.59876 -39.42575 0.56863 0.49412 0.39608
v 105.7502 -16.54287 -39.48031 0.53333 0.47451 0.40392
v 105.2739 -25.19154 -39.16884 0.55686 0.48627 0.40000
v 119.2697 -11.32669 -38.35691 0.47059 0.43137 0.37647
v 113.3435 -16.91108 -39.16743 0.50588 0.44706 0.37647
v 112.872 -8.94367 -38.64047 0.54118 0.48627 0.41176
v 123.9003 -3.594368 -36.28072 0.53725 0.47843 0.40392
v 127.5588 -3.799916 -36.16393 0.54902 0.49020 0.41176
v 128.6537 -1.99139 -35.37504 0.51373 0.46275 0.39216
v 120.6404 -5.259678 -37.03077 0.53725 0.48235 0.40000
v 119.5368 -2.904629 -36.19259 0.53725 0.48235 0.40000
v 121.2035 -2.834357 -35.90129 0.52941 0.49020 0.41569
v 131.0194 4.980787 -31.64561 0.46667 0.44314 0.39216
v 129.8395 1.267887 -33.72132 0.49804 0.44706 0.38824
v 126.4995 2.174405 -33.39808 0.54902 0.50588 0.43922
v 121.3948 -1.161851 -35.26184 0.49412 0.43137 0.36078
v 120.5046 1.434305 -33.88112 0.38824 0.33725 0.29020
v 121.0423 4.103341 -32.63331 0.49804 0.46275 0.42745
v 124.6723 7.274742 -30.41407 0.45882 0.43529 0.40000
v 124.8045 10.45145 -28.35201 0.47843 0.43922 0.38431
v 116.93 -2.353476 -35.99129 0.59216 0.51373 0.41176
v 112.2683 -1.908652 -36.17183 0.51765 0.45882 0.39216
v 114.7137 -2.950115 -36.36093 0.54118 0.49020 0.42353
v 117.5619 -4.17095 -36.73591 0.54510 0.47843 0.38824
v -74.43958 -50.96461 -44.92173 0.52549 0.45882 0.37647
v -74.89898 -49.26461 -45.48139 0.51373 0.45882 0.39216
v -71.6156 -49.75058 -45.13069 0.53333 0.46275 0.38039
v -70.24913 -51.80235 -44.10115 0.53333 0.46275 0.38431
v -69.81385 -54.6583 -42.97595 0.51765 0.45882 0.38824
v -66.14365 -49.84097 -44.41642 0.55294 0.48235 0.38431
v -63.71108 -49.53869 -44.14032 0.54510 0.48627 0.40392
v -63.50263 -47.04786 -44.96971 0.52157 0.46667 0.38431
v -65.13395 -46.1301 -45.19557 0.46667 0.41569 0.36078
v -68.06877 -49.31645 -44.80551 0.49412 0.43529 0.38431
v -68.25154 -51.54493 -44.03976 0.50588 0.44314 0.37255
v -69.90461 -47.64649 -45.44186 0.53333 0.47059 0.38039
v -67.26646 -46.79186 -45.457 0.55686 0.48627 0.39216
v -66.11062 -47.87979 -45.12796 0.55294 0.48235 0.38431
v -72.12589 -46.79359 -45.76267 0.54902 0.48235 0.38431
v -78.01059 -46.46726 -46.58411 0.53725 0.47059 0.40392
v -76.80197 -50.62599 -45.3009 0.50588 0.45098 0.38039
v -75.70933 -46.76616 -46.24397 0.52549 0.46667 0.38039
v -77.20128 -43.44826 -47.1334 0.54118 0.47451 0.38039
v -78.5564 -41.68663 -47.59678 0.54118 0.47451 0.38824
v -72.52649 -44.34502 -46.20014 0.50588 0.44314 0.37255
v -73.36087 -41.99855 -46.91732 0.49020 0.43137 0.39216
v -72.15586 -41.28414 -47.05936 0.52157 0.45882 0.38431
v -74.53398 -40.06477 -47.48757 0.52549 0.45882 0.38824
v -75.07307 -44.16969 -46.69002 0.54118 0.46667 0.38431
v -67.82161 -42.71768 -46.45345 0.54118 0.48235 0.40000
v -70.75696 -42.90976 -46.52321 0.50196 0.44314 0.38431
v -69.13611 -41.07058 -46.83233 0.52941 0.46275 0.38431
v -66.69931 -45.04456 -45.78157 0.52549 0.45882 0.38431
v -69.73504 -45.09129 -46.2073 0.53725 0.47059 0.38431
v -65.29483 -44.12845 -45.85458 0.53725 0.48627 0.40000
v -60.82666 -43.36224 -45.374 0.48627 0.42745 0.35294
v -61.88343 -44.18989 -45.46727 0.51765 0.46667 0.39216
v -60.37698 -46.02753 -44.75262 0.51765 0.45490 0.36863
v -56.66838 -44.72281 -44.87987 0.54510 0.46667 0.37255
v -59.29949 -41.74056 -45.62124 0.56078 0.48627 0.39216
v -56.87924 -43.2706 -45.05812 0.55294 0.48627 0.38824
v -53.57555 -46.08751 -44.19844 0.51765 0.45882 0.38039
v 174.3084 44.67739 36.70958 0.51373 0.42745 0.35294
v 175.0442 44.22796 32.17897 0.55686 0.47451 0.38431
v 175.5537 43.39545 28.34064 0.56078 0.48235 0.39608
v 176.2759 45.67847 28.83598 0.43137 0.38824 0.33725
v 176.2073 50.04851 33.23239 0.30980 0.27843 0.28235
v 175.2047 50.01599 37.97218 0.30980 0.27843 0.25882
v 173.1683 49.23229 46.96228 0.30588 0.30196 0.29412
v 172.5107 49.7771 45.57428 0.44314 0.40784 0.34510
v 166.9271 50.81416 41.89568 0.42353 0.35686 0.32157
v 171.9617 49.88549 52.47148 0.21961 0.19608 0.16863
v 171.1107 50.05871 56.33346 0.37647 0.33725 0.31373
v 172.7437 49.11999 49.02498 0.27451 0.25098 0.22353
v 175.0416 50.66951 32.80637 0.29412 0.25882 0.23922
v 167.6798 51.42146 35.85896 0.34902 0.32157 0.28627
v 168.1354 51.59028 27.58198 0.40392 0.35686 0.30980
v 167.7316 50.74491 54.41979 0.42745 0.36863 0.32157
v 167.5722 50.63682 47.45943 0.29412 0.27451 0.25490
v 166.2601 50.65379 57.46586 0.39608 0.35294 0.32157
v 166.7639 50.71941 45.11078 0.47843 0.43529 0.37647
v 160.4027 51.72608 43.99796 0.34902 0.31765 0.27843
v 158.2286 51.6016 42.15089 0.46667 0.41961 0.34510
v 161.6372 51.61851 38.71843 0.34118 0.28627 0.26275
v 172.9602 50.88074 24.93849 0.32941 0.29020 0.27059
v 156.2542 51.92368 61.98737 0.35686 0.32549 0.28235
v 158.371 52.20582 49.52365 0.32549 0.28627 0.25490
v 156.7791 52.72166 32.15337 0.32941 0.30588 0.27059
v 158.2985 52.42951 24.3519 0.36471 0.32941 0.29020
v 154.5188 52.55715 35.24846 0.43137 0.38824 0.33333
v 153.2547 52.75951 40.83094 0.36078 0.32157 0.28235
v 149.8131 53.47808 46.87783 0.40784 0.36471 0.31765
v 148.6822 53.57606 51.478 0.36863 0.32549 0.30196
v 131.9759 56.12762 44.09888 0.44706 0.40784 0.35686
v 138.0606 55.24352 38.1493 0.44706 0.40000 0.34118
v 130.4149 56.35602 38.22359 0.45490 0.40392 0.35686
v 128.7353 56.42242 31.62332 0.42745 0.37255 0.31373
v 134.7577 56.0017 32.91868 0.31373 0.29804 0.29804
v 141.9382 54.83602 32.03331 0.40392 0.36863 0.31765
v 140.6941 53.96636 17.66352 0.36471 0.32941 0.29412
v 134.7262 55.24797 25.36447 0.40000 0.36078 0.31373
v 129.2837 54.978 16.74562 0.38431 0.35294 0.30980
v 126.4249 53.8434 9.124752 0.38039 0.34118 0.29804
v 154.4474 52.54026 17.7215 0.35686 0.31765 0.29804
v 161.5983 52.00782 18.31754 0.35686 0.30588 0.27843
v 176.997 50.05053 27.66201 0.40392 0.36078 0.31765
v 173.3714 50.70217 20.18234 0.49804 0.45098 0.36471
v 178.024 50.00822 21.86144 0.33333 0.30980 0.29412
v 176.8581 43.67396 22.96806 0.53333 0.45882 0.36863
v 166.4175 34.16704 24.81841 0.40000 0.36078 0.29412
v 174.1628 36.41614 29.35621 0.37255 0.34510 0.30196
v 175.5589 37.37619 24.21228 0.36471 0.32157 0.26667
v 171.0942 35.45422 26.87504 0.53725 0.46667 0.37255
v 161.6959 34.45058 28.99106 0.52157 0.45882 0.38039
v 157.8063 33.45528 18.33647 0.47451 0.41961 0.34902
v 147.3158 36.8692 37.4093 0.55686 0.47843 0.38431
v 151.3958 52.68241 60.69641 0.30980 0.29020 0.25882
v 94.16771 48.85502 85.27397 0.33333 0.30588 0.27451
v 106.3737 55.16924 68.1194 0.56863 0.47451 0.39216
v -80.56916 -44.91047 -47.02285 0.56471 0.49020 0.40392
v -82.32987 -43.1965 -47.63477 0.47451 0.42745 0.37255
v -84.82637 -44.53155 -47.47774 0.54118 0.47451 0.39608
v -88.39233 -43.85329 -47.79821 0.54510 0.48235 0.40000
v -86.90182 -42.41716 -47.92432 0.52549 0.46275 0.39216
v -79.9909 -41.53519 -47.67439 0.52941 0.47059 0.38431
v -76.17901 -41.0398 -47.49006 0.53333 0.47451 0.39216
v -80.35558 -39.67396 -47.77258 0.53725 0.47451 0.39216
v -83.48829 -41.99257 -47.89589 0.48627 0.43922 0.37255
v -84.78301 -41.39144 -47.94812 0.49412 0.44706 0.38431
v -77.77931 -37.69987 -48.04273 0.52549 0.46275 0.37255
v -72.47338 -39.81563 -47.22043 0.52157 0.47451 0.39608
v -75.96804 -38.07787 -47.85788 0.55294 0.48235 0.38824
v -79.39081 -34.91953 -48.45622 0.51373 0.46275 0.38431
v -82.38484 -38.3669 -48.27661 0.51373 0.44314 0.35686
v -84.56116 -35.98765 -48.71946 0.51765 0.45490 0.37647
v -85.64673 -39.1045 -48.40598 0.54510 0.47451 0.37647
v -89.70829 -39.32452 -48.56409 0.56471 0.49412 0.39216
v -87.60336 -37.19765 -48.68965 0.51765 0.46275 0.38039
v -85.66713 -33.84875 -48.87185 0.57255 0.50196 0.40000
v -87.58215 -33.1465 -48.96983 0.51765 0.46667 0.39216
v -86.51341 -31.76997 -49.0252 0.53725 0.47451 0.38824
v -83.93642 -30.68519 -48.79953 0.55294 0.49020 0.39608
v -80.36581 -32.72487 -48.5581 0.56471 0.49412 0.38824
v -83.12903 -33.63279 -48.73346 0.48235 0.41961 0.35294
v -80.82524 -36.68019 -48.26446 0.48627 0.43137 0.36078
v -90.45426 -33.36046 -49.22751 0.47451 0.43529 0.38039
v -92.56038 -34.61966 -49.34227 0.51373 0.44706 0.37647
v -95.20408 -35.24131 -49.47281 0.52941 0.46667 0.38431
v -89.14377 -41.39169 -48.16926 0.51765 0.45490 0.38431
v -91.33405 -40.76708 -48.57744 0.52941 0.47059 0.39608
v -91.6578 -37.83869 -49.05812 0.50980 0.46275 0.39608
v -92.57605 -42.64454 -48.37619 0.52941 0.46667 0.38431
v -93.73738 -41.92117 -48.5314 0.56078 0.48627 0.39216
v -92.48688 -47.01469 -47.60995 0.48235 0.43922 0.39608
v -90.51214 -49.29022 -46.93615 0.52941 0.46667 0.39216
v -93.94884 -48.30551 -47.31035 0.51373 0.46667 0.40000
v -95.23165 -50.09346 -47.00636 0.48627 0.43529 0.38824
v -96.75263 -48.3453 -47.58393 0.51373 0.45490 0.38431
v -93.21927 -45.20805 -48.00303 0.49020 0.44314 0.38824
v -96.06592 -45.91912 -48.01185 0.51373 0.45098 0.37647
v -98.231 -46.17907 -47.89273 0.50588 0.44314 0.35294
v -99.70034 -45.54014 -48.30849 0.49412 0.44314 0.38824
v -96.49549 -44.10124 -48.35037 0.49412 0.45882 0.39608
v -100.978 -48.56699 -47.62496 0.49804 0.44706 0.38039
v -101.9279 -46.24363 -48.09849 0.52941 0.46275 0.38824
v -100.3527 -42.1597 -49.07936 0.53333 0.47843 0.40392
v -101.9611 -44.00007 -48.47369 0.54118 0.46275 0.38824
v -99.25332 -39.76813 -49.11093 0.58824 0.50980 0.40392
v -98.77156 -42.08268 -48.82936 0.55294 0.47843 0.38431
v -100.6938 -39.15053 -49.27223 0.57647 0.50196 0.38824
v -105.3351 -40.12621 -49.34361 0.51765 0.47059 0.40000
v -96.88093 -38.61149 -49.16244 0.50196 0.43529 0.35686
v -94.55658 -38.10071 -49.07189 0.53333 0.46667 0.38039
v -96.717 -41.83428 -48.78711 0.52941 0.45490 0.36863
v -94.42754 -40.26272 -48.77956 0.54118 0.47059 0.38824
v -15.39695 51.95829 6.419131 0.49020 0.43922 0.38431
v -5.370084 53.70101 9.436001 0.40392 0.37255 0.34118
v -12.85214 50.33995 0.3009134 0.47451 0.41569 0.35294
v -23.28448 38.82011 -23.89108 0.40784 0.37255 0.32157
v -17.19989 44.18029 -14.54734 0.45490 0.40392 0.34118
v -25.62397 43.91705 -13.11194 0.45490 0.40392 0.34510
v -16.32176 45.64579 -11.08214 0.43137 0.38824 0.34118
v -12.06004 43.31241 -17.35661 0.43529 0.37647 0.32941
v 1.26903 40.57346 -23.727 0.41961 0.37255 0.32157
v -7.902642 46.28707 -11.89347 0.37647 0.35294 0.31765
v -15.96654 48.89069 -2.677141 0.49804 0.44706 0.37255
v -25.37076 48.28551 -1.930847 0.40000 0.38039 0.34902
v -25.72239 46.07491 -8.196187 0.44706 0.40392 0.35294
v -3.986325 51.38084 0.6253633 0.49804 0.43529 0.35686
v 2.276275 56.28786 19.33076 0.40784 0.35686 0.31765
v -1.079733 54.52418 11.50411 0.45098 0.42353 0.37255
v 6.765974 52.46486 1.496418 0.46667 0.42353 0.35686
v 1.116123 50.31355 -3.142563 0.48235 0.41961 0.34902
v -0.4617992 44.70065 -17.02016 0.40000 0.36471 0.32157
v 12.48395 52.88379 0.7818941 0.47059 0.41569 0.34902
v 9.21159 47.37248 -12.61503 0.42353 0.38039 0.31765
v 8.573305 55.46122 11.81608 0.51765 0.45882 0.39216
v -5.018019 54.98836 15.74985 0.57255 0.49412 0.40000
v -6.835572 55.58076 19.11708 0.40000 0.36863 0.34510
v -8.627974 56.70075 37.49621 0.48627 0.43137 0.36471
v -1.6735 56.52911 38.79439 0.43529 0.39216 0.34510
v -4.226215 51.41857 63.27183 0.42745 0.37255 0.31765
v 4.40587 47.57082 74.3416 0.43529 0.37255 0.30588
v -13.29574 54.03263 52.2541 0.44314 0.38824 0.32157
v -8.888833 55.01317 47.2065 0.38431 0.34902 0.30588
v -1.85683 54.26389 56.56813 0.37255 0.32941 0.28235
v 11.07962 53.456 63.30707 0.44314 0.39608 0.33725
v -2.563097 55.65844 45.77817 0.43529 0.38431 0.32157
v 6.84068 57.5996 35.33202 0.45490 0.41176 0.34902
v 7.598755 56.67188 49.58131 0.40784 0.36863 0.32941
v -10.90747 46.43431 71.14877 0.49020 0.41961 0.33725
v -20.64291 46.12855 68.92291 0.53333 0.46667 0.37647
v -27.79773 42.11192 73.06945 0.46275 0.39216 0.33333
v 5.448446 45.50792 -16.20282 0.41176 0.36863 0.32941
v 16.6615 51.7368 -3.791447 0.38431 0.34902 0.31373
v 17.23344 49.61595 -8.855166 0.41961 0.37647 0.32941
v 16.80851 46.46846 -14.52211 0.48235 0.42745 0.36078
v 26.56452 46.73489 -15.54121 0.47059 0.42745 0.37255
v 32.08394 49.64199 -11.07147 0.49020 0.41569 0.34118
v 21.37747 54.70071 4.611815 0.51765 0.45490 0.39216
v 25.3774 50.88417 -7.534479 0.37255 0.33333 0.29412
v 29.35449 53.63786 -1.485048 0.43137 0.40000 0.35294
v 12.81632 54.39266 5.994138 0.46667 0.43529 0.40392
v 18.26235 56.76468 15.97511 0.52157 0.46275 0.40000
v 23.31391 57.29003 14.23071 0.40000 0.38431 0.34902
v 24.17061 58.66489 20.56878 0.50196 0.45098 0.36863
v 27.86372 58.65443 18.66642 0.50196 0.44314 0.38824
v 29.03251 57.28838 13.35057 0.58824 0.51765 0.40392
v 26.73752 57.81001 16.5361 0.54118 0.48627 0.39608
v 12.74252 57.70665 22.4785 0.47451 0.43137 0.35294
v -7.242252 56.53147 23.98454 0.52549 0.45882 0.38824
v 19.09536 54.97308 60.39749 0.38431 0.34118 0.29412
v 16.91332 56.42025 51.57205 0.41961 0.38039 0.32157
v 13.98572 57.58819 45.55491 0.40784 0.38039 0.33725
v 30.83625 55.10546 63.96492 0.43922 0.40392 0.36863
v 39.2538 55.18521 65.42032 0.45882 0.40392 0.35294
v 17.21324 47.93165 76.22371 0.45490 0.41569 0.34902
v 5.692571 41.14886 84.09036 0.49412 0.42353 0.34902
v -0.9024299 40.09347 82.69294 0.57647 0.49804 0.39216
v -6.308272 43.18977 77.33126 0.50196 0.43922 0.35686
v -16.07059 42.25707 75.37435 0.53725 0.45882 0.37255
v -21.45522 40.73868 77.15996 0.56863 0.50980 0.41176
v -44.16699 39.21252 72.38609 0.56863 0.48627 0.38824
v -73.58107 15.41096 67.3093 0.49804 0.45490 0.38431
v -59.28875 26.29627 80.95694 0.49412 0.44706 0.38039
v -41.83164 38.18299 75.28693 0.38824 0.35294 0.32941
v -41.3601 39.28613 72.90871 0.51765 0.45098 0.36471
v -39.38665 41.62259 70.28694 0.49804 0.42353 0.35294
v -47.99477 29.79709 82.44929 0.56471 0.49412 0.40392
v -67.40398 25.92807 79.02311 0.36863 0.32549 0.29412
v -73.33806 25.3734 77.16999 0.52549 0.47059 0.39608
v 12.89421 42.06252 -22.59715 0.49020 0.42745 0.35686
v 9.247967 44.20043 -19.13429 0.38824 0.34902 0.30980
v 19.0709 37.54207 -28.9036 0.47451 0.40784 0.33333
v -4.549118 29.42039 -33.7158 0.52941 0.47451 0.37255
v -179.1612 -47.11392 -51.11256 0.54902 0.48235 0.40392
v -189.2355 5.987289 -14.4129 0.51373 0.45098 0.38431
v -190.3037 5.937186 -13.1215 0.56863 0.49412 0.39216
v -186.873 6.60308 -13.92992 0.52157 0.45882 0.39216
v -188.0026 6.61244 -12.43625 0.57647 0.49020 0.40000
v -185.3095 7.343451 -12.14591 0.57255 0.49804 0.41176
v -183.7931 7.792588 -11.85693 0.58824 0.50588 0.41961
v -182.2312 8.301961 -11.02454 0.60784 0.52549 0.42353
v -181.4709 8.365841 -9.060792 0.63137 0.53725 0.42745
v -179.6719 8.312633 -14.36858 0.60784 0.52549 0.41961
v -178.6311 8.85021 -12.19865 0.60784 0.53725 0.41961
v -177.6452 7.945658 -17.01077 0.56078 0.49804 0.41961
v -174.8267 8.458686 -18.20038 0.58824 0.50588 0.41176
v -175.6933 7.769117 -19.4052 0.54510 0.49020 0.41176
v -175.4435 8.998107 -15.84322 0.61176 0.52157 0.43529
v -177.6857 6.982549 -19.95487 0.52157 0.46667 0.39608
v -176.2338 6.960673 -20.86667 0.59216 0.51373 0.40784
v -174.7543 6.406782 -22.93645 0.59216 0.52549 0.44314
v -172.8588 6.385195 -23.65117 0.62353 0.54510 0.43922
v -170.132 3.513574 -29.15565 0.57255 0.49804 0.40784
v -175.7308 3.58378 -27.69514 0.56078 0.47451 0.38431
v -172.6571 2.54059 -29.79893 0.56471 0.50196 0.40784
v -168.1829 4.815503 -27.45395 0.54510 0.48235 0.40000
v -166.8821 4.245855 -28.80468 0.59608 0.52941 0.43529
v -169.4049 2.376151 -30.74407 0.53725 0.47451 0.41961
v -171.8074 1.47799 -31.45675 0.48627 0.43922 0.37647
v -175.8201 -0.470636 -33.21229 0.58039 0.49804 0.39608
v -174.1218 1.307495 -31.2213 0.61176 0.53333 0.43529
v -189.6102 5.338181 -16.726 0.60784 0.51765 0.42353
v -192.2294 4.566074 -17.27855 0.60392 0.51765 0.40784
v -191.0182 5.305704 -15.04486 0.61961 0.54510 0.43137
v -179.5339 17.313 -5.760645 0.46667 0.41569 0.36471
v -189.9177 13.37757 -10.42185 0.37647 0.35294 0.32941
v -187.7021 13.96243 -6.236695 0.51373 0.45490 0.38431
v -185.1901 12.31843 -5.590258 0.53725 0.47843 0.40392
v -183.2609 12.60588 -2.657298 0.45882 0.42353 0.38039
v -184.1834 15.47057 -1.851348 0.43137 0.38431 0.33725
v -173.3551 19.7797 -0.5237795 0.41961 0.38824 0.35686
v -177.4876 17.50475 9.38613 0.37255 0.32549 0.29804
v -172.3337 19.56952 14.53042 0.41569 0.35294 0.29412
v -171.5319 19.28005 17.6709 0.36863 0.32549 0.30196
v -179.5846 17.46191 3.065375 0.45882 0.40000 0.35294
v -180.3267 11.97335 1.900315 0.51765 0.46275 0.39216
v -187.1783 6.998677 -8.86991 0.49020 0.40784 0.35294
v -184.2175 7.688026 -7.769621 0.49020 0.43529 0.38431
v -184.7144 7.56533 -6.474803 0.40784 0.34902 0.31373
v -182.2434 8.422567 -2.881353 0.38431 0.33725 0.29020
v -182.7799 8.350703 -4.979531 0.60784 0.52157 0.41961
v -181.4484 8.332289 -5.882528 0.60784 0.51765 0.41961
v -179.7267 8.965502 -5.073592 0.58824 0.50588 0.41961
v -180.8531 8.720001 -4.028245 0.50588 0.43529 0.36078
v -178.5354 9.07859 -6.655373 0.56863 0.49804 0.40784
v -176.1112 9.526074 -13.1047 0.60000 0.53333 0.44314
v -178.2116 9.1869 -9.805705 0.50588 0.43922 0.37647
v -175.5455 9.898137 -10.78447 0.49804 0.42745 0.34118
v -171.7325 9.580575 -16.60223 0.60784 0.52157 0.41961
v -169.9891 9.516434 -17.9252 0.57647 0.50588 0.41569
v -170.1147 10.60305 -14.29182 0.58824 0.50588 0.40784
v -173.8172 9.238437 -16.2658 0.58824 0.50980 0.41569
v -172.2318 10.26005 -13.305 0.56863 0.49412 0.40000
v -168.3873 11.24949 -13.38288 0.56078 0.50588 0.42745
v -172.0761 8.14417 -20.24276 0.59608 0.52157 0.42745
v -164.59 9.761517 -20.02445 0.53725 0.47451 0.40392
v -167.4026 8.813472 -20.71966 0.60392 0.52941 0.43922
v -166.089 10.22684 -17.91948 0.60392 0.53333 0.43137
v -166.3432 8.026152 -22.7615 0.58431 0.52549 0.43922
v -165.8074 7.071523 -24.57961 0.60000 0.53333 0.44706
v -169.7494 6.867895 -23.70845 0.59608 0.52549 0.43922
v -170.0843 7.588603 -22.20397 0.60392 0.53333 0.43529
v -168.4183 9.536722 -18.64674 0.55686 0.49412 0.40392
v 4.594376 12.03833 -48.97729 0.36471 0.32941 0.29804
v 38.39836 9.77919 -52.10896 0.43922 0.40392 0.35686
v 38.91803 13.62197 -49.8004 0.47451 0.41961 0.34118
v 33.03056 15.63016 -48.50635 0.43922 0.38039 0.32941
v 40.63729 23.21208 -43.56314 0.52157 0.46275 0.37647
v 35.45187 26.71086 -41.21517 0.42353 0.38431 0.34902
v 28.28032 -14.23853 -59.10255 0.38039 0.33725 0.29412
v 52.0079 -46.62294 -55.54591 0.41176 0.37647 0.33725
v 58.60903 -61.41959 -47.64297 0.44314 0.40000 0.34902
v 41.52419 -60.72457 -48.93401 0.52549 0.45882 0.38431
v 38.32945 -62.63083 -45.36644 0.43922 0.38039 0.32941
v 50.85675 -62.29411 -46.99107 0.42353 0.38824 0.34902
v 63.44566 -61.17496 -47.68741 0.35686 0.32941 0.31373
v 73.8286 -60.05724 -48.14517 0.40000 0.35686 0.31373
v 72.13917 -52.18706 -36.78649 0.40000 0.38039 0.36863
v 79.86404 -51.40919 -36.44494 0.39608 0.36863 0.33333
v 77.10082 -50.81441 -36.44878 0.52941 0.45098 0.37255
v 69.10119 -55.05506 -40.40095 0.46667 0.42745 0.39608
v 76.18608 -49.58613 -35.05915 0.43137 0.39608 0.32941
v 82.58219 -48.57269 -34.85527 0.36863 0.34510 0.32549
v 79.71372 -41.53504 -37.10153 0.49412 0.42353 0.34118
v 83.8155 -40.29589 -37.76594 0.49020 0.43922 0.36078
v 61.01754 -60.93248 -46.89382 0.41569 0.36863 0.32941
v 54.51777 -57.45731 -41.1409 0.55294 0.48235 0.39608
v 47.13972 -54.26474 -35.75473 0.36863 0.34118 0.32157
v 61.37264 -52.68012 -35.43033 0.45490 0.41176 0.35686
v 54.27306 -53.42932 -35.75236 0.35686 0.32941 0.30196
v 51.76779 -48.50863 -36.78846 0.39608 0.36863 0.34902
v 64.08332 -53.35557 -36.65378 0.38431 0.35686 0.31373
v 67.29954 -52.75901 -37.14087 0.44314 0.41569 0.36863
v 70.24145 -49.23676 -35.23536 0.39216 0.37647 0.36471
v 70.26726 -50.12172 -36.56146 0.56078 0.48235 0.38039
v 67.04467 -44.51547 -36.29375 0.45490 0.40392 0.36078
v 63.90273 -51.57093 -35.48292 0.39608 0.37255 0.34510
v 62.23648 -43.06808 -37.67466 0.45098 0.39216 0.33333
v 59.67129 -43.80139 -38.7635 0.48235 0.43529 0.37255
v 61.52685 -41.13898 -39.87274 0.47843 0.41176 0.35294
v 63.08121 -40.81374 -39.80719 0.49412 0.42745 0.36078
v 81.71804 -43.26802 -36.04665 0.50196 0.42745 0.35294
v 39.17775 -60.739 -47.82159 0.54902 0.45882 0.36471
v 47.11997 -47.90846 -38.20411 0.48627 0.41961 0.34118
v 49.23643 -47.20975 -38.28721 0.48627 0.42353 0.36471
v 50.25053 -44.69673 -39.05121 0.45490 0.40000 0.34118
v 54.0999 -46.20129 -37.20553 0.40392 0.35686 0.31765
v 58.80367 -45.47769 -37.01145 0.41176 0.38824 0.36078
v 55.10342 -44.71548 -38.45882 0.47451 0.41176 0.34902
v 56.98814 -42.15786 -40.3289 0.49804 0.43529 0.36471
v 59.69167 -41.59417 -39.22912 0.51765 0.45490 0.38039
v 66.10967 -40.07212 -39.51541 0.50196 0.42745 0.35294
v 70.6392 -42.41363 -37.36553 0.46275 0.40392 0.34118
v 82.42533 -36.63072 -38.86232 0.54510 0.47451 0.39608
v 81.24673 -38.69356 -38.63091 0.49412 0.43137 0.37255
v 86.0793 -36.28073 -38.4305 0.53333 0.47451 0.39608
v 81.79928 -33.77758 -39.42108 0.49020 0.42745 0.36471
v 82.99218 -32.93204 -40.843 0.55294 0.47059 0.38431
v 83.03287 -35.02927 -39.52225 0.49020 0.43137 0.37647
v 78.87017 -33.41491 -40.01444 0.51765 0.44314 0.36078
v 73.18982 -32.06787 -39.82103 0.55686 0.49020 0.40000
v 74.03009 -33.81598 -39.95853 0.53725 0.46275 0.36863
v 76.94839 -33.53047 -40.17504 0.52941 0.47059 0.38431
v 70.94628 -34.51104 -40.0686 0.50980 0.44314 0.37647
v 69.43989 -33.25378 -39.72728 0.49804 0.44314 0.39216
v 68.75018 -28.90841 -40.23841 0.54902 0.48235 0.41176
v 67.91735 -24.3603 -40.82381 0.56471 0.48627 0.39216
v 67.37049 -26.6742 -40.50281 0.52157 0.45882 0.40392
v 65.26993 -28.3958 -40.49302 0.54902 0.47451 0.39216
v 64.70117 -25.39955 -40.85925 0.55294 0.47451 0.39216
v 66.6447 -19.58526 -41.28658 0.58039 0.50588 0.41569
v 64.29192 -18.52441 -41.56729 0.61569 0.52157 0.41961
v 62.66696 -23.6284 -41.09111 0.51373 0.46275 0.39608
v 63.52671 -19.98709 -41.55259 0.54510 0.49020 0.41176
v 66.62236 -16.9977 -41.40013 0.54510 0.49412 0.40784
v 67.21549 -15.12877 -41.22519 0.54902 0.47843 0.38824
v 64.04095 -14.61445 -41.49483 0.50196 0.46667 0.40392
v 68.32528 -12.12945 -41.07867 0.51373 0.46275 0.38824
v 62.45413 -12.59438 -41.6353 0.54510 0.47451 0.38824
v 69.93903 -17.90064 -41.11497 0.59216 0.51373 0.41961
v 68.30054 -8.737051 -40.77964 0.58431 0.50980 0.41176
v 63.058 -8.656353 -41.21836 0.52157 0.48235 0.41176
v 58.83501 -13.87694 -41.82293 0.56078 0.49804 0.41176
v 57.12868 -8.972959 -41.48452 0.50196 0.45490 0.38824
v 62.78303 -7.652819 -40.69211 0.58039 0.50588 0.40392
v 59.46098 -8.400287 -41.07531 0.56863 0.50588 0.41569
v 56.73187 -14.6182 -42.01856 0.54510 0.48627 0.40392
v 60.93509 -14.75817 -41.67614 0.52157 0.46667 0.40000
v 61.81398 -6.301238 -40.37272 0.61569 0.52549 0.41176
v 59.13685 -5.259147 -40.03458 0.58431 0.51373 0.41176
v 65.1017 -5.11627 -39.78995 0.60784 0.52157 0.41176
v 69.58007 -4.550533 -39.36628 0.57647 0.49804 0.38431
v 68.41818 -2.365129 -38.56185 0.61569 0.53333 0.43922
v 73.65669 -3.367501 -38.69342 0.57647 0.50196 0.41961
v 70.96327 -6.496393 -39.98877 0.59608 0.51765 0.41569
v 70.73028 -14.03315 -41.04854 0.52941 0.48235 0.41176
v 71.59921 -10.89183 -40.85069 0.59216 0.51373 0.40784
v 73.73143 -8.761398 -40.5815 0.60392 0.53333 0.44314
v 80.85222 -11.18798 -40.15064 0.54118 0.47843 0.39608
v 83.25159 -11.35379 -40.08891 0.54902 0.48235 0.40000
v 81.30047 -7.733012 -39.78183 0.57647 0.49020 0.39608
v 82.43449 -6.130549 -39.15883 0.61569 0.52549 0.41176
v 82.5676 -2.14823 -37.8152 0.60784 0.52157 0.41961
v 85.69463 -5.734732 -38.67343 0.50980 0.45882 0.40000
v 85.53564 -10.14875 -39.69878 0.55686 0.49804 0.41961
v 87.8695 -6.752301 -39.06262 0.60000 0.52157 0.41569
v 77.95925 -7.182433 -39.793 0.52157 0.47059 0.39216
v 78.1722 -2.483794 -38.19765 0.61176 0.52549 0.42745
v 78.90535 -4.508818 -38.89896 0.53333 0.48627 0.41569
v 75.94707 -10.22299 -40.38951 0.58824 0.51765 0.41961
v 52.0236 -44.94939 -38.68712 0.47451 0.41961 0.36471
v 50.44797 -41.26996 -39.19677 0.50588 0.43922 0.36863
v 48.90164 -41.62715 -38.74014 0.45098 0.40392 0.34510
v 47.30004 -41.94933 -38.97968 0.47843 0.41961 0.36078
v 53.10545 -39.87755 -39.61154 0.50588 0.43922 0.36863
v 52.50217 -43.08438 -39.85997 0.49804 0.42353 0.36471
v 54.40076 -42.693 -39.66874 0.50196 0.43529 0.36078
v 45.65544 -43.19662 -39.18446 0.53333 0.45490 0.35686
v 44.3802 -41.06166 -39.2673 0.43137 0.40392 0.36078
v 48.34987 18.35278 -46.96608 0.47451 0.41961 0.34902
v 47.93185 30.33528 -37.05231 0.41176 0.36078 0.30588
v 58.15334 28.12234 -39.86301 0.47843 0.42353 0.35294
v 68.64168 21.61499 -45.82603 0.48627 0.44314 0.39608
v 56.08351 19.52569 -46.55976 0.44314 0.39608 0.32157
v 82.29839 16.22689 -48.94429 0.45490 0.39608 0.34118
v 96.46104 17.19016 -47.718 0.39608 0.35294 0.30196
v 104.8194 18.38921 -46.19834 0.34118 0.30196 0.28627
v 113.5157 26.12274 -39.75173 0.45098 0.40784 0.34902
v 115.0304 19.93644 -44.93677 0.37647 0.33333 0.29020
v 105.8412 26.87773 -39.80268 0.40784 0.35294 0.29804
v 111.5938 23.66992 -42.47343 0.36471 0.33333 0.31373
v 127.2119 18.59445 -45.44317 0.54118 0.45490 0.36078
v 117.7097 12.66417 -49.24114 0.41569 0.37647 0.32157
v 94.62018 7.275262 -53.37527 0.45490 0.39216 0.32549
v 87.6758 12.21844 -51.214 0.43922 0.39216 0.32549
v 79.18991 15.2015 -49.73471 0.47451 0.41961 0.36471
v 84.50651 1.628897 -56.14525 0.41961 0.37255 0.32549
v 49.31416 21.98805 -44.62674 0.42745 0.39216 0.32549
v 67.07435 14.19677 -50.07231 0.42353 0.37255 0.32549
v 62.00292 11.56826 -51.51173 0.38824 0.36078 0.31765
v 70.31864 17.123 -48.45845 0.46667 0.40392 0.34510
v 86.24628 54.59987 72.51744 0.37647 0.33725 0.28627
v 53.06197 23.49578 91.60169 0.56078 0.49020 0.40000
v 49.98966 23.88917 90.3817 0.60000 0.50588 0.40000
v 47.68733 21.44247 92.49083 0.54902 0.48235 0.39608
v 45.38671 25.09907 88.19561 0.56471 0.49020 0.39216
v 42.35104 26.7754 85.27817 0.57647 0.49804 0.40392
v 47.37456 29.21134 83.57777 0.58039 0.49412 0.39608
v 43.88404 28.76932 83.50027 0.57647 0.49020 0.40392
v 46.01345 30.41539 81.48529 0.51765 0.46275 0.39608
v 40.65275 25.17077 86.86169 0.51765 0.45098 0.38431
v 34.87331 19.70225 93.86384 0.49804 0.46275 0.41176
v 43.6567 22.71678 90.45543 0.52157 0.46667 0.39216
v 29.62668 20.63238 89.89623 0.41569 0.38431 0.34118
v 35.11625 22.23945 89.01822 0.46667 0.41961 0.37647
v 32.21908 23.5862 87.11256 0.55686 0.48627 0.39608
v 39.01287 22.38975 89.44765 0.50980 0.45490 0.38824
v 32.73516 26.16741 84.26336 0.52941 0.45882 0.37255
v 27.13456 24.04062 86.02631 0.54510 0.47059 0.38039
v 29.33964 25.06245 85.07188 0.54510 0.47451 0.39608
v 26.61365 27.00217 82.68549 0.56078 0.48235 0.38431
v 24.97536 22.7079 86.63915 0.46667 0.41176 0.35294
v 22.65214 26.18451 82.92931 0.52549 0.45490 0.37647
v 20.21342 28.04518 80.65909 0.52941 0.45882 0.37647
v 30.48156 26.85508 83.20679 0.51373 0.44706 0.37255
v 30.67889 28.73648 80.82036 0.50196 0.43529 0.36471
v 22.28008 22.93325 86.2626 0.55294 0.48235 0.39216
v 18.80394 23.46591 85.03895 0.48235 0.42353 0.36863
v 20.84914 24.26886 84.83002 0.51373 0.44314 0.36863
v 19.79154 25.65139 83.15927 0.49020 0.43137 0.36863
v 12.78053 24.47668 82.82204 0.51373 0.45098 0.37255
v 3.08716 23.04392 82.57246 0.41569 0.36863 0.32941
v -0.9916105 22.69624 87.50721 0.41961 0.37255 0.32157
v 1.971633 23.1624 83.16398 0.58039 0.47843 0.37255
v 0.3797888 25.18815 78.98464 0.56863 0.48627 0.39608
v 2.895986 24.62837 81.67961 0.55686 0.47059 0.38431
v 7.848154 25.28015 79.6672 0.54902 0.47451 0.37647
v 2.243996 24.9661 79.57242 0.48235 0.42353 0.36471
v 1.953887 24.45064 80.48582 0.59608 0.50588 0.40000
v 57.35905 26.55618 88.2585 0.55686 0.48235 0.38431
v 56.80338 25.87328 89.38514 0.58431 0.50980 0.40784
v 56.61228 27.31969 86.99199 0.54902 0.49020 0.41961
v 53.14837 25.68056 89.02449 0.57255 0.50196 0.40392
v 48.8297 26.29274 87.33257 0.51765 0.46275 0.40000
v 49.9646 28.70375 84.58961 0.57647 0.49412 0.39608
v 48.03732 31.96654 79.49474 0.59608 0.50980 0.40392
v 44.59574 31.80592 79.09097 0.52549 0.45882 0.40000
v 43.25591 30.44796 81.03611 0.53725 0.46667 0.39216
v 37.68537 24.19915 87.30394 0.56471 0.49804 0.40000
v 52.91048 27.11217 87.07941 0.57255 0.49412 0.40000
v 52.65804 29.61072 83.5951 0.56863 0.48235 0.39608
v 57.24371 28.2477 85.50088 0.50980 0.45490 0.38431
v 59.42743 27.3588 87.01198 0.59216 0.52549 0.41961
v 58.06219 29.13947 83.97153 0.55686 0.49412 0.39608
v 62.15492 26.01927 89.69367 0.53725 0.48235 0.42353
v 62.33572 27.11498 88.36395 0.51765 0.45098 0.38824
v 67.00854 25.13676 91.19573 0.46667 0.41176 0.35686
v 62.04642 24.93917 91.4958 0.51765 0.46667 0.39608
v 60.23707 28.48911 85.24128 0.50588 0.45490 0.39216
v 54.86888 28.71233 84.80405 0.55686 0.47843 0.38824
v 54.87534 29.94179 82.74523 0.52941 0.48235 0.41176
v 56.63105 30.32813 82.25356 0.49412 0.44706 0.39608
v 49.91278 29.53763 83.24263 0.60000 0.50588 0.40000
v 52.20904 31.22808 81.01003 0.58824 0.50980 0.41176
v 49.40552 34.45428 74.82546 0.48627 0.43529 0.37255
v 46.01936 35.08002 73.2734 0.54118 0.47843 0.40000
v 43.77498 32.19199 77.96854 0.52941 0.46667 0.38431
v 37.80863 29.62193 80.76717 0.53725 0.47451 0.38039
v 37.26971 27.3665 83.36578 0.57647 0.49804 0.40000
v 37.27134 25.94921 85.16956 0.60784 0.51373 0.41176
v 33.42077 27.9663 82.26607 0.55686 0.47843 0.38824
v 28.47262 29.45106 80.00293 0.54118 0.48235 0.40000
v 24.70913 28.80672 80.11554 0.52941 0.46275 0.37647
v 16.57118 28.30223 79.42192 0.52157 0.45490 0.38039
v 19.44887 29.57659 78.2897 0.56078 0.48235 0.38824
v 24.05746 30.74729 77.40881 0.50196 0.44314 0.38039
v 21.30731 31.08896 76.42096 0.52157 0.45882 0.39216
v 15.85681 29.34218 77.73178 0.56863 0.49020 0.39608
v 15.33654 26.52115 81.2543 0.52157 0.45490 0.37255
v 12.63098 25.80111 81.12527 0.55686 0.48627 0.39216
v -4.579295 23.76067 80.4533 0.46667 0.42745 0.37647
v -0.7386019 29.09074 94.77069 0.37255 0.32941 0.29020
v 21.28486 35.47823 95.9414 0.46667 0.40392 0.35294
v 62.18272 28.51028 85.63819 0.54118 0.47451 0.39216
v 51.45457 35.60541 73.11724 0.53333 0.47843 0.40392
v 49.862 37.53717 69.35485 0.50980 0.45490 0.39216
v 52.53015 33.75056 76.45466 0.53333 0.47451 0.40784
v 50.76822 38.9364 66.06668 0.52549 0.46275 0.38824
v 41.67575 32.43401 77.49749 0.55686 0.49020 0.40784
v 40.09029 29.96487 80.84315 0.59216 0.50196 0.40784
v 41.96656 35.29916 72.41131 0.49412 0.44706 0.38431
v 38.93362 32.3515 77.08969 0.54510 0.47451 0.38824
v 29.56897 30.55527 78.53872 0.53333 0.45882 0.38039
v 32.63023 34.47496 74.01941 0.53725 0.47059 0.39216
v 23.72355 32.1377 75.01538 0.52157 0.45490 0.37647
v 27.40701 30.99871 77.51068 0.47451 0.43137 0.37647
v 25.74084 31.91434 75.8815 0.55294 0.48627 0.40392
v 16.03388 31.98654 73.92091 0.49412 0.43922 0.37647
v 18.87721 31.76485 75.0882 0.49412 0.44314 0.37647
v 17.47576 32.72592 73.38774 0.50588 0.44706 0.36471
v -8.367755 22.2392 85.64073 0.36863 0.34510 0.30588
v 15.28657 33.13148 96.68755 0.39608 0.35686 0.32941
v 12.09074 33.2164 95.38198 0.50196 0.43529 0.35294
v 9.877103 29.29155 97.84784 0.44706 0.38431 0.33725
v 69.54539 30.1122 83.94872 0.47059 0.42745 0.37647
v 66.29207 32.19765 80.27929 0.54902 0.48235 0.38824
v 64.44505 30.53222 82.77057 0.53725 0.47059 0.39216
v 61.80986 29.88499 83.62632 0.55686 0.49804 0.39216
v 59.64953 32.35855 79.29578 0.49804 0.45490 0.40000
v 55.62071 34.14845 76.19514 0.53333 0.47451 0.39216
v 55.12057 35.95854 73.4893 0.51765 0.46667 0.40392
v 56.7299 37.32143 70.70352 0.52549 0.47451 0.40392
v 59.18432 36.13501 73.40526 0.53333 0.47843 0.40000
v 63.48183 36.77892 72.33314 0.55686 0.49412 0.41176
v 53.91044 37.63167 69.76033 0.50588 0.45490 0.39608
v 48.19434 40.06717 62.56288 0.49412 0.44706 0.38039
v 46.53762 38.50813 66.4026 0.47843 0.43137 0.37255
v 41.91282 38.36947 65.62765 0.54118 0.47843 0.38431
v 44.25645 37.28297 68.76086 0.50980 0.45490 0.38431
v 46.60902 36.4795 70.89156 0.55686 0.49412 0.40784
v 21.49872 32.87136 73.87829 0.51765 0.45490 0.38824
v 22.1596 34.39229 71.83468 0.54118 0.47451 0.38824
v 32.52689 35.26969 71.10807 0.46275 0.41176 0.35294
v 35.77683 33.86604 73.80555 0.49020 0.44314 0.38824
v 35.41885 36.74051 68.62255 0.47843 0.42745 0.36863
v 37.42017 35.90977 70.17087 0.48627 0.42353 0.36078
v 40.98052 36.95188 68.77662 0.54118 0.47451 0.38824
v 42.81777 36.15247 70.62016 0.55294 0.48627 0.38824
v 46.81339 19.16593 94.90315 0.43529 0.40784 0.38431
v 45.55888 22.02607 91.42786 0.52549 0.46667 0.38431
v 42.56862 20.69919 92.1178 0.46275 0.41569 0.35294
v 28.87517 20.38385 93.01119 0.70980 0.63922 0.52157
v 25.21844 20.97157 92.19014 0.45490 0.41961 0.36863
v 22.44881 21.48177 91.06983 0.47843 0.41569 0.34510
v 21.98939 21.1553 90.32303 0.58039 0.50196 0.39608
v 78.44343 25.0591 92.41568 0.53725 0.47451 0.38824
v 75.92983 25.35942 91.9081 0.50588 0.45098 0.38431
v 77.961 26.77446 90.05421 0.48627 0.43529 0.38039
v 60.067 34.57041 76.56148 0.55686 0.48627 0.39608
v 62.35117 33.63863 78.15811 0.51765 0.45098 0.38824
v 62.59473 37.53465 70.46875 0.48627 0.43529 0.38431
v 65.88597 35.4377 74.81396 0.54902 0.47451 0.39608
v 58.12574 38.08003 68.92875 0.49412 0.44314 0.38431
v 55.21797 38.32328 68.12342 0.48235 0.43922 0.38039
v 52.68664 39.16121 65.85022 0.53725 0.47843 0.39608
v 54.00364 40.57643 62.51258 0.54510 0.49020 0.41961
v 43.47228 40.52932 60.40254 0.51373 0.46275 0.39608
v 37.89856 37.07353 68.12784 0.56078 0.49020 0.40000
v 38.34202 38.03983 66.25924 0.49020 0.43529 0.38824
v 73.99098 31.51669 81.71467 0.49412 0.46275 0.41569
v 82.29504 30.71919 84.57544 0.57255 0.49412 0.40392
v 83.42353 31.89331 82.82834 0.61961 0.53333 0.42353
v 76.69219 31.3217 82.7588 0.52157 0.46667 0.40392
v 71.41206 35.48322 74.2922 0.56078 0.49020 0.39216
v 70.95176 33.38636 78.5369 0.50980 0.46275 0.40000
v 75.40534 33.92892 77.3508 0.53333 0.47843 0.41569
v 75.09247 32.74067 79.74604 0.54902 0.48627 0.40392
v 77.60838 33.57255 78.54761 0.54902 0.49020 0.41176
v 78.07476 32.5949 80.82287 0.55294 0.49412 0.41569
v 81.13334 32.2582 81.65476 0.54902 0.48235 0.40392
v 82.01143 33.17484 79.56699 0.52941 0.46667 0.38431
v 84.69215 32.22732 81.81156 0.54510 0.47843 0.39608
v 91.95069 30.62724 85.15477 0.55686 0.49020 0.40000
v 79.45025 33.24002 78.8993 0.53725 0.47451 0.39608
v 80.40599 34.39369 76.69735 0.58824 0.50588 0.40784
v 66.4356 37.53954 70.35868 0.52549 0.46275 0.38824
v 68.50768 37.58286 69.46545 0.54510 0.48627 0.41569
v 79.56581 36.04504 73.54106 0.50196 0.45098 0.40000
v 75.83269 35.61172 74.03909 0.50980 0.46667 0.40392
v 74.26101 37.61121 69.288 0.54510 0.47843 0.40392
v 70.10808 38.46177 67.49327 0.51765 0.47059 0.40000
v 67.76575 39.15313 66.43547 0.52941 0.46667 0.38824
v 64.99781 39.31955 66.18729 0.49020 0.43922 0.38039
v 63.23999 38.33884 68.74914 0.49804 0.44314 0.38431
v 66.48954 33.985 77.28896 0.52157 0.45490 0.38824
v 66.99347 36.59647 72.47177 0.55294 0.49020 0.40000
v 70.37384 31.65887 81.22354 0.50980 0.46667 0.40000
v 63.3118 35.00335 75.86445 0.55686 0.48627 0.40000
v 64.58878 33.34846 78.32795 0.52941 0.48235 0.40392
v 91.50013 14.23007 -49.72718 0.42745 0.37647 0.31765
v 89.75899 42.36861 -22.2957 0.46667 0.40784 0.33725
v 98.21841 37.32525 -28.20791 0.39608 0.36078 0.30588
v 103.3317 42.06242 -21.72653 0.37255 0.33333 0.29020
v 110.5625 44.61626 -16.65548 0.35686 0.31765 0.28627
v 111.0734 33.71358 -31.6581 0.37647 0.34902 0.30196
v 112.3837 40.34999 -23.5706 0.36863 0.32941 0.30980
v 109.1969 37.03719 -28.13013 0.37647 0.34902 0.31373
v 77.98526 50.13471 -11.45732 0.45098 0.40392 0.34902
v 68.62061 47.71823 -16.70247 0.40392 0.36471 0.30588
v 59.78882 45.77306 -20.01146 0.50980 0.44314 0.38039
v 35.73844 52.89643 -4.281968 0.47451 0.41569 0.33725
v 51.02871 53.23532 -5.205424 0.47451 0.42745 0.36471
v 55.78127 55.05697 -0.8375179 0.47843 0.43137 0.38039
v 66.4616 56.64329 4.499213 0.46667 0.41961 0.36471
v 41.90488 54.7229 -0.270994 0.47451 0.41569 0.35686
v 97.11771 43.83821 -19.39476 0.39608 0.34902 0.30588
v 74.90198 52.98073 -5.889088 0.45490 0.41176 0.35294
v 63.89249 51.10264 -10.53107 0.46667 0.41569 0.37255
v 54.44841 51.08196 -9.990304 0.53725 0.47059 0.37647
v 57.04186 51.19362 -10.0583 0.46275 0.42745 0.38039
v 62.71735 54.35792 -2.891604 0.49804 0.42353 0.36078
v 66.13633 55.65485 1.484687 0.50980 0.45098 0.38039
v 49.01154 56.56749 6.069826 0.51765 0.45882 0.38039
v 70.04084 54.32985 -2.765171 0.50588 0.43529 0.36078
v 70.2792 52.65441 -6.397966 0.49020 0.43529 0.36471
v 61.10458 51.98529 -8.695664 0.38039 0.35686 0.32941
v 83.50663 54.64898 -0.5846674 0.38431 0.34902 0.31765
v 107.5258 56.15685 13.25358 0.34902 0.32941 0.30196
v 92.20205 58.97849 48.07048 0.45882 0.40392 0.36863
v 102.4148 57.40784 20.80162 0.44706 0.39608 0.33725
v 92.36262 59.07809 29.7313 0.48627 0.42745 0.34902
v 92.53151 58.9621 35.76819 0.43529 0.38824 0.31765
v 97.16635 58.74389 34.62779 0.54902 0.47451 0.38039
v 107.1385 59.00944 42.28743 0.48235 0.41961 0.34118
v 122.0843 57.31032 37.43574 0.48235 0.41961 0.33333
v 123.5805 56.74661 28.03601 0.50196 0.45882 0.41569
v 122.7188 56.10022 21.17946 0.37255 0.34902 0.30196
v 133.3399 52.44613 6.091924 0.36863 0.34510 0.29412
v 127.8123 52.45863 3.518076 0.49020 0.43137 0.35686
v 122.203 52.43169 3.224584 0.48235 0.41569 0.35294
v 116.5348 54.59613 9.649469 0.38824 0.35294 0.29020
v 132.2033 51.01154 0.5224793 0.43529 0.38431 0.32941
v 103.2449 54.54228 5.643817 0.44314 0.39216 0.33725
v 88.53043 57.1046 11.54405 0.46275 0.41176 0.35686
v 107.2293 51.48267 -3.528441 0.38431 0.34118 0.30196
v 102.1089 53.32629 -0.01987977 0.36863 0.33333 0.29020
v 92.85732 55.60259 4.546482 0.40000 0.36471 0.30980
v 109.827 48.30803 -10.07318 0.42745 0.37647 0.32549
v 120.1377 45.50219 -14.15726 0.35686 0.33725 0.29804
v 127.6946 43.99535 -16.14544 0.30980 0.28627 0.26275
v 130.2966 47.93378 -7.306612 0.39216 0.36078 0.29804
v 141.2428 47.54555 -5.827449 0.47843 0.42745 0.37255
v 144.6444 49.05879 -0.9799785 0.27843 0.25098 0.21961
v 154.1781 45.04079 -8.372465 0.32941 0.29412 0.25490
v 152.6077 48.84364 0.744957 0.30196 0.27451 0.23529
v 58.52636 47.32965 -17.43376 0.47451 0.42353 0.34902
v 90.58516 -22.45958 -39.82019 0.57255 0.47451 0.38431
v 92.89616 -22.2553 -39.68255 0.52549 0.45490 0.38824
v 96.44506 -19.72236 -39.74398 0.50980 0.45882 0.39608
v 102.5537 -10.46827 -38.68331 0.51765 0.47059 0.40000
v 100.6643 -8.012641 -38.29028 0.59216 0.50588 0.40392
v 101.5156 -6.067339 -37.71372 0.54902 0.47059 0.37647
v 97.35809 -9.714267 -38.76799 0.52941 0.47451 0.39216
v 99.93595 -11.19973 -38.82021 0.55686 0.48235 0.38824
v 97.58506 -13.19436 -39.36419 0.53725 0.47843 0.40000
v 102.1943 -12.76921 -38.98081 0.49412 0.42353 0.35294
v 94.47243 -20.77355 -39.79771 0.58431 0.49804 0.40000
v 100.4138 -20.21873 -39.72688 0.53725 0.47451 0.38824
v 95.07665 -15.82661 -39.62038 0.52549 0.47451 0.40392
v 99.73841 -14.33733 -39.47556 0.52157 0.48235 0.40784
v 95.06327 -12.2842 -39.18867 0.47451 0.43137 0.36863
v 96.34402 -7.935976 -38.6521 0.60000 0.51373 0.40784
v 94.83818 -10.24073 -38.97064 0.51765 0.45490 0.39216
v 92.99824 -6.206286 -38.3738 0.60000 0.51765 0.41961
v 94.26011 -8.680408 -38.91587 0.54902 0.49412 0.40000
v 91.5444 -12.392 -39.40846 0.58039 0.52157 0.42745
v 93.03062 -16.72335 -39.80601 0.54902 0.49412 0.41176
v 89.82232 -15.73183 -39.88774 0.54902 0.48627 0.40000
v 91.68585 -19.43317 -40.00618 0.54510 0.48235 0.39216
v 89.1678 -19.70174 -40.14492 0.54510 0.49020 0.40392
v 79.52889 -18.85276 -40.59265 0.50980 0.45490 0.38431
v 81.79837 -19.43566 -40.47003 0.52549 0.45098 0.38039
v 85.62186 -16.90949 -40.20244 0.50588 0.45098 0.39216
v 84.3304 -13.75222 -40.16155 0.53333 0.47843 0.40392
v 89.74508 -13.4728 -39.64499 0.52157 0.45882 0.38824
v 87.58988 -13.6119 -39.89463 0.52941 0.48235 0.42353
v 86.60717 -11.90542 -39.78625 0.56078 0.50196 0.42745
v 89.35609 -10.74649 -39.4796 0.60000 0.51765 0.40392
v 77.30218 -35.3401 -39.45369 0.49020 0.43922 0.38039
v 76.51522 -37.85153 -39.23022 0.53333 0.46667 0.38431
v 79.07729 -39.13394 -38.60641 0.51373 0.44706 0.38039
v 75.62992 -40.46963 -38.09563 0.49412 0.43922 0.37647
v 75.46303 -39.57553 -39.14002 0.48235 0.42353 0.36863
v 73.90568 -39.90077 -38.92977 0.46667 0.41961 0.36471
v 75.46526 -34.24578 -41.16078 0.51373 0.45882 0.38824
v 75.49269 -36.89698 -39.02463 0.50588 0.44314 0.35294
v 70.97123 -39.57411 -38.93542 0.50588 0.45490 0.38824
v 72.32955 -41.42902 -37.64675 0.48627 0.41569 0.36078
v 69.4157 -41.47392 -38.4509 0.48627 0.42353 0.36078
v 76.63868 -43.60207 -36.23532 0.47451 0.40392 0.32549
v 69.72459 -40.10917 -39.19345 0.50196 0.43529 0.37255
v 74.07357 -37.91319 -39.39924 0.52549 0.45098 0.38039
v 72.03826 -36.14995 -41.07209 0.50196 0.43922 0.36863
v 67.21078 -35.50004 -39.56529 0.47059 0.41176 0.35686
v 65.11148 -32.7311 -39.87137 0.52549 0.45882 0.38431
v 63.68833 -34.8971 -39.84145 0.52941 0.47843 0.41961
v 66.09362 -36.84087 -39.94544 0.53725 0.46275 0.37255
v 63.15354 -32.61325 -40.03383 0.47059 0.41569 0.36863
v 65.91763 -30.98907 -40.04644 0.51765 0.45490 0.39216
v 59.10182 -23.60637 -41.34792 0.50588 0.44706 0.38039
v 62.03646 -30.4357 -40.40618 0.49020 0.43529 0.38824
v 61.64616 -26.01881 -41.012 0.55686 0.47843 0.38824
v 59.39574 -27.21475 -40.99393 0.49804 0.43922 0.39216
v 61.20481 -20.54068 -41.57282 0.52549 0.46667 0.40000
v 62.52413 -16.13566 -41.75164 0.54510 0.48235 0.40784
v 56.71652 -18.73774 -41.80655 0.54902 0.49412 0.41176
v 55.61055 -16.35894 -41.90541 0.53333 0.46667 0.38039
v 59.03871 -16.95231 -41.82838 0.54510 0.49020 0.41176
v 55.11931 -8.287539 -41.23522 0.49412 0.44706 0.39608
v 54.77008 -5.524871 -40.38523 0.53725 0.48627 0.42353
v 56.88334 -4.183144 -39.75202 0.51373 0.46667 0.40784
v 59.38432 -2.510604 -38.90716 0.58431 0.51765 0.42353
v 61.28212 -2.220158 -38.8643 0.55686 0.49804 0.41569
v 56.10165 -0.04016626 -38.05188 0.60392 0.53333 0.43137
v 57.757 -0.3863456 -38.16738 0.60392 0.53333 0.43137
v 53.95628 -1.843192 -39.00149 0.61176 0.52549 0.41961
v 53.01531 2.781357 -36.79481 0.59608 0.52549 0.43529
v 50.8096 -0.08456186 -38.4062 0.53333 0.47451 0.39608
v 50.6915 -2.622267 -39.6874 0.61176 0.53333 0.43137
v 53.25641 -3.927128 -39.91242 0.57647 0.50980 0.42353
v 52.33417 -8.594282 -41.39372 0.55686 0.49412 0.41176
v 51.74546 -10.95723 -42.00323 0.52941 0.46667 0.40000
v 55.27977 -13.99733 -41.87454 0.47451 0.42745 0.36471
v 51.07202 -8.634717 -41.61114 0.52549 0.47059 0.40392
v 51.00552 -5.880615 -40.94093 0.56471 0.50588 0.41569
v 48.96067 -4.510324 -40.375 0.60784 0.52941 0.43529
v 47.23413 0.6883858 -38.32717 0.61569 0.54118 0.43137
v 42.70772 0.303205 -38.70036 0.59608 0.50980 0.40000
v 45.33033 -3.390597 -40.1829 0.61569 0.52549 0.41569
v 41.42142 -2.277041 -40.09691 0.61961 0.52549 0.41569
v 39.75111 1.8324 -38.07777 0.61569 0.52157 0.41569
v 39.75124 4.398413 -36.80225 0.59608 0.51765 0.41961
v 33.30034 4.585871 -36.64837 0.55686 0.48627 0.39216
v 34.57338 4.080558 -36.81757 0.50588 0.45882 0.40392
v 34.58157 6.608153 -35.46961 0.58431 0.50196 0.40392
v 30.80243 4.781342 -36.42458 0.58039 0.51765 0.43137
v 28.83554 2.618704 -37.455 0.58431 0.51373 0.42353
v 31.95098 2.263963 -37.81955 0.54902 0.50196 0.43137
v 30.55712 7.235799 -34.9053 0.62353 0.52549 0.41569
v 30.08225 9.781906 -33.29734 0.58039 0.50588 0.40392
v 24.82742 9.398132 -33.34575 0.52549 0.47451 0.40000
v 27.91699 12.06118 -31.65483 0.56471 0.50196 0.41961
v 36.29083 4.987864 -36.43655 0.60392 0.52157 0.42745
v 36.11825 2.777398 -37.55948 0.57647 0.50980 0.41569
v 38.1291 7.404545 -35.08944 0.60392 0.51765 0.41569
v 34.00827 8.628065 -34.06856 0.51373 0.46275 0.38824
v 38.65806 9.242168 -33.72614 0.61569 0.52157 0.41569
v 40.24636 6.603201 -35.50834 0.59608 0.50980 0.41176
v 41.66304 8.447761 -34.29923 0.54902 0.49412 0.42745
v 45.22747 4.540736 -36.43272 0.58824 0.50980 0.42745
v 42.01419 4.129383 -36.85492 0.58039 0.50980 0.40784
v 121.2377 18.41526 -46.04451 0.41176 0.37255 0.32157
v 63.87419 -37.72552 -39.74475 0.50196 0.43529 0.38431
v 64.05281 -38.9813 -39.94472 0.51373 0.43137 0.37255
v 55.24416 -23.89449 -41.67041 0.49804 0.44706 0.38039
v 55.75092 -27.55677 -41.35467 0.50980 0.45490 0.39216
v 58.47611 -29.98472 -40.7585 0.49020 0.44314 0.39216
v 54.86614 -32.28701 -40.74246 0.53333 0.46275 0.39216
v 58.38796 -34.57848 -40.0205 0.47843 0.42353 0.36078
v 50.06915 -34.80091 -40.63938 0.48235 0.43922 0.38431
v 54.84216 -36.116 -39.90939 0.49020 0.43922 0.39216
v 57.19982 -39.57199 -38.77411 0.44314 0.38431 0.33333
v 57.91033 -37.40535 -39.70009 0.47059 0.42353 0.36863
v 54.04605 -38.44518 -39.51714 0.53333 0.46275 0.38824
v 47.72087 -32.9274 -41.09923 0.46667 0.41961 0.37255
v 51.83046 -26.88969 -41.52379 0.48627 0.42745 0.37255
v 54.99043 -20.60492 -41.94914 0.52941 0.47451 0.39608
v 53.82795 -22.01076 -42.01213 0.49020 0.45490 0.38824
v 52.20881 -29.52984 -41.20801 0.49412 0.43922 0.38431
v 46.44689 -29.19966 -41.77785 0.62745 0.54118 0.42745
v 49.30424 -29.18878 -41.54158 0.52157 0.47059 0.40000
v 48.1023 -25.60251 -42.05122 0.51765 0.45882 0.38039
v 51.11914 -18.26407 -42.27269 0.54510 0.48235 0.39608
v 53.85143 -18.48232 -42.0699 0.51373 0.45490 0.40000
v 52.44518 -14.44019 -42.11751 0.54510 0.47451 0.38431
v 51.90679 -21.09997 -42.10989 0.52157 0.47059 0.39608
v 51.95158 -23.73797 -41.9866 0.55686 0.48627 0.39216
v 48.88316 -21.66576 -42.3013 0.52157 0.46667 0.39216
v 50.12218 -19.75383 -42.44821 0.48235 0.43137 0.36863
v 50.33976 -14.11095 -42.25048 0.53725 0.47059 0.37255
v 45.70256 -11.76017 -42.55218 0.51765 0.45882 0.38824
v 48.44617 -6.76669 -41.25707 0.57647 0.50980 0.41569
v 47.6853 -9.909919 -42.01219 0.55686 0.49412 0.40000
v 44.16417 -9.660631 -42.19841 0.57647 0.50980 0.41569
v 46.39102 -14.70334 -42.52568 0.50588 0.45098 0.39216
v 45.46667 -7.06397 -41.35542 0.52549 0.47059 0.40000
v 37.65606 -1.805084 -39.76902 0.53333 0.47843 0.40000
v 31.3269 0.5513893 -38.49308 0.53333 0.49020 0.42353
v 30.05218 -0.4059025 -38.92386 0.50980 0.45882 0.39608
v 27.1451 6.816448 -35.13593 0.60392 0.51373 0.40784
v 27.41774 4.307768 -36.6675 0.55294 0.48627 0.40784
v 23.98485 6.165735 -35.41212 0.55686 0.49020 0.40392
v 23.08858 4.066741 -36.73121 0.50980 0.43922 0.35686
v 22.19998 12.34866 -31.39192 0.54510 0.49020 0.41176
v 24.75614 13.32221 -30.68252 0.54902 0.49020 0.41176
v 18.28132 11.79396 -31.96052 0.56471 0.49020 0.41176
v 19.89766 8.012705 -34.37649 0.54118 0.49020 0.40392
v 25.00527 1.673473 -38.09726 0.54118 0.49020 0.42353
v 20.3998 2.989339 -37.48706 0.56863 0.50196 0.40392
v 17.91016 2.34027 -37.80698 0.49804 0.44314 0.38039
v 18.73549 5.559096 -35.959 0.55294 0.49412 0.40392
v 14.82165 5.017902 -36.17794 0.55294 0.48627 0.39608
v 19.05978 -0.5472281 -39.14987 0.58824 0.51765 0.41569
v 17.78202 14.4135 -29.88921 0.59216 0.50588 0.40784
v 17.16083 18.14403 -26.40338 0.60000 0.51373 0.40784
v 11.66513 11.97607 -31.27798 0.56078 0.49804 0.41176
v 14.31605 8.779969 -33.78448 0.51765 0.46275 0.38431
v 9.074301 13.92695 -29.59271 0.58824 0.50980 0.40000
v 7.167318 13.04092 -30.37864 0.52941 0.47059 0.40000
v 9.068002 10.84661 -32.10028 0.57647 0.50196 0.40784
v 9.680687 9.161461 -33.4366 0.56471 0.49804 0.40784
v 8.562511 7.240466 -34.74169 0.59216 0.51373 0.40784
v 12.95041 2.795637 -37.43409 0.52157 0.47059 0.40784
v 7.378665 5.148084 -36.07752 0.52941 0.44706 0.35294
v 5.446455 8.062082 -34.12254 0.55294 0.49020 0.40784
v 2.049767 7.733644 -34.4093 0.54902 0.48235 0.38824
v 5.924202 10.85166 -32.00286 0.53333 0.46667 0.38824
v 3.942108 12.34657 -30.90072 0.52549 0.46667 0.38039
v 3.714762 8.668193 -33.85433 0.55294 0.48627 0.39216
v 0.7954615 10.41341 -32.42045 0.55686 0.49412 0.40784
v -1.270696 8.126019 -34.1101 0.60392 0.51765 0.40784
v 0.7468642 13.4365 -29.77774 0.57255 0.50196 0.40392
v 9.420448 17.08781 -26.71984 0.57647 0.49412 0.39216
v 11.97322 15.54406 -28.32438 0.56078 0.50196 0.41569
v 22.33227 15.25891 -29.15789 0.52941 0.46667 0.39608
v 10.33492 18.98134 -24.90949 0.51373 0.45490 0.38039
v 6.298705 17.9256 -25.63041 0.54118 0.49020 0.41176
v 4.366577 19.011 -24.31899 0.50980 0.45098 0.38431
v 4.902704 16.08839 -27.1863 0.56471 0.49412 0.39608
v 4.129797 14.24339 -29.0649 0.56471 0.49804 0.40784
v 70.7958 -36.25648 -40.46811 0.52157 0.44706 0.37647
v 68.44893 -37.31434 -40.10036 0.50980 0.41961 0.34510
v 66.2332 -41.60204 -38.07493 0.48235 0.42353 0.36471
v 65.31522 -38.74371 -39.72204 0.52941 0.45882 0.38039
v 58.31158 -40.02859 -40.0967 0.53725 0.45882 0.38039
v 60.8123 -34.59192 -39.9081 0.49412 0.43922 0.38039
v 60.57341 -37.77491 -39.92533 0.50196 0.44314 0.37255
v 62.51812 -39.44673 -39.74434 0.49412 0.42745 0.34510
v 50.05034 -37.8593 -39.9043 0.50980 0.44706 0.38431
v 44.97968 -32.7925 -41.25487 0.49412 0.43922 0.37647
v 44.54582 -30.24751 -41.90044 0.52941 0.46667 0.39608
v 43.40299 -27.29845 -42.25329 0.49412 0.42745 0.36078
v 42.86195 -24.6153 -42.71948 0.51765 0.45490 0.38431
v 44.74102 -26.13342 -42.38366 0.54118 0.47059 0.38824
v 45.23141 -23.92433 -42.62432 0.51765 0.46275 0.37647
v 44.78956 -21.59039 -42.72974 0.51765 0.45098 0.36863
v 46.84622 -20.23548 -42.72165 0.51765 0.46275 0.38431
v 50.09203 -25.16495 -41.82776 0.54902 0.47843 0.38431
v 56.05416 -40.13741 -39.74539 0.49020 0.42353 0.36471
v 55.39947 -41.42424 -39.15335 0.51373 0.44706 0.36078
v 40.82869 -33.72153 -41.38339 0.49804 0.43137 0.34902
v 46.07505 -36.06067 -40.56264 0.53725 0.45882 0.38039
v 46.5951 -38.15752 -39.95657 0.50588 0.44706 0.38039
v 41.86196 -38.03079 -40.33371 0.50588 0.44706 0.38039
v -180.652 -16.65858 -46.61498 0.56471 0.49412 0.40000
v -181.1389 -13.88487 -44.71525 0.60784 0.52549 0.41961
v -180.5006 -10.78832 -42.62551 0.59216 0.50588 0.41176
v -177.3421 -12.91183 -44.3722 0.60000 0.51765 0.40784
v -178.9132 -15.36316 -45.97641 0.56471 0.49804 0.40784
v -175.3542 -17.05791 -47.24283 0.59216 0.52549 0.42745
v -170.6952 -14.23858 -45.57792 0.50196 0.45098 0.40000
v -172.8172 -16.01262 -46.83737 0.58431 0.51373 0.41961
v -176.5939 -14.84739 -45.91145 0.55294 0.48235 0.39216
v -174.2172 -13.43283 -44.93117 0.62353 0.52941 0.42353
v -176.3144 -11.8186 -43.54432 0.52157 0.46667 0.39216
v -175.8845 -8.983191 -41.75219 0.58824 0.51765 0.41961
v -173.8971 -10.40455 -42.72908 0.56078 0.49412 0.40784
v -178.2149 -9.55025 -42.01197 0.56863 0.50588 0.40000
v -177.7047 -11.14595 -43.01869 0.60000 0.52157 0.42745
v -181.9191 -9.991739 -41.91478 0.54510 0.48235 0.38039
v -179.1022 -8.755775 -40.91985 0.56078 0.49020 0.39608
v -182.611 -8.81298 -40.72287 0.61961 0.52941 0.43137
v -185.0786 -9.252105 -40.74897 0.55686 0.47843 0.39608
v -184.7601 -7.605447 -39.48674 0.58431 0.51765 0.42353
v -187.06 -8.404465 -39.87294 0.58824 0.51765 0.42745
v -188.3845 -5.955663 -37.18603 0.60000 0.50588 0.40000
v -185.9737 -4.67519 -36.47369 0.58039 0.50980 0.40784
v -185.9611 -6.157417 -37.84988 0.58824 0.51373 0.41569
v -184.632 -5.899458 -37.80659 0.59608 0.51765 0.41569
v -182.471 -7.106276 -39.24334 0.58039 0.51765 0.41961
v -174.3476 -7.951939 -40.91715 0.58431 0.51765 0.43529
v -171.6853 -11.47615 -43.54912 0.58431 0.49804 0.39216
v -170.4398 -9.983582 -42.33863 0.56863 0.49412 0.38431
v -172.6348 -8.798063 -41.78104 0.58824 0.52157 0.42353
v -174.9007 -6.350063 -39.43578 0.57255 0.50588 0.41961
v -179.9811 -7.670375 -40.09918 0.60392 0.52157 0.42745
v -177.048 -7.423325 -40.19053 0.57647 0.49804 0.40784
v -177.9806 -6.411954 -38.93014 0.58824 0.50196 0.40000
v -171.5774 -7.308975 -40.14805 0.60000 0.50196 0.40000
v -170.6257 -8.267711 -41.20696 0.48235 0.41569 0.35294
v -169.0969 -8.866746 -41.75119 0.56078 0.49020 0.40784
v -168.1358 -13.25506 -44.8972 0.59608 0.52941 0.42745
v -169.1387 -11.70118 -43.76178 0.61176 0.52549 0.42745
v -166.9831 -10.33249 -42.83277 0.58039 0.50588 0.41569
v -165.9689 -7.43214 -40.78489 0.54902 0.48235 0.40000
v -168.211 -6.594685 -39.99206 0.47843 0.42353 0.35686
v -170.2752 -6.550333 -39.96314 0.63137 0.53725 0.43137
v -168.947 -4.574576 -38.17648 0.54118 0.47451 0.39608
v -165.4871 -5.831146 -39.5471 0.55294 0.49412 0.41961
v -171.3258 -5.157457 -38.58344 0.58039 0.50196 0.41569
v -167.8555 -3.671035 -37.28383 0.38039 0.31765 0.26667
v -171.3616 -3.467353 -37.25248 0.60000 0.51765 0.43137
v -168.8356 -2.240236 -36.06361 0.55294 0.48627 0.39608
v -165.317 -1.242486 -35.65651 0.63922 0.55294 0.45098
v -166.8136 -0.6698204 -34.70881 0.56863 0.50588 0.42745
v -168.8917 -0.4499015 -34.12601 0.59216 0.52549 0.42745
v -164.506 0.7721366 -33.61513 0.60392 0.53725 0.45098
v -167.0638 1.812188 -31.74385 0.55686 0.49020 0.40784
v -169.3405 0.7951407 -32.72192 0.56471 0.49412 0.41176
v -171.8344 -1.7428 -35.62578 0.61176 0.52157 0.41961
v -171.8896 0.01640797 -33.10323 0.59608 0.51765 0.41569
v -172.462 -1.03522 -34.41404 0.51373 0.45882 0.38824
v -173.5677 -4.375322 -37.81834 0.57647 0.50196 0.40784
v -173.127 -3.198772 -36.40537 0.58431 0.50196 0.41569
v -176.9644 -1.946007 -34.91511 0.60000 0.52549 0.42353
v -178.4024 -3.861667 -36.72011 0.61176 0.52157 0.41961
v -176.1276 -2.987775 -36.20109 0.47843 0.43137 0.37647
v -173.6428 -2.121074 -35.55474 0.56078 0.49412 0.41176
v -174.7993 -1.440549 -34.77995 0.61569 0.52941 0.41961
v -168.8385 -24.57967 -51.03373 0.56471 0.50196 0.40392
v -165.0425 -29.09564 -51.60589 0.58824 0.49804 0.38824
v -164.283 -30.71465 -51.94613 0.52157 0.45882 0.37647
v -158.2607 -33.21439 -51.86457 0.49020 0.43529 0.36863
v -160.5049 -33.73201 -51.8582 0.45098 0.40392 0.34510
v -158.8121 -35.90901 -51.94175 0.51373 0.46275 0.40784
v -156.0887 -38.59644 -51.74091 0.50588 0.45098 0.38824
v -155.3984 -36.52935 -51.83806 0.49804 0.44314 0.37647
v -156.7437 -33.71903 -51.91053 0.52941 0.48627 0.44314
v -165.9406 -27.64118 -51.49668 0.53333 0.47059 0.37647
v -165.6994 -25.86118 -51.13647 0.56078 0.48627 0.40000
v -166.2678 -23.62046 -50.48599 0.57255 0.50196 0.41176
v -170.0412 -16.57631 -47.2508 0.56471 0.49412 0.40000
v -167.7329 -16.35411 -47.00739 0.58824 0.51373 0.42353
v -166.003 -14.45899 -45.79768 0.54902 0.48627 0.41569
v -165.0615 -12.36511 -44.36103 0.59216 0.52157 0.43137
v -161.3091 -9.39434 -42.46762 0.57647 0.52157 0.43137
v -164.2017 -9.773729 -42.51083 0.57255 0.49804 0.41569
v -162.1727 -7.705785 -41.17653 0.61176 0.52157 0.42745
v -162.8006 -5.788357 -39.6977 0.52549 0.47059 0.40392
v -164.0692 -4.073296 -38.05834 0.53725 0.46667 0.40000
v -165.0989 -2.745812 -36.89754 0.59608 0.50196 0.40392
v -162.2611 -3.976929 -38.15384 0.57255 0.51765 0.44314
v -163.8788 -16.96526 -47.3388 0.55294 0.50588 0.43137
v -166.7874 -19.20969 -48.50377 0.50196 0.43922 0.37255
v -166.1037 -21.59511 -49.65744 0.53333 0.46275 0.38824
v -160.3799 -15.03999 -45.97429 0.52549 0.46667 0.38431
v -163.6147 -23.37923 -50.31653 0.54510 0.47059 0.39216
v -163.8685 -21.12805 -49.47122 0.58824 0.51373 0.41961
v -163.2538 -25.37118 -50.90698 0.50980 0.45098 0.38039
v -161.9156 -25.96191 -51.04114 0.52549 0.47451 0.37255
v -164.2299 -27.84997 -51.58969 0.54902 0.47059 0.38039
v -162.5369 -27.94782 -51.49805 0.50980 0.45490 0.38824
v -162.3713 -20.00621 -48.86415 0.52941 0.48627 0.39608
v -161.3944 -23.37078 -50.35663 0.53333 0.46667 0.40392
v -159.1915 -20.86954 -49.23258 0.56471 0.49804 0.39608
v -172.0862 -19.98652 -48.96307 0.59216 0.52549 0.42745
v -180.6662 -1.65038 -33.73337 0.50980 0.45882 0.39608
v -182.867 -5.671611 -37.80775 0.56863 0.49020 0.41569
v -180.9701 -4.495694 -36.78627 0.53333 0.45882 0.38824
v -178.933 -5.234229 -37.48524 0.60000 0.50588 0.40000
v -180.0214 -6.073673 -38.76827 0.60784 0.52941 0.40784
v -176.0518 -4.532856 -37.47785 0.63922 0.53725 0.42745
v -181.2036 -3.026079 -35.13651 0.58039 0.50588 0.40784
v -134.3218 -41.49724 -50.703 0.53333 0.47059 0.39216
v -138.2171 -44.34296 -50.50145 0.44314 0.41176 0.37647
v -139.9741 -46.04346 -50.22385 0.53333 0.46275 0.39608
v -137.4731 -42.34611 -50.86716 0.48627 0.43137 0.37647
v -136.3152 -40.09647 -50.90264 0.52549 0.47059 0.39608
v 90.85505 50.9203 -7.824773 0.36471 0.34902 0.28627
v 93.81413 53.05356 -2.756462 0.44706 0.40000 0.32941
v 91.33536 47.96069 -13.22759 0.36863 0.33725 0.29804
v 70.36058 58.48037 14.32518 0.49412 0.42745 0.36078
v 70.25888 60.21865 25.53727 0.45882 0.42353 0.35686
v 66.48255 59.15609 16.73876 0.37255 0.34510 0.30196
v 65.02028 58.63983 13.74384 0.50196 0.43529 0.36863
v 66.8029 57.76282 10.46115 0.45882 0.41176 0.34118
v 70.5037 55.60478 0.3499817 0.38824 0.35686 0.32157
v -155.9517 25.55784 19.82383 0.40000 0.35686 0.30980
v -146.1764 30.10258 3.279123 0.36471 0.32941 0.30588
v -132.6933 33.25664 1.981925 0.34902 0.31373 0.27451
v -136.5668 32.56026 10.6486 0.30980 0.27843 0.21569
v -139.2765 31.45627 16.74565 0.36471 0.30588 0.25490
v -138.2885 30.74919 22.95123 0.46275 0.40392 0.31765
v -141.3999 28.21584 28.62972 0.45098 0.38431 0.30196
v -145.5486 30.21451 14.75083 0.32941 0.29804 0.26667
v -175.7572 17.61862 12.82706 0.41961 0.35686 0.30980
v -180.5868 16.18054 2.658816 0.47843 0.42353 0.36078
v -180.3617 9.087881 -1.870765 0.58824 0.51765 0.42745
v -178.3277 9.813245 -1.791018 0.57647 0.50588 0.41961
v -178.8489 11.01765 3.434714 0.60000 0.50980 0.40392
v -180.1867 9.004422 0.1307568 0.47843 0.42745 0.34510
v -175.8533 10.11714 -2.476242 0.60784 0.52549 0.42745
v -177.4514 9.717873 -4.006445 0.60784 0.53333 0.43137
v -176.8624 9.71113 -8.566676 0.58039 0.50196 0.40392
v -176.1347 9.755508 -5.576875 0.55686 0.48627 0.39608
v -174.6778 10.1105 -4.255053 0.58824 0.50588 0.40784
v -174.0476 9.658882 -13.3416 0.60784 0.51373 0.41176
v -173.2336 10.57713 -9.474647 0.61961 0.51765 0.41961
v -175.0127 10.02511 -7.895184 0.51765 0.44706 0.37647
v -169.8614 11.33956 -10.75503 0.59608 0.52157 0.40784
v -171.3795 10.92451 -10.51206 0.59216 0.50196 0.39216
v -173.8665 10.61948 -4.301768 0.62745 0.53725 0.43529
v -170.8355 11.37869 -7.46517 0.54902 0.47059 0.38431
v -163.1619 11.25387 -17.11997 0.58431 0.50588 0.41176
v -163.2816 8.91973 -22.20096 0.60784 0.54510 0.45490
v -161.4159 10.60648 -19.31246 0.54902 0.48627 0.42353
v -159.8726 11.84275 -16.58143 0.59608 0.52549 0.43529
v -164.0375 11.79086 -14.91966 0.54902 0.47843 0.40392
v -158.7114 10.04859 -20.98498 0.60392 0.53725 0.45490
v -162.2957 7.242295 -25.47967 0.60392 0.54118 0.45098
v -163.0862 5.783975 -27.47955 0.61176 0.54118 0.44314
v -159.8665 6.878041 -26.62625 0.63137 0.55294 0.44706
v -158.263 9.04444 -23.08837 0.54510 0.48235 0.40392
v -155.9764 10.69117 -20.75415 0.53725 0.47843 0.40784
v -156.4357 11.96911 -17.91445 0.58824 0.51765 0.42353
v -154.8825 9.505224 -23.01977 0.50196 0.44314 0.38431
v -160.3118 8.193781 -24.43865 0.63137 0.54118 0.43137
v -161.4594 9.362379 -21.97377 0.58824 0.52941 0.43922
v -161.7699 4.519874 -29.38498 0.56863 0.50980 0.43137
v -159.551 5.708287 -28.37387 0.54902 0.48235 0.41176
v -163.4123 1.860713 -32.10329 0.57647 0.49804 0.40000
v -163.1101 -0.08475873 -34.40032 0.57255 0.50588 0.41569
v -158.4297 3.909203 -30.74957 0.53725 0.48235 0.40392
v -160.5318 0.4234222 -34.33028 0.59608 0.50980 0.42353
v -162.1508 -14.18213 -45.32515 0.54510 0.49020 0.40392
v -177.7796 14.29322 6.031968 0.53725 0.47451 0.40000
v -179.3002 14.5685 4.570534 0.42745 0.34902 0.32549
v -176.9416 13.21875 8.217722 0.43922 0.39216 0.34510
v -172.0141 11.23088 -3.739699 0.54902 0.47451 0.37255
v -174.969 10.63041 -0.9100992 0.56863 0.48235 0.40392
v -176.7771 10.18563 -0.7171645 0.56471 0.48627 0.40784
v -173.1701 11.09303 0.8911352 0.58824 0.50980 0.40784
v -175.3012 10.46398 1.077218 0.56471 0.48627 0.39608
v -175.9915 9.958475 2.068177 0.51373 0.45098 0.35686
v -175.6941 10.04392 3.79866 0.48235 0.40784 0.36078
v -173.3782 10.88144 3.778624 0.55294 0.46667 0.38431
v -171.2311 11.52375 3.234031 0.63922 0.54118 0.43137
v -172.4853 10.71122 6.85533 0.60784 0.51373 0.40784
v -171.2121 11.4705 5.540996 0.54902 0.48627 0.41176
v -171.063 10.55646 9.822488 0.54118 0.47451 0.39608
v -169.1157 11.01556 10.95177 0.54902 0.46667 0.38039
v -169.9085 12.04158 3.088401 0.58824 0.50196 0.40392
v -169.5516 11.92309 5.813393 0.59216 0.51765 0.42745
v -168.0068 12.49548 4.202306 0.56471 0.50196 0.40392
v -166.5895 12.82876 6.826568 0.55686 0.49804 0.41176
v -169.2586 12.35163 1.46289 0.61176 0.53333 0.42745
v -170.424 11.67664 -3.847606 0.49412 0.43137 0.34902
v -172.3913 11.08171 -1.308704 0.48627 0.42353 0.35686
v -170.3477 11.86908 -2.298341 0.60784 0.51765 0.41176
v -170.9061 11.82869 0.5331325 0.60784 0.52157 0.42353
v -171.6141 18.0035 17.37093 0.50196 0.41569 0.32549
v -171.7337 17.01066 16.27895 0.49412 0.42745 0.33725
v -172.4063 17.45072 14.0906 0.54510 0.45490 0.35686
v -172.4549 17.83834 22.29767 0.36471 0.32941 0.30196
v -172.5282 16.47692 26.70309 0.36863 0.32941 0.30588
v -167.5593 16.39904 32.46616 0.46667 0.40392 0.33333
v -165.3338 20.30609 24.59074 0.38431 0.32941 0.28627
v -160.2003 21.40945 29.16153 0.41176 0.35686 0.29020
v -151.133 25.38731 27.02023 0.43922 0.38039 0.31765
v -153.8576 22.12051 33.07137 0.45490 0.40392 0.34118
v -159.5087 18.44113 36.17176 0.45882 0.39608 0.31765
v -163.4872 14.25996 39.80519 0.38824 0.32941 0.27451
v -171.1984 13.34664 24.15055 0.50980 0.45098 0.36863
v -171.0732 10.87557 21.69173 0.52157 0.46667 0.39216
v -171.5601 13.22258 28.52843 0.53725 0.47059 0.38039
v -172.4391 14.37419 31.55847 0.36863 0.33333 0.30980
v -170.0051 7.214634 24.56235 0.50980 0.44314 0.38039
v -169.7522 7.836446 29.66431 0.61961 0.53725 0.43137
v -170.2543 11.47264 28.9049 0.59216 0.50980 0.39608
v -170.6093 14.27447 33.85682 0.41961 0.36078 0.30980
v -170.907 11.0907 32.11687 0.57255 0.50196 0.40392
v -172.0945 12.86207 33.41065 0.41961 0.36863 0.32157
v -171.3798 11.0732 35.2141 0.48235 0.43922 0.36078
v -172.1851 11.27634 37.45204 0.34118 0.30588 0.25882
v -169.0983 7.188834 28.43303 0.64706 0.56863 0.46275
v -169.2628 4.952455 33.90899 0.57255 0.50196 0.41569
v -170.1384 8.304662 34.04863 0.57255 0.49412 0.40000
v -169.4832 4.091938 35.74347 0.53333 0.46667 0.40000
v -167.6945 2.453942 30.44138 0.40784 0.37647 0.33725
v -171.4812 15.02221 20.47086 0.52941 0.46275 0.37255
v -173.5637 16.42935 16.09372 0.44314 0.38039 0.32157
v -174.9644 14.99736 11.91683 0.51765 0.43137 0.33725
v -177.7622 16.52117 7.468226 0.45882 0.41176 0.35294
v -174.7384 9.544865 9.400637 0.42745 0.36863 0.29804
v -178.0376 9.468251 2.851886 0.51373 0.43529 0.35294
v -178.0604 9.64047 0.6317196 0.56471 0.50196 0.42353
v -173.3959 13.44943 13.25841 0.57255 0.48627 0.38431
v -171.5291 15.70697 17.2626 0.47843 0.42745 0.36863
v -176.5266 9.276528 5.95206 0.38824 0.35686 0.32157
v -174.3481 10.14749 6.281337 0.52941 0.45490 0.38431
v -166.8802 12.39206 8.25372 0.57255 0.50980 0.43137
v -167.4465 11.67659 11.28716 0.52157 0.46275 0.38431
v -166.8549 10.65736 16.09038 0.58431 0.49804 0.40784
v -169.273 10.08393 14.25771 0.54510 0.47451 0.38039
v -169.5658 8.951051 17.38667 0.48235 0.41569 0.33725
v -171.5191 9.795092 12.2806 0.40392 0.35686 0.29804
v -167.5095 9.204445 18.96457 0.53333 0.46667 0.39608
v -164.7158 10.86 17.74164 0.58824 0.50588 0.40784
v -165.2031 9.90012 19.74273 0.61961 0.52549 0.42745
v -162.8879 11.64512 17.95071 0.54118 0.48627 0.41176
v -161.4082 12.66673 16.74894 0.55686 0.49412 0.41569
v -166.2726 11.68077 12.81408 0.55294 0.48627 0.40784
v -164.9256 12.18497 13.34845 0.55686 0.49412 0.40000
v -164.7303 12.73778 10.56006 0.56863 0.50196 0.41176
v -160.1203 12.59615 18.62047 0.56471 0.50196 0.41961
v -161.8519 11.36265 20.24544 0.56471 0.50196 0.41176
v -167.6847 7.30092 22.88563 0.54118 0.47451 0.40784
v -170.1674 7.521551 20.18974 0.41569 0.35686 0.30980
v -171.0224 8.257724 19.30545 0.40000 0.33725 0.27843
v -171.5961 11.47051 14.03951 0.56078 0.48235 0.39216
v -174.0112 11.24802 11.58303 0.49020 0.43922 0.38824
v -173.0112 10.30251 10.92125 0.39608 0.35686 0.30588
v -143.6978 25.97585 32.70711 0.46275 0.39216 0.31373
v -143.7747 21.84312 43.08743 0.46275 0.37647 0.30588
v -136.1068 25.42716 42.23753 0.40784 0.34118 0.27843
v -162.7363 11.93453 43.99922 0.41961 0.35294 0.29804
v -137.5054 20.22885 52.35542 0.39216 0.31765 0.26275
v -129.5319 21.88364 55.26539 0.35686 0.28627 0.24314
v -125.636 18.39682 61.75396 0.40784 0.36078 0.30588
v -137.39 13.56745 59.81382 0.38824 0.33725 0.30196
v -143.6597 11.63849 58.02897 0.37255 0.34510 0.31373
v -144.6155 4.730642 52.14388 0.49804 0.44314 0.37647
v -144.2759 4.472921 43.25963 0.54118 0.47059 0.38431
v -148.7073 9.532837 56.33649 0.37647 0.32549 0.29804
v -156.0677 -2.761491 45.55565 0.43137 0.38039 0.32941
v -163.2 -5.282685 43.61187 0.34510 0.31373 0.27843
v -158.0129 0.09902111 38.96749 0.52549 0.45882 0.38824
v -149.4422 1.387944 43.22893 0.44314 0.40392 0.36471
v -152.5437 1.948357 40.65322 0.55294 0.48235 0.39608
v -154.407 1.961506 39.62388 0.59608 0.51373 0.41176
v -158.234 2.078662 36.95072 0.56863 0.49412 0.40000
v -156.8633 1.790856 38.29576 0.55686 0.48627 0.40000
v -156.7127 2.740959 37.2722 0.53725 0.46667 0.40000
v -159.6909 1.362034 36.73549 0.56471 0.48235 0.40392
v -160.2182 -0.2466239 37.84607 0.60784 0.51373 0.41176
v -159.3116 3.780745 34.36041 0.56863 0.49020 0.40392
v -157.8241 4.59285 34.55063 0.57647 0.50196 0.40392
v -159.1056 5.004473 33.12025 0.56863 0.49412 0.40000
v -157.6608 6.590177 32.00194 0.58824 0.50588 0.40000
v -159.9804 3.107115 34.90411 0.55686 0.49020 0.41176
v -161.2614 1.64875 35.81243 0.54510 0.47843 0.40392
v -161.9844 0.9160017 35.82428 0.55294 0.48235 0.40784
v -167.0442 -6.548359 42.35769 0.36471 0.34118 0.31373
v -168.863 -2.841541 45.98795 0.44706 0.39216 0.33725
v -167.9036 -4.377569 42.2491 0.52549 0.45490 0.38039
v -167.2101 -2.216507 35.69934 0.45098 0.39216 0.34118
v -168.9392 -0.9768399 39.58029 0.51765 0.45098 0.36863
v -144.7258 10.93559 57.61845 0.37647 0.34902 0.33333
v -168.8639 -1.016457 43.79051 0.50588 0.44314 0.37255
v -168.9019 0.5627535 46.1376 0.39216 0.37255 0.33725
v -168.7977 0.9382801 49.63299 0.31765 0.30588 0.29412
v -169.4719 1.770374 43.41658 0.50980 0.44314 0.35686
v -170.9976 6.017551 44.07269 0.39608 0.35686 0.32157
v -172.0653 8.731205 41.39879 0.36471 0.32549 0.29020
v -171.0837 8.81799 37.82655 0.54118 0.45882 0.36471
v -169.0687 4.299852 39.29778 0.58431 0.50588 0.40000
v -170.1476 6.595232 37.12352 0.47059 0.40392 0.32157
v -169.965 4.411618 41.85804 0.53333 0.44314 0.33333
v -169.2147 1.946531 40.29516 0.54510 0.47059 0.37647
v -168.4468 1.273711 36.30178 0.59216 0.50588 0.40000
v -162.5082 -0.3838629 36.61895 0.56471 0.49804 0.42353
v -149.9725 14.5034 51.10797 0.39608 0.32941 0.27451
v -153.876 16.43767 44.7184 0.43137 0.36078 0.29020
v 156.682 42.73128 -14.43889 0.38039 0.32941 0.28627
v 165.9445 43.45971 -11.09911 0.36471 0.32157 0.28235
v 167.9885 47.74495 1.594134 0.44314 0.38039 0.34510
v 165.0896 48.82415 3.883866 0.37255 0.33725 0.29804
v 174.1047 48.8703 9.653039 0.50588 0.43529 0.35294
v 175.7256 47.2259 2.234762 0.34510 0.30196 0.27059
v 173.2897 47.10263 1.8874 0.50588 0.43529 0.37647
v 176.0593 44.43102 -6.72594 0.30196 0.27843 0.24706
v 177.6626 46.14689 1.169457 0.50196 0.43137 0.36471
v 181.3028 44.66619 -3.545617 0.34118 0.29804 0.28235
v 177.6284 43.296 -7.785234 0.50196 0.44706 0.38039
v 132.7332 49.65574 -2.557368 0.40784 0.36863 0.31765
v 161.814 51.34829 11.98196 0.36471 0.31373 0.30196
v 159.5897 49.02386 2.479011 0.34118 0.29412 0.26275
v 145.0101 51.42013 6.168304 0.36471 0.33333 0.29412
v 117.8223 50.34997 -3.640072 0.36471 0.34118 0.30588
v 42.87548 -34.42614 -41.11316 0.46275 0.39216 0.34118
v 43.15189 -21.98941 -42.85318 0.49804 0.43922 0.35686
v 40.83907 -20.65024 -43.20438 0.49020 0.43137 0.37647
v 39.06104 -22.47596 -43.26014 0.49020 0.44706 0.38431
v 37.70138 -20.86015 -43.44147 0.54510 0.47843 0.40392
v 51.47541 -16.36208 -42.26054 0.55294 0.47843 0.40000
v 49.76105 -17.30725 -42.4777 0.52549 0.46667 0.38824
v 48.53973 -15.47682 -42.37704 0.55294 0.49020 0.40000
v 47.65322 -17.45471 -42.59176 0.46275 0.41176 0.35686
v 45.07203 -18.85792 -42.71756 0.52157 0.47059 0.39216
v 43.95627 -17.69166 -42.9569 0.54902 0.49804 0.42353
v 42.23156 -14.17259 -42.87819 0.54510 0.49804 0.42353
v 42.83431 -12.17232 -42.7399 0.52157 0.46275 0.38431
v 40.45253 -5.898055 -41.18126 0.59608 0.50980 0.39608
v 39.72799 -4.096613 -40.72426 0.52549 0.48627 0.41961
v 33.69709 1.357746 -38.22569 0.58824 0.51373 0.42353
v 35.50662 0.3231174 -38.69754 0.55686 0.49412 0.40784
v 35.52141 -2.04988 -39.6236 0.48235 0.43529 0.37647
v 33.02618 -2.230253 -39.76793 0.51373 0.45882 0.39216
v 25.16951 -1.301415 -39.59574 0.54118 0.47059 0.38431
v 28.15485 -1.981725 -39.79169 0.54510 0.49020 0.41961
v 21.81745 -5.428823 -41.23318 0.57647 0.49804 0.39608
v 24.98806 -4.808132 -40.88519 0.50588 0.46667 0.40000
v 24.18927 -7.246752 -41.99016 0.55686 0.49412 0.40784
v 19.20545 -3.096055 -40.20568 0.49412 0.44314 0.38431
v 18.71898 -7.429327 -41.84649 0.55686 0.49804 0.40392
v 15.60264 -4.218367 -40.66803 0.54902 0.49020 0.40392
v 21.62572 -0.9326827 -39.41458 0.59608 0.51373 0.41176
v 22.24795 1.795898 -38.07653 0.53725 0.47451 0.40392
v 39.96968 -25.09048 -42.96691 0.51373 0.45490 0.38431
v 38.50086 -18.50376 -43.29417 0.61961 0.54118 0.42745
v 36.76303 -18.97578 -43.43397 0.56863 0.47843 0.36863
v 41.73083 -17.87942 -43.0756 0.54118 0.48627 0.40392
v 22.46241 -29.06937 -42.94461 0.58431 0.51373 0.41176
v 20.95186 -26.68051 -43.44781 0.54510 0.47059 0.38039
v 18.74973 -27.75205 -43.26246 0.43922 0.40000 0.34510
v 25.34578 -28.88982 -43.0368 0.55294 0.48627 0.40392
v 30.913 -30.11886 -42.63266 0.49804 0.44314 0.39216
v 29.87223 -28.20813 -43.17739 0.53333 0.46667 0.38039
v 29.99511 -26.13028 -43.41316 0.55686 0.49020 0.41569
v 34.25811 -24.40472 -43.28599 0.46275 0.41569 0.36471
v 31.97461 -25.36885 -43.47149 0.49412 0.43529 0.37647
v 32.17302 -22.05379 -43.80517 0.56078 0.49804 0.41176
v 30.03877 -23.04282 -43.83018 0.52157 0.47059 0.40392
v 38.40877 -25.48836 -43.10788 0.50980 0.45490 0.38824
v 37.7199 -23.03442 -43.17228 0.50196 0.43922 0.36471
v 46.17392 50.60545 -10.67171 0.45490 0.40784 0.34902
v 40.21283 57.18999 10.23243 0.41569 0.38824 0.34118
v 52.4213 58.64394 14.11645 0.50196 0.44706 0.37255
v 49.41764 58.6134 13.81807 0.54118 0.46667 0.38039
v 50.16747 59.47879 18.02085 0.49804 0.44314 0.37647
v 46.74999 59.29926 17.48302 0.47451 0.42353 0.36863
v 32.42116 58.92387 17.94684 0.48235 0.43922 0.38039
v 43.57235 59.51268 20.30962 0.53725 0.45490 0.37255
v 79.32035 56.56789 6.243262 0.43922 0.40392 0.35686
v 112.7157 56.00001 17.07323 0.43137 0.36471 0.32157
v 116.4947 55.48516 15.54059 0.45490 0.40392 0.34118
v 108.1883 57.69834 26.81408 0.51373 0.46667 0.40784
v -125.1237 -58.35369 -44.72533 0.50588 0.44314 0.38039
v -102.2486 -41.60531 -48.99636 0.52157 0.45882 0.37647
v -107.8559 -36.5984 -49.57324 0.49020 0.45098 0.39608
v -109.5599 -33.3942 -49.73003 0.55294 0.48235 0.38431
v -104.7014 -36.36896 -49.71218 0.52157 0.47059 0.40784
v -102.3227 -36.21308 -49.68399 0.52549 0.46275 0.38824
v -100.3251 -35.23171 -49.66362 0.52941 0.46275 0.38431
v -106.249 -33.18031 -49.78844 0.48627 0.44706 0.39608
v -103.2237 -32.31815 -49.75192 0.49804 0.46275 0.40392
v -100.9692 -33.773 -49.68996 0.52157 0.45490 0.37647
v -98.21244 -35.34199 -49.47122 0.54510 0.49020 0.40392
v -98.55215 -32.74544 -49.55104 0.55294 0.49020 0.40392
v -96.05091 -33.93219 -49.61994 0.57647 0.49804 0.38431
v -84.35951 -27.36194 -48.76801 0.52549 0.47451 0.40000
v -87.63887 -29.65487 -49.05962 0.47059 0.43137 0.38824
v -96.50032 -30.91388 -49.58187 0.51373 0.45882 0.38039
v -93.08263 -31.15381 -49.26966 0.51765 0.46275 0.39216
v -90.83791 -29.7294 -49.11333 0.53725 0.47843 0.40000
v -86.97787 -27.49702 -48.94269 0.52549 0.46667 0.39608
v -84.40513 -24.20807 -48.44226 0.54510 0.49020 0.40392
v -82.12048 -30.96165 -48.68896 0.50196 0.45098 0.38824
v -82.40082 -27.52448 -48.56737 0.53333 0.47451 0.40000
v -80.92272 -26.33819 -48.50926 0.54510 0.48627 0.40392
v -87.43376 -25.00534 -48.76182 0.55686 0.50196 0.41176
v -88.59075 -27.19574 -48.8595 0.50196 0.44706 0.37255
v -81.85501 -24.24764 -48.27231 0.54118 0.48235 0.41176
v -80.19953 -22.02886 -47.86331 0.51765 0.46275 0.39216
v -79.86152 -20.64993 -47.76729 0.58824 0.50980 0.40784
v -89.76884 -23.57798 -48.58183 0.56078 0.50196 0.41961
v -86.71227 -22.84996 -48.3277 0.54510 0.49020 0.42353
v -82.27695 -21.16599 -47.74879 0.48627 0.44314 0.39608
v -84.22336 -21.02242 -48.01412 0.49412 0.45490 0.39216
v -84.31799 -17.41935 -46.94969 0.61569 0.52157 0.40000
v -82.87392 -14.5465 -46.07296 0.55686 0.48627 0.39608
v -88.41003 -18.10321 -47.23474 0.54902 0.48627 0.39216
v -86.08659 -20.22175 -47.73084 0.60784 0.52549 0.41961
v -90.53422 -21.36473 -48.27756 0.50196 0.46275 0.40784
v -88.93712 -15.5907 -46.43856 0.60000 0.52549 0.41961
v -86.66166 -14.26461 -46.01942 0.58039 0.50588 0.40784
v -86.79275 -11.79285 -44.86229 0.61569 0.52941 0.41569
v -91.57826 -19.06324 -47.82744 0.55686 0.49412 0.41176
v -92.56996 -23.15114 -48.62461 0.51765 0.46667 0.39608
v -64.70269 -41.92425 -46.1489 0.54118 0.48235 0.38431
v -57.34596 -41.64656 -45.47112 0.54118 0.45882 0.37255
v -56.62521 -39.09348 -45.59747 0.54118 0.47059 0.38431
v -56.31591 -23.68923 -46.56706 0.54118 0.48235 0.38824
v -55.10287 -18.17344 -45.69073 0.62353 0.52549 0.40784
v -52.96496 -18.10653 -45.62332 0.56078 0.49020 0.39608
v -57.47976 -21.19109 -46.33182 0.55294 0.46667 0.37647
v -58.13506 -27.24551 -46.78013 0.55294 0.47059 0.38039
v -57.69409 -25.51888 -46.8247 0.52157 0.45882 0.37647
v -58.93316 -21.78403 -46.39532 0.55686 0.48627 0.38824
v -57.05628 -16.64996 -45.53423 0.55686 0.48235 0.39216
v -58.3233 -18.16333 -45.82057 0.50980 0.43922 0.36471
v -55.22847 -14.97669 -44.85336 0.53333 0.46667 0.38039
v -60.0276 -17.58698 -45.73174 0.54902 0.48235 0.38824
v -62.26792 -13.78995 -44.93281 0.57647 0.49804 0.39608
v -59.05215 -14.44083 -44.82728 0.61569 0.52941 0.41176
v -60.60838 -12.49389 -44.34724 0.57647 0.50588 0.41176
v -60.13769 -15.64789 -45.2061 0.54118 0.48627 0.41569
v -64.13267 -15.18099 -45.25655 0.61176 0.52549 0.41569
v -61.28519 -18.51816 -46.13833 0.55686 0.49804 0.40784
v -66.24831 -18.8738 -46.32318 0.61961 0.52549 0.40392
v -63.36433 -11.55329 -44.28759 0.58824 0.51765 0.41569
v -55.24303 -9.509943 -43.43233 0.53333 0.48235 0.40000
v -59.16069 -10.66609 -43.75002 0.58431 0.50588 0.41176
v -66.68323 -14.35712 -45.2216 0.63137 0.54118 0.42353
v -68.11265 -11.91376 -44.43263 0.57647 0.50980 0.40392
v -71.24679 -11.89789 -44.6969 0.54902 0.48235 0.38431
v -70.66849 -12.66262 -45.3466 0.60000 0.50980 0.40784
v -71.2771 -9.709193 -43.85645 0.56078 0.49412 0.40392
v -63.78641 -7.52898 -42.6555 0.58431 0.49804 0.38431
v -60.15617 -7.933697 -42.94315 0.60000 0.51765 0.40000
v -65.47926 -9.341618 -43.50763 0.59216 0.51373 0.40392
v -67.92495 -8.100466 -43.19789 0.58824 0.50980 0.41176
v -64.11686 -5.48306 -42.03745 0.58824 0.50980 0.40784
v -61.16664 -3.668285 -41.14651 0.59216 0.50980 0.40392
v -58.90104 -3.100027 -40.96055 0.62745 0.53333 0.41961
v -60.13341 -0.7438232 -39.6002 0.57647 0.50980 0.41569
v -57.65679 -6.613241 -42.44319 0.58824 0.52157 0.41961
v -55.48873 -2.974506 -40.82587 0.52549 0.48235 0.41569
v -59.98927 -6.335819 -42.43051 0.63529 0.54902 0.43137
v -56.50455 -14.21644 -44.70102 0.56078 0.48235 0.39216
v -53.65521 -15.38734 -45.19819 0.59216 0.51765 0.42745
v -49.76955 -18.89039 -45.48355 0.56863 0.50588 0.40784
v -48.32547 -17.31096 -45.10386 0.55294 0.50196 0.41569
v -49.88545 -15.82225 -44.91998 0.50588 0.43922 0.37255
v -50.57132 -17.2375 -45.2278 0.46667 0.42353 0.36078
v -48.20543 -15.66296 -44.8634 0.56471 0.49804 0.40000
v -47.41343 -11.17793 -43.76583 0.50980 0.44314 0.36863
v -44.56705 -16.93963 -44.9632 0.56863 0.48627 0.40000
v -46.30685 -13.42651 -44.33482 0.55294 0.49804 0.42353
v -41.66552 -14.48778 -44.276 0.53333 0.48627 0.41176
v -48.98931 -13.6355 -44.42872 0.54118 0.47451 0.38431
v -51.38406 -14.74781 -44.93165 0.54510 0.49412 0.40784
v -52.64957 -13.16795 -44.48542 0.53725 0.47451 0.39608
v -49.90061 -12.96206 -44.17523 0.58431 0.49804 0.38431
v -50.75268 -9.658182 -43.17141 0.53333 0.46667 0.38039
v -45.42892 -10.90214 -43.75235 0.54510 0.48627 0.40000
v -44.59824 -12.61594 -44.0823 0.52941 0.47451 0.40392
v -42.48564 -12.22534 -43.86574 0.52549 0.47843 0.41176
v -39.44363 -12.08275 -43.79101 0.47451 0.42353 0.36863
v -42.56799 -17.07988 -44.8602 0.58039 0.50588 0.40000
v -41.1187 -18.73822 -44.89468 0.52157 0.45882 0.38431
v -40.92164 -17.20509 -44.68576 0.52941 0.47843 0.39608
v -39.48941 -15.78802 -44.3673 0.45490 0.40392 0.34510
v -40.95142 -20.91635 -45.08869 0.52549 0.47059 0.39608
v -40.91923 -23.00014 -45.24279 0.54902 0.47059 0.38039
v -38.08201 -21.51556 -45.13084 0.47843 0.43137 0.37255
v -39.66892 -23.35065 -45.26664 0.53725 0.47059 0.39216
v -38.17004 -25.43058 -45.09339 0.55686 0.48627 0.40392
v -67.74988 -38.32615 -47.1227 0.50588 0.44706 0.37255
v -66.00551 -39.0971 -46.79111 0.51765 0.45882 0.38039
v -66.75432 -40.23295 -46.65257 0.53333 0.47059 0.39216
v -66.1283 -37.03837 -47.10854 0.56471 0.48627 0.38039
v -64.1957 -38.47328 -46.77223 0.50588 0.44314 0.37647
v -61.6146 -40.82765 -45.8473 0.52549 0.46275 0.38039
v -63.16311 -40.32032 -46.07491 0.50588 0.45882 0.38824
v -62.43741 -38.28855 -46.45737 0.50588 0.43922 0.36471
v -61.57699 -42.0787 -45.73767 0.54510 0.47059 0.37647
v -58.0525 -39.55597 -45.90721 0.49020 0.43137 0.35686
v -59.68501 -39.19319 -46.07911 0.52941 0.47059 0.38431
v -63.55829 -35.40589 -46.83632 0.56078 0.48235 0.37647
v -57.53653 -32.85657 -46.57541 0.49804 0.43137 0.37647
v -58.87015 -34.27964 -46.6231 0.58039 0.50196 0.39608
v -55.4845 -33.18173 -46.36693 0.49412 0.45490 0.38824
v -60.31288 -36.06265 -46.65067 0.55294 0.47843 0.39608
v -63.1709 -33.04648 -47.23406 0.54510 0.47059 0.37647
v -61.47728 -32.4888 -46.9917 0.58039 0.49412 0.38039
v -59.76206 -31.41148 -47.00184 0.54510 0.47843 0.39216
v -58.11916 -30.14514 -46.87613 0.52941 0.46667 0.38824
v -59.29796 -24.80552 -46.7656 0.52157 0.45098 0.37255
v -66.55807 -32.99364 -47.45313 0.50980 0.43922 0.37255
v -67.07086 -34.4801 -47.37222 0.50980 0.43529 0.35686
v -69.56952 -36.50442 -47.24761 0.50588 0.43922 0.36471
v -69.00071 -33.62587 -47.60123 0.54118 0.47451 0.38039
v -68.14528 -31.54422 -47.52196 0.54118 0.49020 0.41176
v -66.41523 -29.76573 -47.46724 0.47843 0.40392 0.34118
v -63.80034 -29.17941 -47.22585 0.56863 0.49804 0.39608
v -63.63972 -30.61029 -47.11915 0.52941 0.45882 0.37255
v -60.78033 -29.5178 -47.05699 0.52549 0.45882 0.36471
v -59.93772 -27.0845 -47.0057 0.50588 0.44314 0.36863
v -60.80843 -24.58565 -46.87477 0.54118 0.48235 0.40392
v -60.97444 -27.79885 -47.15883 0.50980 0.45098 0.37647
v -72.61122 -38.27444 -47.40672 0.49020 0.43922 0.37647
v -71.59965 -35.42977 -47.68015 0.53725 0.49020 0.41569
v -73.69576 -36.44934 -47.78501 0.49412 0.43922 0.37255
v -77.05503 -34.39959 -48.33089 0.54510 0.47843 0.40000
v -75.03512 -34.74991 -48.04777 0.52157 0.46275 0.38039
v -75.20657 -31.44745 -48.04537 0.52157 0.47451 0.40392
v -73.67918 -33.21458 -48.05869 0.51373 0.45098 0.37647
v -70.9194 -32.71449 -47.78321 0.55686 0.50196 0.41176
v -70.57582 -29.94127 -47.74471 0.54118 0.47843 0.39216
v -70.36658 -39.15482 -47.24395 0.54510 0.47843 0.39216
v -72.74055 -30.69529 -47.85227 0.51765 0.45882 0.38431
v -72.1297 -27.94878 -47.72865 0.56471 0.50196 0.40000
v -77.05538 -30.75559 -48.27349 0.53725 0.48627 0.41176
v -79.46986 -30.19482 -48.61979 0.52941 0.46667 0.39608
v -79.24677 -27.98372 -48.36475 0.50588 0.46275 0.40000
v -73.96978 -27.59017 -47.87745 0.45490 0.42745 0.37647
v -76.67282 -26.70512 -48.00856 0.47451 0.42745 0.37647
v -78.92915 -25.8627 -48.12359 0.55294 0.48627 0.40392
v -76.83523 -23.44052 -47.71827 0.48627 0.44314 0.38039
v -74.17873 -23.80407 -47.50273 0.54902 0.47843 0.39216
v -79.49206 -24.01937 -48.25775 0.48235 0.44314 0.38039
v -74.10489 -21.21559 -47.23077 0.54902 0.48627 0.40392
v -71.3613 -25.30486 -47.53261 0.54510 0.48235 0.39608
v -64.91801 -27.67258 -47.18935 0.49412 0.43922 0.37255
v -64.08138 -24.87093 -46.87278 0.57647 0.49804 0.40000
v -63.83386 -26.40359 -47.05912 0.58039 0.50588 0.40392
v -67.03867 -26.52821 -47.32373 0.52549 0.46667 0.39216
v -68.66982 -27.79022 -47.48893 0.53333 0.48627 0.41176
v -69.03264 -24.4257 -47.17265 0.59608 0.50588 0.39608
v -67.50399 -22.27569 -46.84149 0.57255 0.49020 0.39216
v -64.93776 -20.95581 -46.64374 0.56078 0.49020 0.39216
v -64.24564 -23.05074 -46.77698 0.51765 0.45098 0.38431
v -61.41798 -21.1031 -46.64223 0.56078 0.49412 0.40392
v -63.86085 -18.99186 -46.11192 0.60000 0.51765 0.41176
v -59.91774 -19.53109 -46.15497 0.52941 0.45882 0.37647
v -59.96055 -22.20242 -46.61534 0.60392 0.51765 0.39608
v -12.53694 -36.40575 -43.50384 0.56863 0.49804 0.39216
v -13.92182 -38.60714 -42.98387 0.55294 0.47059 0.37647
v -16.92917 -37.03724 -43.27021 0.55686 0.48235 0.39216
v -12.02985 -34.41433 -43.7765 0.50588 0.43529 0.35686
v -8.481634 -36.37361 -43.57506 0.57255 0.49020 0.38824
v -7.688761 -34.40102 -43.9894 0.52157 0.45882 0.38824
v -14.35226 -33.70102 -43.79508 0.52941 0.45098 0.36078
v -14.33917 -31.4827 -44.14662 0.52941 0.46275 0.38824
v -16.91826 -34.88357 -43.70005 0.53725 0.46275 0.37255
v -20.09548 -36.04857 -43.44293 0.50588 0.43529 0.36863
v -21.4167 -33.86115 -43.71003 0.49804 0.44314 0.37255
v -16.53461 -28.03081 -44.47716 0.53725 0.47059 0.38824
v -12.16788 -31.40421 -44.08536 0.55294 0.48235 0.39216
v -7.082429 -38.27383 -43.04703 0.44314 0.38431 0.35294
v -5.003794 -35.08022 -43.80136 0.49804 0.45098 0.40000
v -7.186437 -32.8857 -44.11164 0.52157 0.46667 0.40000
v -7.943152 -30.62585 -44.30778 0.45882 0.41176 0.35686
v -10.77166 -33.5165 -43.92179 0.53333 0.45882 0.37647
v -18.05434 -33.6292 -43.7027 0.52549 0.45882 0.38431
v -25.84807 -39.46884 -42.65416 0.45490 0.40392 0.36078
v -25.06877 -38.14724 -42.85894 0.47059 0.43922 0.40000
v -4.262859 -38.24348 -42.87981 0.55686 0.47451 0.38039
v -1.479839 -40.00518 -42.22048 0.50980 0.43529 0.36471
v 27.74682 -28.74484 -43.0666 0.48235 0.43137 0.38431
v 25.29506 -25.71474 -43.5273 0.55686 0.49412 0.40392
v 18.57253 -24.70497 -43.71321 0.49412 0.44314 0.37647
v 21.60234 -23.43991 -43.75158 0.50980 0.45490 0.39216
v 21.47803 -21.30573 -44.03603 0.52157 0.46275 0.39608
v 18.06851 -22.45627 -43.83548 0.56863 0.47451 0.37255
v 18.64919 -30.78434 -42.67223 0.51373 0.45882 0.38431
v 16.63982 -29.05691 -43.04795 0.52157 0.45882 0.39216
v 16.88131 -25.96888 -43.47626 0.56863 0.48627 0.38824
v 14.21399 -26.34322 -43.43546 0.45882 0.41176 0.36078
v 9.166571 -23.78552 -44.08585 0.49804 0.43529 0.36863
v 12.2799 -23.73028 -43.88796 0.49412 0.44706 0.39216
v 26.99806 -26.57355 -43.46158 0.49804 0.45882 0.40000
v 25.36823 -23.22079 -43.93917 0.51373 0.45490 0.38431
v 29.11232 -24.11847 -43.68146 0.47843 0.42353 0.35686
v 24.34755 -20.57998 -44.12525 0.47059 0.41176 0.36471
v 27.67932 -20.91162 -43.94225 0.50196 0.44314 0.39216
v 29.96241 -21.14305 -43.9342 0.48235 0.43529 0.39216
v 35.77875 -22.15177 -43.46908 0.48235 0.41961 0.36471
v 38.48918 -16.58652 -43.23008 0.53725 0.47451 0.39608
v 34.17991 -18.7524 -43.65107 0.44706 0.37647 0.30196
v 44.629 -16.05299 -42.72982 0.54510 0.49020 0.41176
v 35.96167 -16.89416 -43.3826 0.54118 0.48235 0.39608
v 37.84127 -13.82713 -43.16247 0.52941 0.48627 0.41961
v 40.76929 -10.16065 -42.21688 0.46667 0.41961 0.37647
v 34.77575 -13.97688 -43.4525 0.50588 0.45098 0.38824
v 33.38001 -16.3583 -43.57075 0.52941 0.49020 0.41961
v 31.26085 -18.96353 -43.86831 0.52157 0.45882 0.38039
v 30.15142 -16.85088 -43.9436 0.50196 0.43137 0.35686
v 37.91617 -10.03592 -42.367 0.50588 0.46667 0.40392
v 41.97332 -7.260941 -41.63248 0.56863 0.49412 0.40392
v 36.44637 -7.18879 -41.42762 0.61569 0.51765 0.40000
v 34.67789 -7.919013 -41.63223 0.50588 0.45098 0.38039
v 35.81792 -10.95112 -42.59791 0.56078 0.50588 0.43529
v 33.30971 -10.57499 -42.51508 0.52549 0.46275 0.38824
v 30.4124 -14.3612 -43.87025 0.57647 0.50980 0.41961
v 27.02788 -11.99738 -43.34841 0.52157 0.46667 0.40392
v 29.7434 -10.15473 -42.70814 0.52549 0.47843 0.41176
v 23.30299 -13.5136 -43.90377 0.52157 0.46275 0.39608
v 21.57015 -10.39532 -42.89516 0.50980 0.46275 0.40392
v 25.29498 -10.5217 -42.89195 0.54118 0.47843 0.40000
v 19.65423 -16.41955 -44.76967 0.59216 0.51373 0.41569
v 23.40447 -15.7564 -44.4858 0.52941 0.48627 0.41961
v 21.48659 -18.7653 -44.3235 0.51373 0.45882 0.39216
v 25.29468 -18.51999 -44.16886 0.46667 0.41961 0.38039
v 18.41671 -19.56831 -44.06478 0.52157 0.47059 0.39216
v 15.374 -24.44818 -43.7083 0.52941 0.47843 0.40784
v 14.15484 -21.96909 -43.75666 0.45490 0.39608 0.33725
v 13.90276 -19.61927 -44.22611 0.57647 0.49804 0.39216
v 19.33393 -13.63463 -43.82498 0.51373 0.45490 0.37647
v 16.66145 -17.12089 -44.54539 0.54118 0.47451 0.40392
v 16.28784 -11.92973 -43.34876 0.51373 0.46667 0.40392
v 169.715 24.04661 -10.63882 0.49804 0.43922 0.36863
v 179.9712 29.6431 -3.562184 0.41961 0.37255 0.31765
v 179.0532 43.45977 11.38737 0.48627 0.43529 0.37255
v 180.8953 45.60606 0.2465276 0.34118 0.29020 0.29020
v 156.1647 24.84874 -9.816394 0.54510 0.48235 0.39216
v 153.1282 27.27491 -5.530062 0.49804 0.44706 0.36863
v 159.8294 23.45672 -11.79103 0.52157 0.45882 0.38431
v 163.8572 25.41557 -7.582522 0.54902 0.46667 0.37647
v 157.134 26.38886 -7.23694 0.53725 0.47451 0.38824
v 169.0203 29.10636 0.1202872 0.49804 0.43529 0.36863
v 157.9384 25.83313 -7.015569 0.50196 0.44706 0.36471
v 173.7238 28.89455 -2.221186 0.55686 0.47843 0.37647
v 161.3164 31.18866 7.325187 0.55686 0.49020 0.40392
v 162.2833 28.20945 -2.031208 0.49412 0.44314 0.36863
v 157.1258 29.00571 -1.484329 0.46667 0.42353 0.36078
v 154.6735 30.83495 1.424634 0.58431 0.50588 0.40784
v 155.8757 29.05936 -3.243313 0.54510 0.47059 0.37647
v 154.7307 31.18648 6.106096 0.44706 0.40784 0.35294
v 178.7262 33.07531 5.46192 0.35294 0.32941 0.28627
v 174.0617 49.74664 13.63538 0.38039 0.34118 0.29412
v 172.7312 48.92594 12.07233 0.47843 0.41569 0.35686
v 179.7008 48.32878 10.00657 0.41569 0.39216 0.36078
v 178.2766 39.94619 10.69953 0.51373 0.44706 0.37647
v 178.7649 40.49422 11.2949 0.50980 0.43529 0.37647
v 174.8422 35.92356 22.18482 0.52157 0.45490 0.37255
v 168.6638 33.09383 14.96322 0.42353 0.38039 0.31765
v 169.2355 32.24485 11.02347 0.48235 0.42745 0.35686
v 165.2155 33.25698 17.76595 0.55294 0.47843 0.38431
v 154.1827 32.28841 8.46265 0.54902 0.47843 0.39216
v 156.6307 33.24208 14.79058 0.54510 0.48627 0.41176
v 154.3609 29.35515 -1.532498 0.50196 0.44706 0.38431
v 150.238 31.07089 1.954835 0.50980 0.45098 0.38431
v 178.2489 39.88693 13.26892 0.52157 0.44706 0.37255
v 173.4218 32.56145 6.659237 0.58039 0.49804 0.40784
v 175.6383 35.17751 17.59982 0.45098 0.39608 0.34902
v 176.8723 35.84277 16.53387 0.50980 0.43529 0.36078
v 175.894 33.96959 11.43344 0.51373 0.44314 0.36863
v 151.1932 34.92186 23.54919 0.53333 0.46667 0.38039
v 150.0754 34.75099 21.19511 0.45490 0.41961 0.36471
v 149.4907 35.24618 21.93304 0.56471 0.47843 0.38431
v 146.773 36.47163 25.0272 0.59216 0.50980 0.41176
v 143.9544 35.87741 21.44456 0.50196 0.45882 0.38824
v 144.7776 37.42504 29.45115 0.58039 0.49804 0.40392
v 142.5213 37.165 26.58838 0.56471 0.49804 0.41176
v 141.4443 37.72356 29.43272 0.56078 0.49020 0.40784
v 146.1567 36.18176 28.09296 0.46667 0.41569 0.35294
v 137.9446 38.28696 31.16218 0.54118 0.47059 0.38824
v 133.2093 38.2708 28.10856 0.53333 0.47451 0.38824
v 136.0909 38.15027 27.49914 0.58824 0.50196 0.40392
v 129.3567 39.12035 28.66942 0.56471 0.49020 0.40000
v 125.787 39.63177 29.29086 0.59216 0.50588 0.40392
v 126.7142 38.90976 25.605 0.54510 0.48235 0.40392
v 120.1805 40.18117 28.57152 0.55294 0.49412 0.41176
v 123.1957 39.89314 30.80623 0.52549 0.46275 0.38431
v 122.0064 39.81977 27.00798 0.61176 0.52549 0.42745
v 116.1135 40.51075 28.02818 0.57647 0.50196 0.40784
v 113.0512 40.80427 29.82985 0.55294 0.48627 0.40784
v 118.4106 40.76201 35.12857 0.56471 0.49020 0.39216
v 120.9687 40.26808 33.57599 0.50588 0.45098 0.38824
v 112.043 41.32017 38.24874 0.52157 0.49020 0.42745
v 114.6974 41.04746 37.57384 0.52941 0.47843 0.41176
v 111.9607 41.15686 32.36674 0.54510 0.47843 0.40000
v 114.6507 40.91359 33.07316 0.57647 0.49412 0.39608
v 109.4655 40.86504 32.85758 0.54902 0.48627 0.40000
v 106.4488 41.03766 31.21649 0.56863 0.50588 0.40784
v 110.1839 41.65263 40.74444 0.52941 0.47843 0.41176
v 96.46382 42.02922 41.94026 0.50196 0.44706 0.39216
v 90.82965 42.20568 41.49041 0.53333 0.48235 0.41569
v 96.11474 41.94502 38.5351 0.49412 0.45098 0.39216
v 90.04087 42.18895 38.18904 0.51765 0.46275 0.40000
v 94.58556 41.86267 36.85958 0.54902 0.49412 0.43137
v 86.00439 42.49234 38.66013 0.54118 0.48235 0.41176
v 85.55572 42.61922 42.41628 0.56471 0.49804 0.41961
v 144.2297 34.6184 14.49379 0.56078 0.48235 0.39608
v 140.722 34.50672 12.81698 0.53725 0.48627 0.40000
v 141.0077 35.69604 16.95735 0.58824 0.50980 0.41961
v 141.9561 33.30724 8.220457 0.52157 0.46667 0.38824
v 142.6801 33.83428 9.881043 0.52549 0.47451 0.40392
v 138.7895 34.18157 10.69968 0.56471 0.50196 0.40392
v 144.8776 33.00048 8.653035 0.58039 0.49412 0.40000
v 146.9668 34.86026 16.5777 0.54510 0.48235 0.40000
v 150.1084 35.15035 18.36291 0.58431 0.50980 0.41961
v 153.2723 32.27127 6.491097 0.57255 0.49804 0.40392
v 149.6925 33.38183 9.887989 0.56078 0.50196 0.40784
v 148.033 32.24134 6.159184 0.50980 0.45098 0.38039
v 149.5623 33.91275 13.02495 0.58039 0.50588 0.40784
v 151.6327 33.93019 14.56865 0.58431 0.50980 0.41569
v 173.0553 31.46206 5.103504 0.40392 0.36471 0.31765
v 174.3434 32.04204 4.142395 0.57647 0.48235 0.38039
v 143.1057 27.00815 -8.34646 0.57255 0.49804 0.40784
v 148.5555 29.64073 -2.028723 0.58431 0.49804 0.38824
v 144.146 31.42335 1.884442 0.52941 0.47451 0.38824
v 143.376 29.86389 -1.491067 0.47451 0.42745 0.36471
v 141.8744 29.27094 -3.80209 0.52157 0.47059 0.40000
v 138.5853 30.56106 -1.518033 0.53725 0.49020 0.41961
v 138.6071 26.43232 -9.961771 0.55686 0.49412 0.41961
v 136.7532 31.68438 1.170411 0.58824 0.50588 0.41176
v 136.6025 29.34317 -4.297167 0.56078 0.49804 0.42353
v 133.4723 30.97593 -0.8923845 0.55686 0.49412 0.41569
v 138.9387 28.24638 -6.811884 0.59608 0.51373 0.41176
v 137.5371 27.58572 -8.234774 0.55294 0.49412 0.43137
v 132.5617 28.7565 -6.521493 0.59608 0.51765 0.43137
v 130.6188 29.18513 -5.886454 0.56863 0.49804 0.41176
v 126.8647 32.42308 0.5731476 0.55294 0.48627 0.40392
v 125.9078 31.24069 -1.753383 0.55686 0.49804 0.41569
v 129.5618 30.48276 -3.145674 0.48627 0.43922 0.37255
v 126.8413 29.25428 -6.235654 0.56471 0.50196 0.41961
v 129.088 26.86798 -10.01454 0.47843 0.44314 0.38824
v 131.4192 27.05809 -9.443191 0.50196 0.46275 0.40784
v 142.1019 32.52679 5.397468 0.55686 0.47843 0.39216
v 135.891 34.81996 11.65323 0.53725 0.48235 0.40000
v 134.1378 35.95848 16.37228 0.58039 0.49412 0.39608
v 140.5611 36.54054 22.16184 0.56863 0.49412 0.40000
v 139.3666 37.38156 25.82061 0.50588 0.45490 0.38824
v 135.6617 37.56812 24.46169 0.53333 0.47843 0.40000
v 138.3138 36.81156 22.17888 0.53333 0.47451 0.39608
v 127.248 38.19141 22.40132 0.55686 0.49412 0.41569
v 127.8659 37.55106 19.93202 0.52941 0.48235 0.40784
v 125.986 36.7345 14.94687 0.57255 0.50588 0.41176
v 128.9987 36.58922 17.2126 0.54902 0.48235 0.40000
v 122.6166 37.37457 16.58035 0.54902 0.48627 0.40000
v 123.6195 38.73841 22.10774 0.57255 0.49412 0.40000
v 122.72 39.2049 24.49574 0.56078 0.47843 0.38039
v 115.2721 40.03321 22.63596 0.53333 0.48627 0.41569
v 119.3545 39.39408 22.74245 0.53725 0.47451 0.39608
v 116.5312 39.44844 20.55065 0.55686 0.49412 0.40784
v 117.9337 40.04843 25.81463 0.54510 0.47843 0.39608
v 112.8325 39.94195 21.64846 0.59608 0.50980 0.40000
v 111.1939 40.38684 24.08184 0.54510 0.48627 0.41176
v 109.9229 39.99172 20.54377 0.57647 0.50196 0.40000
v 106.8142 40.46729 22.27189 0.43922 0.41961 0.38431
v 112.8013 40.59649 25.46978 0.58431 0.49804 0.40392
v 103.4989 41.01772 32.34425 0.52157 0.46667 0.39216
v 109.6098 40.7784 30.16356 0.54510 0.48627 0.39608
v 110.9021 40.91583 31.30971 0.53333 0.47843 0.40000
v 102.7937 41.2812 31.09613 0.55294 0.48627 0.40000
v 107.5786 41.21066 35.31071 0.56078 0.49412 0.40784
v 104.2086 41.22223 35.14826 0.58431 0.50980 0.41569
v 140.2506 31.62355 2.735557 0.52549 0.47843 0.40392
v 145.5132 32.01466 3.508555 0.53333 0.47059 0.39216
v 136.2414 33.77811 7.725715 0.57647 0.50196 0.41176
v 132.821 34.5197 9.565789 0.60784 0.51373 0.41176
v 130.7072 35.36246 11.6481 0.56471 0.49412 0.40392
v 131.3205 36.17198 15.09391 0.56078 0.49412 0.41176
v 132.6421 35.38563 12.19719 0.56863 0.50196 0.41569
v 130.9401 37.00094 18.7009 0.53725 0.47843 0.39608
v 136.3753 32.30648 3.101825 0.49020 0.44314 0.38824
v 138.3612 33.12161 6.139688 0.54510 0.48235 0.39216
v 133.6045 33.91121 7.013722 0.53725 0.49412 0.41569
v 133.2336 32.21357 2.025129 0.58431 0.50588 0.41176
v 123.884 38.12345 19.39485 0.58431 0.51373 0.41961
v 120.3855 38.16575 17.71765 0.52941 0.47843 0.40392
v 121.0001 38.86828 20.88239 0.58431 0.50980 0.41569
v 114.1143 39.42303 19.42328 0.41176 0.41569 0.39608
v 114.2383 38.76289 17.03479 0.40392 0.40784 0.39216
v 117.4389 38.507 17.43571 0.51765 0.47451 0.41176
v 109.2789 39.21016 17.50847 0.54510 0.48235 0.41961
v 106.2937 38.69703 14.88011 0.53333 0.48235 0.41569
v 106.8867 39.98283 19.63022 0.55686 0.49412 0.41961
v 103.5424 40.14514 19.29958 0.55686 0.49412 0.40784
v 99.89171 40.49882 19.84659 0.58824 0.50980 0.41176
v 106.1641 40.9295 25.28157 0.58039 0.50588 0.41176
v 107.7497 40.67337 25.91945 0.52941 0.48235 0.41176
v 152.8399 33.49833 11.10347 0.56863 0.50588 0.41569
v -38.40803 -36.36044 -43.93528 0.45490 0.40000 0.34510
v -29.97717 -37.44383 -43.30699 0.50588 0.46275 0.39608
v -28.67798 -33.76894 -43.74762 0.45490 0.41569 0.36863
v -28.2669 -28.99905 -44.31908 0.49020 0.45490 0.40000
v -27.6154 -30.14543 -44.03494 0.44706 0.40784 0.37647
v -26.85247 -32.56061 -43.74955 0.47843 0.45098 0.40784
v -26.91725 -35.14542 -43.48642 0.44314 0.40392 0.35686
v -17.4971 -30.64131 -44.16165 0.50980 0.44706 0.36471
v -13.09255 -28.40816 -44.35157 0.55294 0.48627 0.39216
v -18.36736 -25.68514 -44.61354 0.49804 0.43529 0.35294
v -22.16947 -27.86773 -44.36942 0.52157 0.47451 0.40784
v -20.67522 -30.75676 -44.09028 0.57647 0.49804 0.39608
v -25.55506 -28.77792 -44.26637 0.49412 0.44314 0.38431
v -23.50123 -31.48763 -43.91998 0.48627 0.44314 0.39608
v -31.75827 -27.93334 -44.66126 0.51373 0.45882 0.38824
v -28.18123 -26.60407 -44.51237 0.45490 0.41176 0.36863
v -29.42799 -22.77165 -44.5336 0.45882 0.41961 0.37647
v -2.024434 -31.14933 -44.32743 0.57255 0.48235 0.38431
v -4.982799 -31.44497 -44.10912 0.51373 0.44314 0.37647
v -4.862348 -33.50599 -43.98767 0.50196 0.44314 0.37255
v -11.14432 -28.72993 -44.4185 0.46275 0.41569 0.34902
v -5.760567 -29.31931 -44.50198 0.50196 0.45882 0.38824
v -2.753256 -28.63841 -44.62142 0.51765 0.47059 0.41569
v -5.305668 -26.37427 -44.83673 0.50980 0.43529 0.35686
v -3.412803 -23.61063 -44.87103 0.51765 0.46667 0.40000
v -0.9473484 -22.34114 -44.77671 0.53725 0.46667 0.38039
v -0.9426364 -17.10544 -44.70579 0.55686 0.49020 0.41569
v -3.567684 -17.04813 -44.67118 0.51373 0.45490 0.38431
v -4.753237 -21.96339 -45.02838 0.54118 0.49804 0.42745
v -6.964958 -23.01581 -44.98949 0.57255 0.49804 0.39216
v -6.069762 -17.53481 -44.75138 0.46275 0.41569 0.36863
v -6.964247 -16.30153 -44.49553 0.51373 0.46667 0.40000
v -10.80918 -19.09912 -44.65653 0.52157 0.45882 0.39216
v -8.478717 -22.44369 -44.8587 0.46667 0.41961 0.36863
v -8.287362 -19.30777 -44.7597 0.51765 0.45882 0.38431
v -7.396938 -25.70973 -44.681 0.54118 0.48235 0.41569
v -8.322569 -15.7874 -44.35901 0.52549 0.47451 0.39216
v -10.00151 -14.79053 -44.32968 0.51765 0.47059 0.40392
v -10.95815 -16.72703 -44.32286 0.54118 0.49804 0.42745
v -12.63323 -18.96427 -44.59625 0.46275 0.41176 0.36078
v -11.24035 -23.28279 -44.97574 0.54902 0.50196 0.41961
v -14.5042 -23.81921 -44.75619 0.50196 0.45882 0.39216
v -14.99702 -19.87386 -44.54408 0.51373 0.46667 0.39608
v -14.05362 -15.35688 -43.9718 0.50980 0.47059 0.40784
v -18.93915 -16.13975 -43.89748 0.46667 0.43137 0.38039
v -18.50228 -19.12558 -44.37609 0.54902 0.49412 0.40392
v -23.31569 -21.87646 -44.35525 0.52157 0.46275 0.38431
v -19.92285 -20.89206 -44.53019 0.51373 0.47843 0.41176
v -17.88829 -21.06238 -44.57034 0.49412 0.44314 0.37255
v -12.09457 -25.57876 -44.6383 0.56863 0.49020 0.38824
v -8.568575 -28.19955 -44.45423 0.45882 0.40784 0.36078
v 2.81305 -24.63588 -44.49118 0.52941 0.46667 0.39608
v -0.1437059 -29.20414 -44.41347 0.58039 0.50980 0.41569
v -1.696184 -26.44822 -44.65949 0.53333 0.47059 0.38824
v 0.8754993 -21.09903 -44.76475 0.50980 0.46275 0.39216
v 3.485864 -21.6456 -44.5947 0.48235 0.41961 0.36078
v 0.5516734 -24.88331 -44.59171 0.47843 0.41961 0.35686
v 6.578364 -24.07854 -44.31894 0.49804 0.43922 0.36863
v 15.89721 -19.90901 -44.20757 0.58824 0.50588 0.40000
v 13.83561 -16.46936 -44.293 0.49412 0.45490 0.39216
v 9.93042 -20.2118 -44.38121 0.52941 0.46667 0.38431
v 8.635012 -15.52257 -44.28125 0.55294 0.49020 0.41176
v 8.025594 -20.40853 -44.48734 0.50196 0.45490 0.41176
v 5.954628 -21.24869 -44.46425 0.49412 0.45098 0.37255
v -2.955694 -21.21502 -44.87436 0.51765 0.44314 0.36863
v -8.329522 -13.25196 -44.0833 0.49804 0.45098 0.38431
v -10.19786 -11.98373 -43.71084 0.54118 0.48627 0.40784
v -9.376216 -9.386651 -43.07531 0.56471 0.49412 0.40392
v -7.788349 -7.318409 -42.3981 0.49020 0.44314 0.38039
v -6.264737 -10.80177 -43.59381 0.52941 0.47843 0.40000
v -3.161461 -8.412934 -42.91148 0.52549 0.47843 0.41569
v -6.385124 -6.526419 -42.29549 0.56471 0.48627 0.39608
v 2.272528 -16.92524 -44.43717 0.58824 0.50196 0.40000
v 11.28836 -14.98484 -44.02075 0.53725 0.48627 0.41569
v 14.57202 -14.43114 -43.99441 0.53333 0.47843 0.40784
v 14.22441 -11.63065 -43.24676 0.47843 0.44314 0.38431
v 10.54601 -11.80732 -43.1834 0.52941 0.47059 0.40000
v 4.66416 -15.3395 -44.18881 0.53333 0.47059 0.38431
v -4.260286 -13.50799 -44.16036 0.52549 0.48627 0.42353
v -2.681888 -11.39944 -43.8634 0.52157 0.46667 0.40392
v -4.626869 -4.229652 -41.35129 0.54902 0.47843 0.40000
v -1.71993 -5.908854 -42.16909 0.55294 0.49020 0.40000
v -0.9354613 -14.83049 -44.38269 0.49020 0.44314 0.39216
v -0.6253028 -12.10303 -43.87576 0.51373 0.45882 0.38431
v 1.782914 -13.72703 -43.97116 0.52941 0.47059 0.40392
v 1.034587 -8.837476 -42.90521 0.59216 0.51373 0.40000
v 7.464062 -12.32748 -43.5309 0.58039 0.50980 0.41961
v 3.909862 -10.6701 -43.35572 0.60392 0.51373 0.41176
v 6.639371 -8.80015 -42.6133 0.57255 0.49020 0.39216
v 10.81614 -9.118073 -42.31923 0.59608 0.50588 0.39216
v 11.8769 -7.399354 -41.77519 0.54902 0.49412 0.40784
v 8.552475 -6.261789 -41.5476 0.52157 0.46667 0.38824
v 7.134054 -3.209152 -40.50053 0.54902 0.49020 0.41569
v 4.910906 -3.992694 -40.84364 0.55686 0.48627 0.39216
v 3.231186 -6.672244 -42.08864 0.58039 0.50980 0.41176
v 10.48109 -3.447984 -40.28312 0.56078 0.50980 0.42745
v 8.029163 -1.094822 -39.52762 0.51765 0.45098 0.36863
v 13.44737 -2.389911 -39.86433 0.52941 0.47059 0.39608
v 12.64183 -4.996791 -40.89403 0.54902 0.47451 0.38824
v 12.67525 -10.55866 -42.80132 0.55294 0.48627 0.39216
v 12.07084 -0.05428154 -38.98219 0.53725 0.45882 0.36078
v 9.77945 0.3946837 -38.67355 0.50588 0.42745 0.35294
v 2.990002 -1.967754 -40.07215 0.58431 0.50980 0.41176
v 6.943672 1.880526 -37.91208 0.54902 0.47451 0.37647
v 0.9311315 -0.4985076 -39.46661 0.49020 0.42353 0.36471
v 58.62337 -20.95407 -41.74429 0.52549 0.46275 0.38824
v 82.63047 -17.57573 -40.40514 0.52549 0.46667 0.40000
v 82.7762 -15.20562 -40.28001 0.52941 0.48627 0.41569
v 63.10139 -3.557738 -39.42715 0.61961 0.52941 0.42353
v 63.14915 -1.312838 -38.38669 0.60784 0.52157 0.41176
v 68.70871 0.1573487 -37.21856 0.62745 0.54510 0.44314
v 75.33077 -1.108351 -37.67186 0.56078 0.50588 0.41569
v 89.89974 -3.54288 -37.67704 0.54510 0.49020 0.40784
v 89.12322 -0.5529561 -36.94597 0.55686 0.49412 0.40784
v 95.36636 -5.569047 -38.05152 0.52157 0.47059 0.40784
v 97.6025 -6.392757 -38.26423 0.62353 0.52941 0.41569
v 97.94699 -3.655913 -37.26923 0.58824 0.52157 0.42745
v 103.4608 -6.621256 -37.69183 0.52941 0.47843 0.41176
v 105.616 -5.762668 -37.57397 0.47451 0.43137 0.38431
v 105.6147 -3.355472 -36.85384 0.52157 0.45882 0.38431
v 104.2201 -2.484418 -36.50412 0.51765 0.46667 0.39608
v 100.4064 -2.825111 -36.74867 0.54510 0.47059 0.39216
v 106.7347 -6.749947 -38.03935 0.50196 0.44314 0.38039
v 105.8486 -1.007314 -35.9905 0.54902 0.47451 0.39216
v 109.8608 -5.443974 -37.54012 0.52941 0.45490 0.38039
v 108.8288 -8.703543 -38.4177 0.55294 0.47843 0.38824
v 117.9083 -7.465624 -37.82562 0.48235 0.45882 0.41176
v 112.3194 -4.749885 -37.32245 0.50980 0.44314 0.36078
v 109.2762 -2.178511 -36.29869 0.53333 0.46667 0.39216
v 117.3518 4.982003 -32.3346 0.54902 0.50196 0.42353
v 128.1738 11.1857 -27.45092 0.54118 0.48235 0.40392
v 125.0531 13.39608 -26.00612 0.52549 0.48627 0.42353
v 145.0138 6.146433 -30.66513 0.57255 0.50588 0.41961
v 140.1826 5.599424 -30.95382 0.55686 0.50588 0.42353
v 138.272 8.406745 -29.33041 0.59216 0.51373 0.41961
v 140.9524 10.64574 -27.58649 0.54510 0.49020 0.41961
v 138.0344 12.67462 -26.00941 0.60784 0.52157 0.40784
v 134.6693 10.59237 -27.97923 0.55294 0.49804 0.41961
v 141.2684 14.01829 -24.73723 0.58824 0.51373 0.42353
v 63.00648 0.9836568 -37.12192 0.60784 0.53333 0.43137
v 65.94443 3.404831 -35.54266 0.61569 0.53725 0.45490
v 69.0573 2.978858 -35.64144 0.59216 0.52157 0.43529
v 68.30171 4.398862 -34.90806 0.59216 0.51373 0.41176
v 72.23522 4.205768 -34.95192 0.55294 0.49020 0.40784
v 72.82789 1.370958 -36.42219 0.51373 0.46275 0.40392
v 75.00246 4.321509 -34.71981 0.60784 0.53725 0.43922
v 72.85896 5.165242 -34.19619 0.58431 0.51373 0.42745
v 73.81515 7.555255 -32.65528 0.58824 0.51373 0.40392
v 71.65811 6.414885 -33.48591 0.60392 0.53333 0.41961
v 67.41518 6.413846 -33.70693 0.59608 0.52157 0.42745
v 74.93868 -5.355062 -39.13589 0.56078 0.50196 0.41569
v 58.32057 4.123843 -35.72963 0.58431 0.52157 0.43922
v 56.92688 7.254441 -34.08841 0.58039 0.52157 0.43922
v 54.90711 3.820187 -36.02151 0.58824 0.51765 0.42745
v 60.44112 1.343503 -37.00692 0.60392 0.52549 0.42353
v 62.02596 4.405753 -35.24445 0.58824 0.52549 0.42745
v 59.18949 8.167109 -33.27516 0.54510 0.48235 0.41176
v 57.23256 8.349158 -33.07642 0.56078 0.49804 0.40784
v 62.13222 8.435904 -32.84824 0.54118 0.49020 0.42353
v 59.54891 10.73813 -31.48458 0.59216 0.52157 0.42745
v 54.19274 9.16352 -32.93421 0.50588 0.45882 0.39608
v 52.80513 8.025186 -33.86367 0.63137 0.53333 0.42353
v 57.21379 10.51445 -31.64759 0.54510 0.48627 0.40784
v 60.68008 12.41921 -30.15554 0.58824 0.50980 0.41176
v 56.87465 12.10908 -30.5393 0.59216 0.51765 0.41569
v 55.40003 14.91539 -28.11761 0.53333 0.47451 0.39216
v 55.43162 9.79694 -32.4368 0.58431 0.51765 0.41961
v 52.37341 11.23331 -31.83902 0.60392 0.52157 0.42353
v 50.43383 9.598371 -32.97358 0.63137 0.53333 0.42745
v 53.94928 11.84901 -31.00007 0.49020 0.43529 0.37647
v 66.89712 8.266507 -32.6214 0.51765 0.47451 0.41961
v 77.60137 10.56505 -30.69395 0.62353 0.54118 0.43922
v 72.76647 11.01255 -30.42689 0.53725 0.48235 0.41569
v 75.15315 11.46283 -30.12953 0.58039 0.50980 0.41961
v 69.81629 11.92398 -29.837 0.56471 0.49804 0.41569
v 67.6605 10.11906 -31.30948 0.56863 0.49804 0.41569
v 76.02901 14.57938 -27.57646 0.59608 0.51765 0.41176
v 73.80537 13.42045 -28.48754 0.60000 0.50588 0.39608
v 70.20627 13.89159 -28.35267 0.56471 0.50196 0.41961
v 68.4115 14.14415 -28.21364 0.60000 0.51765 0.41176
v 66.12663 13.11971 -29.21847 0.56078 0.49804 0.40784
v 65.29812 11.01845 -30.91 0.50980 0.46275 0.40392
v 61.24869 14.35574 -28.56426 0.56863 0.50196 0.40784
v 63.57963 12.9279 -29.74386 0.54118 0.49412 0.41569
v 62.29881 15.96751 -27.18718 0.60000 0.51765 0.42353
v 64.37626 17.4345 -25.44635 0.55294 0.48627 0.40392
v 60.52469 17.4601 -25.76241 0.54510 0.49020 0.41176
v 58.84715 19.33116 -24.11005 0.59608 0.51765 0.42353
v 57.51987 17.27121 -26.17091 0.59608 0.51373 0.41961
v 60.8449 9.884839 -31.90676 0.54510 0.49804 0.43137
v 64.59003 5.268728 -34.61486 0.54902 0.49412 0.41569
v 77.47406 7.146899 -32.91615 0.50980 0.43922 0.36863
v 79.88736 6.163435 -33.81148 0.58039 0.51373 0.41176
v 77.72605 5.227323 -34.32926 0.61569 0.53333 0.43137
v 81.74535 5.303018 -34.29405 0.56078 0.50588 0.42745
v 80.56765 2.129197 -35.65597 0.58824 0.50588 0.42353
v 81.67307 8.016317 -32.61499 0.57647 0.51373 0.41961
v 84.18387 4.11976 -34.81729 0.58824 0.51765 0.42745
v 80.39844 -0.08429738 -36.85903 0.56078 0.49804 0.42353
v 85.13065 0.9060155 -36.26579 0.65490 0.55294 0.42353
v 85.56307 -2.467874 -37.62359 0.64314 0.54118 0.42353
v 80.00404 12.08926 -29.65578 0.63529 0.54118 0.43137
v 78.30075 13.46432 -28.60426 0.60000 0.50980 0.40392
v 78.06552 16.31735 -26.16547 0.57647 0.50980 0.41569
v 78.03195 18.57573 -23.9401 0.50196 0.45098 0.38824
v 80.121 15.05082 -27.11409 0.57647 0.50980 0.41569
v 87.05713 3.601292 -35.09227 0.57647 0.50980 0.42353
v 86.7297 6.062302 -33.82646 0.56863 0.50196 0.41569
v 93.31748 -2.78143 -37.23841 0.55294 0.49804 0.40784
v 96.8822 -0.8872781 -36.47342 0.54510 0.49020 0.42353
v 94.24177 -0.02183646 -36.46506 0.52941 0.47451 0.41176
v 92.92108 1.355982 -35.88041 0.58431 0.50588 0.41176
v 91.41924 3.219359 -35.20204 0.59216 0.51765 0.41961
v 49.70037 1.638476 -37.67836 0.61569 0.52157 0.40392
v 51.28319 4.098678 -36.0844 0.58431 0.50588 0.41569
v 50.62614 6.180871 -35.06036 0.58824 0.51765 0.42745
v 49.02012 3.403073 -36.777 0.61569 0.53333 0.43529
v 47.45287 3.346214 -36.80176 0.52941 0.45490 0.38039
v 46.34521 2.135478 -37.71443 0.54118 0.48627 0.41961
v 46.41778 5.898709 -35.51044 0.61961 0.52941 0.42745
v 48.65258 7.5283 -34.3878 0.57255 0.50980 0.42353
v 58.27423 14.94062 -28.16563 0.58431 0.51765 0.43137
v 54.06462 13.86527 -29.26702 0.56078 0.49412 0.40784
v 55.09553 16.65732 -26.76871 0.52157 0.46275 0.39216
v 52.39883 16.79658 -26.93058 0.58431 0.51765 0.41961
v 51.19137 13.26335 -30.15452 0.58431 0.50980 0.41961
v 50.32995 16.43723 -27.46369 0.56078 0.49804 0.41569
v 45.32117 13.19988 -30.47699 0.54510 0.48235 0.39608
v 48.17944 12.43916 -30.976 0.50980 0.47451 0.41569
v 47.54668 16.43693 -27.70515 0.57647 0.50980 0.41961
v 49.42392 18.63485 -25.51466 0.58039 0.50196 0.40392
v 51.70291 21.30783 -22.67421 0.55294 0.49412 0.41176
v 52.75501 19.40579 -24.41828 0.58824 0.50588 0.40784
v 50.10881 20.5038 -23.56951 0.53333 0.47843 0.40784
v 46.72364 18.08366 -26.35 0.55686 0.48627 0.40000
v 46.80706 19.60867 -24.58223 0.56078 0.49412 0.41176
v 53.87956 21.68445 -21.89056 0.58039 0.50588 0.40392
v 54.77472 18.71996 -24.82631 0.58039 0.50980 0.41176
v 64.95951 19.65648 -23.40782 0.57647 0.50980 0.41569
v 61.31206 20.8428 -22.41088 0.56078 0.49804 0.41569
v 65.09969 14.77607 -27.80428 0.55686 0.49412 0.40784
v 73.78764 15.26442 -26.9814 0.58431 0.52157 0.43529
v 72.64344 16.19956 -26.21305 0.52941 0.48235 0.41961
v 70.73748 15.96811 -26.60702 0.54902 0.49412 0.41961
v 74.74349 17.13993 -25.28947 0.58039 0.50980 0.42353
v 80.33287 18.54473 -23.83696 0.54510 0.48235 0.41176
v 81.6606 16.98957 -25.42608 0.58431 0.51373 0.42745
v 81.73169 14.40339 -27.72445 0.56863 0.50196 0.41961
v 89.48585 7.680529 -32.84302 0.52157 0.47059 0.40392
v 88.67522 10.00496 -31.24072 0.55294 0.49412 0.40392
v 90.53527 5.529372 -34.02329 0.53725 0.48235 0.42353
v 95.38742 3.410253 -34.78881 0.59216 0.51373 0.41569
v 97.7463 0.8545825 -35.77824 0.60000 0.52157 0.41176
v 102.7679 0.3188599 -35.72087 0.52941 0.47451 0.40392
v 108.3995 2.645091 -34.38878 0.54510 0.49412 0.42353
v 100.4028 2.61825 -34.93207 0.56863 0.49020 0.38824
v 100.0006 -0.1223629 -36.01951 0.51373 0.45882 0.39216
v 102.1136 2.64053 -34.91232 0.52549 0.47059 0.39608
v 106.8821 58.44366 32.49232 0.48627 0.41569 0.33725
v 119.3114 55.87695 19.85204 0.41961 0.38039 0.32549
v 117.2148 56.64467 22.58391 0.36471 0.34118 0.30196
v 116.1946 57.19932 28.16566 0.49804 0.42745 0.36471
v 118.4299 57.70607 36.4239 0.40784 0.37255 0.31765
v 140.3517 15.63846 -23.05981 0.57647 0.50196 0.39608
v 139.0753 18.38543 -20.02909 0.52941 0.47843 0.40784
v 134.4143 16.2869 -22.78583 0.55294 0.48235 0.40000
v 137.1404 15.79433 -23.03263 0.52941 0.47451 0.40000
v 134.1398 13.88028 -25.0919 0.52941 0.47451 0.40392
v 129.9906 16.21026 -23.28256 0.50588 0.46275 0.40392
v 131.2461 10.571 -28.05476 0.57647 0.50196 0.41176
v 129.6114 13.75863 -25.38472 0.47843 0.43529 0.37647
v 134.1489 27.51659 -8.224489 0.46667 0.42745 0.37255
v 123.3809 29.48496 -6.626214 0.54902 0.49020 0.41569
v 123.6681 27.69806 -9.301576 0.57255 0.50980 0.41569
v 129.8166 32.71085 1.562946 0.57255 0.50980 0.43137
v 123.7296 32.6895 1.472876 0.51765 0.46275 0.40000
v 124.3933 33.78399 4.73232 0.52941 0.47059 0.38824
v 121.3658 34.23671 5.357796 0.49020 0.44706 0.38824
v 121.8513 32.35101 0.6133207 0.50196 0.44706 0.37647
v 119.4715 33.97495 4.292876 0.52941 0.47843 0.40392
v 116.1031 34.06712 3.841287 0.55686 0.49804 0.41569
v 117.8246 34.89269 6.939785 0.54902 0.48627 0.40392
v 117.7004 33.34622 2.264798 0.54902 0.48627 0.40392
v 119.5155 33.12861 2.079243 0.53333 0.47451 0.40392
v 122.4609 30.76033 -3.558464 0.52941 0.47059 0.39216
v 119.8329 32.1365 -0.4408107 0.58039 0.50588 0.41176
v 112.9916 34.93846 5.984886 0.38824 0.39608 0.37255
v 110.7104 35.57832 6.966623 0.39608 0.39216 0.37255
v 114.2275 35.64526 7.885071 0.56078 0.49412 0.40784
v 115.2989 35.02793 6.532619 0.54510 0.47843 0.38824
v 122.2933 34.9085 7.740268 0.54118 0.48235 0.40000
v 119.9579 35.93658 10.23251 0.54902 0.49020 0.40784
v 117.74 35.67502 8.980838 0.57647 0.50588 0.41569
v 116.4024 37.14268 12.79077 0.52941 0.48235 0.41569
v 113.6799 36.70846 10.23831 0.49412 0.44314 0.39216
v 113.2388 33.7153 2.517945 0.40000 0.40392 0.39608
v 108.5995 35.87223 7.753651 0.57255 0.49412 0.39216
v 108.5518 36.72961 9.865738 0.56471 0.50196 0.42353
v 105.0936 36.7445 8.688377 0.59216 0.50588 0.40392
v 104.4022 38.01098 12.34278 0.59608 0.50980 0.40784
v 106.4373 35.76327 5.662431 0.56863 0.50196 0.41569
v 107.1402 34.90191 4.218052 0.54118 0.48627 0.41961
v 115.1145 32.9646 1.064126 0.54118 0.47843 0.39216
v 117.1943 31.91726 -1.564012 0.57647 0.50588 0.41569
v 114.4059 32.24162 -0.9967357 0.54902 0.49804 0.43137
v 110.8612 33.46112 1.395756 0.52157 0.45882 0.39216
v 109.6244 34.39827 3.774302 0.47059 0.42353 0.37255
v 107.7351 33.94985 1.655505 0.57647 0.50980 0.42745
v 108.3151 32.93492 -0.7648945 0.54510 0.48235 0.40000
v 103.1805 35.64696 5.528865 0.47843 0.43922 0.38039
v 104.8016 35.76328 6.580527 0.59608 0.51765 0.42353
v 103.9618 34.48563 3.001566 0.55294 0.49020 0.39216
v 100.5767 35.53679 4.805927 0.54118 0.48235 0.40000
v 102.2814 36.65614 7.836501 0.56471 0.51373 0.44706
v 102.4287 37.61874 10.5677 0.60784 0.52157 0.40784
v 99.67349 38.22525 11.72037 0.52941 0.46275 0.39216
v 99.80979 37.18664 9.022966 0.49020 0.44314 0.38824
v 99.53413 36.56152 6.953353 0.56078 0.50196 0.42353
v 97.74032 35.83201 5.135098 0.60000 0.53725 0.44314
v 101.2238 34.46703 2.353462 0.56863 0.50196 0.41176
v 96.99273 35.23197 3.508581 0.60784 0.52549 0.43529
v 98.13244 37.03829 8.578251 0.57255 0.50588 0.41176
v 96.35083 36.58717 6.659862 0.58824 0.50980 0.40784
v 95.02882 37.5119 9.085481 0.58431 0.51373 0.42745
v 95.66044 38.40191 11.33572 0.52549 0.47451 0.40392
v 98.95426 38.98141 14.15744 0.61569 0.52941 0.43529
v 126.7788 33.26833 2.757882 0.56863 0.49804 0.40784
v 131.5845 33.08082 4.009672 0.50980 0.46667 0.40392
v 128.2279 34.08486 5.427305 0.61569 0.52549 0.42745
v 128.0662 35.69856 10.99905 0.58039 0.49804 0.40000
v 126.0071 35.65672 11.17049 0.49412 0.45098 0.39216
v 123.1896 35.91168 11.19641 0.54510 0.47843 0.39608
v 119.409 36.78998 12.0562 0.52549 0.47451 0.40000
v 111.8159 36.94966 11.19366 0.47843 0.44314 0.38431
v 110.7315 38.05708 14.48838 0.41176 0.42353 0.40392
v 114.2784 37.2337 12.34598 0.53725 0.47843 0.40392
v 109.4159 37.64851 12.58684 0.55294 0.49412 0.41176
v 125.9259 34.69137 7.858862 0.59216 0.50588 0.41176
v 126.3011 34.44021 5.30077 0.60000 0.51765 0.41176
v 129.46 34.61256 7.980829 0.55686 0.50196 0.40784
v 118.7597 37.42261 14.53884 0.56471 0.49804 0.40784
v 122.2589 36.96995 14.47676 0.49804 0.44706 0.38824
v 144.0975 18.42016 -20.00305 0.60784 0.50980 0.41176
v 46.08303 52.66644 72.07132 0.45490 0.40392 0.33725
v 32.38768 57.1535 55.2519 0.44706 0.40000 0.33725
v 45.01471 57.55066 57.75408 0.43137 0.38039 0.31765
v 28.32094 59.13982 38.66715 0.50588 0.46275 0.38824
v 33.36011 59.81343 34.51741 0.48235 0.43529 0.36078
v 44.30349 58.74454 15.41584 0.43922 0.40392 0.34902
v 41.06674 59.01625 17.16969 0.46667 0.42745 0.38039
v 29.22777 48.36552 76.35883 0.46667 0.41569 0.34510
v 23.80344 51.7239 70.65834 0.43922 0.38431 0.34118
v 36.02497 60.02155 25.80912 0.53333 0.47451 0.39216
v 21.65603 58.61715 42.28328 0.47059 0.41961 0.37255
v 28.72477 59.65936 28.76188 0.52549 0.46275 0.38431
v 23.67196 59.08108 32.16804 0.49804 0.44314 0.36078
v -0.3382062 57.03745 25.2597 0.49020 0.43922 0.38431
v -104.471 39.00411 29.07685 0.41176 0.37647 0.33725
v -115.4787 36.03759 31.41144 0.43137 0.38431 0.34118
v -112.4005 34.09708 40.24928 0.39608 0.34510 0.29020
v -125.5225 27.154 47.3681 0.43922 0.38431 0.31373
v -126.1934 26.07973 49.60842 0.41961 0.36471 0.29804
v -123.6759 27.56886 48.41819 0.43922 0.37255 0.30980
v -131.7997 25.51937 45.19204 0.43529 0.37647 0.30196
v -154.2587 -14.68917 -45.6511 0.56863 0.50196 0.41961
v -155.0521 -10.56532 -43.07931 0.53333 0.46667 0.39216
v -157.1272 -12.93591 -44.57736 0.55686 0.50588 0.41961
v -161.2227 -11.74177 -43.86271 0.53333 0.47451 0.39216
v -149.4198 -21.43781 -49.17017 0.49020 0.43137 0.37255
v -148.2143 -17.10529 -47.19149 0.52549 0.47059 0.39216
v -146.1934 -15.37187 -46.20822 0.54118 0.49020 0.40784
v -140.7155 -14.82952 -45.39655 0.52941 0.48627 0.41176
v -145.3644 -12.65006 -44.57975 0.58039 0.50980 0.42353
v -148.6233 -12.38145 -44.37787 0.52157 0.46667 0.38824
v -152.4674 -11.19199 -43.66221 0.54510 0.48627 0.40784
v -151.5957 -14.6621 -45.79248 0.55686 0.50196 0.40784
v -154.0036 -8.902189 -42.07702 0.54510 0.48235 0.40000
v -158.055 -10.39245 -43.04437 0.56471 0.49412 0.40784
v -146.4545 -7.841327 -41.65796 0.52549 0.48235 0.41176
v -151.296 -8.039493 -41.4445 0.47843 0.43922 0.37647
v -155.4969 -7.788361 -41.27157 0.56471 0.51373 0.42353
v -158.7135 -6.819394 -40.5057 0.54902 0.48627 0.40000
v -159.7334 -4.370615 -38.6481 0.57647 0.52157 0.43922
v -158.1477 -3.391512 -37.95843 0.59216 0.52549 0.44706
v -162.6373 -2.231062 -36.63047 0.59608 0.52941 0.44706
v -161.1871 -1.352618 -35.85046 0.58824 0.51765 0.41569
v -155.5678 -5.208476 -39.43201 0.54118 0.49412 0.42745
v -153.1236 -6.086599 -40.11283 0.57255 0.50196 0.41176
v -149.4637 -6.69527 -40.5826 0.55686 0.49020 0.40392
v -150.6323 -4.207099 -38.79362 0.48235 0.44706 0.40000
v -153.4627 -3.751047 -38.4165 0.49412 0.44706 0.38431
v -156.0909 -2.104147 -37.25936 0.60784 0.52941 0.42353
v -158.9271 -0.9778287 -35.83587 0.54510 0.49804 0.43529
v -158.3162 1.227301 -33.72663 0.57255 0.49804 0.41176
v -155.6695 2.165497 -33.31283 0.60000 0.53725 0.44706
v -157.6158 2.512741 -32.45861 0.59216 0.51765 0.42353
v -152.6938 3.138085 -32.62304 0.57647 0.51765 0.44706
v -155.0221 3.600386 -31.59459 0.54510 0.49412 0.41569
v -155.6224 6.42926 -27.6743 0.60000 0.52549 0.42745
v -157.2633 7.514244 -25.80275 0.48627 0.42745 0.36471
v -156.6437 4.541197 -30.54737 0.60392 0.52941 0.43529
v -146.4872 -18.94291 -47.75336 0.49020 0.44314 0.38039
v -142.5687 -13.14519 -44.71362 0.53725 0.49412 0.41961
v -136.0998 -10.62259 -43.08443 0.50196 0.45098 0.38824
v -133.0904 -12.20026 -44.13913 0.52549 0.46275 0.39216
v -132.6371 -7.184394 -41.22057 0.59216 0.50588 0.40784
v -137.9063 -5.689399 -40.33559 0.63137 0.54510 0.43922
v -135.9523 -7.912279 -41.4489 0.59608 0.51765 0.41961
v -129.7435 -10.10062 -42.95294 0.52941 0.48235 0.39608
v -130.1147 -6.234485 -40.62016 0.60784 0.52549 0.41961
v -130.1193 -2.994433 -38.4133 0.56863 0.50196 0.41176
v -134.0506 -4.078958 -39.29429 0.58039 0.50980 0.41176
v -139.0747 -3.352965 -38.65615 0.56471 0.51373 0.43137
v -133.7905 -1.222238 -37.24347 0.61961 0.53725 0.43137
v -136.4785 -3.317023 -38.57624 0.52549 0.46667 0.38431
v -141.5078 -2.874733 -38.21256 0.53725 0.49020 0.41569
v -139.9515 -7.642144 -41.47385 0.49804 0.44314 0.38431
v -125.2806 -8.821448 -42.43494 0.54510 0.49020 0.40000
v -127.9657 -6.544862 -40.80444 0.56078 0.50196 0.42745
v -129.9775 -12.02165 -44.0763 0.52549 0.46667 0.38824
v -123.8655 -6.948591 -41.3516 0.55686 0.48235 0.40000
v -127.4417 -16.46507 -46.25225 0.57255 0.50196 0.41569
v -127.2942 -11.09995 -43.65128 0.52549 0.46275 0.38824
v -131.4202 -14.35918 -45.35654 0.58039 0.50588 0.41569
v -131.846 -17.96652 -46.96024 0.53333 0.46667 0.38824
v -132.0571 -19.59915 -47.54134 0.58431 0.50980 0.40000
v -136.0187 -0.9535917 -36.9473 0.58824 0.52549 0.43922
v -136.1785 1.331464 -35.39108 0.56863 0.50196 0.41569
v -139.0081 -1.005476 -37.07024 0.56078 0.49804 0.41569
v -140.6811 -11.87086 -43.78589 0.58431 0.52157 0.43922
v -142.8494 -8.76673 -42.09531 0.52157 0.47451 0.40784
v -141.7104 -4.890906 -39.65465 0.54118 0.49020 0.43137
v -144.9189 -5.67996 -40.1485 0.52941 0.49020 0.42353
v -148.2996 -9.779898 -42.89991 0.56863 0.50980 0.41569
v -113.0201 -22.18466 -48.71043 0.57255 0.50196 0.39608
v -104.1364 -29.52034 -49.73679 0.52941 0.47451 0.40392
v -100.6865 -30.89449 -49.66777 0.48627 0.43922 0.38039
v -90.5395 -13.69524 -45.71504 0.54510 0.47843 0.38431
v -92.79935 -13.82442 -45.7665 0.53725 0.47451 0.39608
v -91.06147 -9.363627 -43.57313 0.54902 0.49804 0.41569
v -93.95214 -10.49684 -44.22425 0.53725 0.48235 0.40392
v -96.95118 -11.21035 -44.48484 0.52157 0.45490 0.37255
v -95.80317 -14.27805 -45.9183 0.56471 0.49412 0.40784
v -92.90806 -16.38288 -46.85924 0.52549 0.46275 0.38824
v -93.02062 -19.93959 -47.72908 0.57647 0.51373 0.40784
v -92.10523 -6.791253 -42.38523 0.59608 0.51373 0.40784
v -82.6903 -11.46298 -44.80412 0.61176 0.52941 0.41961
v -78.42758 -13.56209 -45.68809 0.61961 0.52941 0.41569
v -79.83057 -10.84676 -44.74485 0.60784 0.51373 0.40392
v -76.02434 -10.75801 -44.60286 0.56863 0.49804 0.40784
v -81.13986 -8.277797 -43.36912 0.59608 0.52549 0.41569
v -84.56291 -8.543361 -43.34081 0.60392 0.51765 0.41569
v -81.07246 -6.339017 -42.26393 0.57255 0.50196 0.40784
v -88.20104 -7.187829 -42.47418 0.61961 0.53725 0.42745
v -107.2436 -24.95093 -49.23089 0.54510 0.49412 0.41961
v -102.2427 -27.00801 -49.41576 0.54902 0.49412 0.40000
v -105.1666 -26.88669 -49.55233 0.53725 0.48235 0.40000
v -103.1963 -23.56415 -48.65099 0.52549 0.47059 0.40392
v -107.7291 -22.52367 -48.66306 0.55294 0.49020 0.40000
v -112.4541 -18.70464 -47.32826 0.49804 0.45098 0.39216
v -111.8636 -15.68563 -46.2326 0.56078 0.50196 0.41569
v -108.1241 -19.8028 -47.80104 0.60392 0.52549 0.42745
v -100.8018 -25.94042 -49.387 0.51765 0.46275 0.38431
v -101.2161 -23.57497 -48.81313 0.52549 0.47451 0.40000
v -98.47461 -21.47877 -48.26511 0.52157 0.46667 0.39608
v -104.7435 -18.78052 -47.407 0.50588 0.44314 0.37647
v -105.1976 -16.61775 -46.54937 0.54510 0.50196 0.42745
v -108.7475 -16.97436 -46.75984 0.60000 0.52157 0.41176
v -103.3565 -16.447 -46.63395 0.58431 0.50980 0.40784
v -105.7875 -13.51701 -45.38314 0.60784 0.52941 0.42353
v -102.5449 -19.45555 -47.80999 0.56078 0.48627 0.38039
v -101.237 -16.70509 -46.72204 0.62353 0.54510 0.42353
v -95.60718 -16.14005 -46.62841 0.56471 0.49412 0.40000
v -97.38632 -6.917558 -42.48734 0.56471 0.50196 0.41176
v -101.2899 -10.43858 -44.11773 0.57647 0.51373 0.40784
v -99.38035 -11.45447 -44.66507 0.56078 0.49412 0.40392
v -101.6321 -7.852534 -42.81633 0.59216 0.52549 0.42745
v -101.697 -14.3981 -45.81547 0.56078 0.49804 0.41961
v -99.39098 -14.7047 -46.12891 0.54510 0.49804 0.42353
v -98.71225 -17.10139 -47.04517 0.56078 0.50588 0.43137
v -95.81141 -20.10743 -47.80696 0.58824 0.51373 0.41176
v -132.127 1.278463 -35.36509 0.56078 0.49804 0.41961
v -133.8568 4.093707 -33.16666 0.56863 0.51765 0.45098
v -142.5991 -0.5202247 -36.72264 0.58039 0.50980 0.41961
v -144.7297 -3.588253 -38.69512 0.49412 0.45882 0.42745
v -146.0818 -1.081556 -36.85781 0.52549 0.47059 0.41961
v -149.1775 -1.516172 -37.01684 0.54118 0.49412 0.42745
v -143.4095 1.044488 -35.39641 0.56863 0.50980 0.41961
v -146.428 1.179699 -35.03057 0.50196 0.46275 0.40784
v -140.0486 1.173707 -35.47994 0.61176 0.54118 0.44314
v -139.1561 4.263188 -32.67217 0.56863 0.49804 0.42353
v -129.6312 -0.2512457 -36.54192 0.54510 0.48235 0.41176
v -127.8057 2.329453 -34.5824 0.57647 0.50588 0.41176
v -129.9506 3.592439 -33.72888 0.51765 0.47843 0.41569
v -130.5273 1.887952 -34.88907 0.50980 0.46667 0.40000
v -126.2588 -13.74511 -44.77235 0.65098 0.54510 0.42353
v -120.2067 -12.72191 -44.2419 0.61961 0.52549 0.40000
v -117.481 -10.74636 -43.73365 0.58824 0.52157 0.42745
v -115.2063 -8.084619 -42.51012 0.58824 0.49804 0.38824
v -116.9159 -14.13265 -45.33878 0.56471 0.49020 0.40000
v -115.2035 -10.77963 -43.9018 0.57647 0.49804 0.39608
v -114.5216 -14.74089 -45.72341 0.56471 0.50588 0.41176
v -122.6204 -10.26662 -43.24782 0.55686 0.49412 0.39608
v -123.3237 -4.907791 -40.07389 0.59216 0.52941 0.43137
v -124.9486 -3.00302 -38.60778 0.57255 0.50196 0.40784
v -127.7502 -0.9625109 -36.99596 0.57255 0.50980 0.41569
v -121.322 -7.57814 -41.92814 0.57647 0.51373 0.41961
v -120.0728 -2.486789 -38.71655 0.61569 0.53725 0.42745
v -121.084 -0.7004581 -37.41206 0.51373 0.45098 0.37647
v -126.7915 3.939623 -33.388 0.56863 0.50196 0.40392
v -128.1005 5.897184 -31.80612 0.59608 0.52157 0.41961
v -129.0122 7.049337 -30.65367 0.55686 0.50588 0.43137
v -125.1338 8.429156 -29.55771 0.61176 0.52549 0.41569
v -131.6667 5.356214 -31.99438 0.57647 0.51765 0.42353
v -131.7099 7.947397 -29.58642 0.59608 0.53333 0.45098
v -133.6761 5.750074 -31.58701 0.58431 0.51765 0.41961
v -136.882 4.160746 -33.08441 0.60784 0.54118 0.43137
v -140.9587 5.162254 -31.62369 0.55294 0.50588 0.44706
v -126.8296 9.343501 -28.47702 0.55686 0.49412 0.41961
v -123.3266 7.205172 -30.92068 0.55294 0.49412 0.41961
v -125.4882 0.5983959 -35.96068 0.56863 0.49412 0.40392
v -123.9107 2.196356 -34.91272 0.61569 0.52941 0.42353
v -121.5986 1.66466 -35.54177 0.61176 0.53333 0.43137
v -154.2727 1.097389 -34.48719 0.52941 0.47059 0.40000
v -156.1468 0.3394364 -35.17527 0.57647 0.50588 0.42353
v -153.2099 -1.159172 -36.60186 0.50980 0.46667 0.40784
v -147.3009 -4.291573 -39.1709 0.52941 0.49412 0.43529
v -149.0382 0.5712917 -35.50412 0.53725 0.47843 0.42353
v -144.6049 3.098665 -33.19254 0.52941 0.48235 0.41176
v -147.8005 3.071912 -33.22773 0.51765 0.47843 0.41961
v -142.5561 2.932479 -33.85333 0.48627 0.45098 0.38824
v -150.1254 3.67592 -32.2073 0.50980 0.47059 0.40784
v -151.0641 2.311572 -33.67054 0.50980 0.47059 0.41176
v -150.7781 0.6715071 -35.01509 0.51765 0.46275 0.38824
v -172.7609 -5.976803 -39.31869 0.50980 0.42745 0.36078
v -144.6919 4.46937 -31.92238 0.54118 0.49020 0.42745
v -147.5458 4.964814 -31.2603 0.56471 0.50588 0.42745
v -140.537 6.584638 -29.94035 0.54118 0.50196 0.43137
v -136.5359 8.210631 -28.9151 0.56471 0.51765 0.43922
v -137.9299 6.11761 -31.01757 0.59608 0.53333 0.43137
v -138.8774 7.255428 -29.25855 0.57255 0.51765 0.43529
v -139.6404 8.626222 -27.66324 0.60392 0.54118 0.45098
v -136.9858 9.414397 -27.18697 0.61569 0.54510 0.45882
v -139.8582 9.20963 -26.61389 0.59216 0.52941 0.43529
v -141.3098 9.654555 -25.93232 0.61961 0.55294 0.45490
v -137.2227 12.25141 -22.85892 0.56078 0.50588 0.43137
v -142.0889 10.81555 -24.17114 0.55294 0.48627 0.40000
v -143.3252 6.167832 -30.16264 0.56078 0.49804 0.43137
v -145.158 6.054281 -29.62138 0.50196 0.47843 0.42745
v -145.5404 7.006563 -28.65196 0.56863 0.51373 0.43529
v -141.6383 13.45097 -19.91271 0.56863 0.50588 0.43137
v -141.1438 12.54892 -21.51873 0.50196 0.45098 0.38431
v -144.5555 12.92098 -19.95241 0.52157 0.46275 0.39216
v -143.3032 8.289886 -27.24487 0.56471 0.50196 0.43137
v -143.9783 12.01279 -21.4021 0.54510 0.50196 0.43137
v -143.3537 11.44492 -22.94816 0.53725 0.47451 0.38431
v -146.3466 11.8011 -21.28889 0.52549 0.47059 0.40392
v -148.6045 10.98758 -22.08507 0.48627 0.41176 0.35294
v -147.1856 10.18407 -23.62107 0.61961 0.54510 0.45098
v -148.2693 12.50491 -19.85091 0.58039 0.51765 0.43137
v -148.7644 13.55303 -17.85885 0.52549 0.48627 0.41569
v -146.4313 13.92908 -17.56353 0.52549 0.48627 0.41961
v -138.3325 14.94042 -17.63576 0.54902 0.49020 0.42353
v -137.5088 13.37427 -21.05776 0.55686 0.50196 0.42353
v -136.1933 14.0964 -19.56667 0.59216 0.52549 0.43529
v -133.9319 11.90685 -24.11594 0.55294 0.48627 0.40000
v -130.7147 11.34174 -25.44626 0.58039 0.51373 0.41569
v -134.4702 10.34795 -26.22977 0.55294 0.49412 0.42353
v -150.7504 5.102591 -30.48288 0.55294 0.50588 0.42745
v -152.7827 4.993472 -30.35572 0.54902 0.48627 0.40000
v -149.6471 6.171583 -29.43443 0.53725 0.48627 0.42353
v -146.2303 9.173517 -25.50371 0.57647 0.50980 0.42353
v -152.0079 11.02857 -21.46857 0.57255 0.50980 0.43922
v -150.9583 9.452332 -24.25761 0.59216 0.52549 0.41961
v -153.8152 8.484631 -25.09523 0.60000 0.52549 0.43922
v -147.7725 7.825972 -27.16408 0.54118 0.49020 0.43137
v -153.0893 6.316962 -28.46399 0.55294 0.49804 0.41176
v -151.4094 7.939416 -26.45064 0.58431 0.51373 0.42745
v -164.3263 2.790925 -31.03886 0.49020 0.43922 0.37647
v -164.7888 6.364128 -26.20212 0.58431 0.50980 0.41961
v -154.3086 11.8064 -19.28805 0.54118 0.47059 0.40392
v -150.0825 12.45827 -19.38183 0.56078 0.51373 0.43922
v -119.657 -10.13809 -43.33427 0.55294 0.48235 0.39216
v -121.7246 -11.41744 -43.94427 0.60000 0.51765 0.40784
v -112.6643 -13.03748 -45.21298 0.60784 0.51765 0.40000
v -108.8517 -13.60388 -45.45684 0.54902 0.48627 0.40784
v -109.8965 -10.99631 -44.17453 0.55294 0.48235 0.39216
v -113.0199 -9.232462 -43.38303 0.56078 0.48627 0.38431
v -110.4567 -8.433295 -43.08509 0.52549 0.44706 0.36078
v -106.5511 -10.91136 -44.23202 0.52549 0.47059 0.40000
v -119.0327 -7.996804 -42.30959 0.63137 0.54118 0.42745
v -115.5591 -5.337535 -41.02069 0.59216 0.52157 0.42353
v -111.2855 -2.771361 -39.6361 0.56471 0.50588 0.41176
v -111.2428 -5.604679 -41.46536 0.62745 0.52549 0.40392
v -107.3192 -2.858767 -40.0032 0.52941 0.47843 0.40784
v -119.4201 -5.526684 -40.93796 0.54902 0.49804 0.42353
v -116.1801 -1.445524 -38.28164 0.59216 0.51765 0.41176
v -113.7512 -2.95045 -39.51514 0.58431 0.50588 0.40000
v -117.4811 -3.771628 -39.86822 0.58039 0.51373 0.41176
v -111.0732 -0.6480542 -37.94109 0.55294 0.47843 0.38431
v -113.0269 0.1788338 -37.41125 0.52941 0.48235 0.41569
v -114.0267 3.878698 -34.48354 0.58824 0.52549 0.43529
v -119.6201 -0.4931092 -37.34832 0.53333 0.47843 0.40784
v -116.0698 1.886913 -35.90728 0.61176 0.52941 0.42353
v -117.552 4.406477 -33.77554 0.57647 0.51765 0.42745
v -118.5583 2.669707 -34.86304 0.59608 0.51765 0.41176
v -120.3725 4.199598 -33.59486 0.57647 0.50980 0.41569
v -123.9773 5.290972 -32.55526 0.59608 0.51765 0.41176
v -111.9823 6.218458 -32.62135 0.58824 0.50588 0.41961
v -115.9588 7.06154 -31.80924 0.59216 0.51765 0.41961
v -118.4276 7.04563 -31.50129 0.63529 0.54510 0.43529
v -121.7286 5.353139 -32.58507 0.49804 0.45098 0.38824
v -118.2438 8.948839 -29.6565 0.55686 0.49804 0.40784
v -120.6705 9.066815 -29.22847 0.63922 0.53725 0.41961
v -118.0722 10.12951 -27.95089 0.63137 0.52941 0.41961
v -120.5929 10.99165 -26.80989 0.61569 0.54510 0.44706
v -123.9274 10.40755 -27.65001 0.62353 0.53725 0.42353
v -108.389 -5.593724 -41.45112 0.50588 0.45490 0.38824
v -107.9474 -7.36072 -42.51138 0.48627 0.43922 0.36863
v -104.0649 -11.54919 -44.64733 0.48235 0.43922 0.38824
v -103.9101 -13.79649 -45.50376 0.51765 0.45098 0.37647
v -108.4621 -0.9769031 -38.4837 0.59216 0.52549 0.42745
v -106.6959 -0.4925374 -38.65522 0.55686 0.50980 0.43529
v -105.2976 -3.806851 -40.71699 0.57255 0.51765 0.43529
v -100.2314 -2.1757 -39.81531 0.55686 0.50588 0.42353
v -109.51 2.1661 -36.16171 0.60392 0.52941 0.43529
v -105.3014 1.253232 -37.06043 0.54902 0.49804 0.42353
v -101.5128 1.10445 -37.4128 0.57647 0.50588 0.41569
v -102.5928 3.28191 -35.74765 0.60784 0.53333 0.43137
v -111.5658 3.843682 -34.50801 0.54118 0.47843 0.39216
v -110.1302 5.713306 -33.40194 0.58431 0.50980 0.41569
v -107.7407 4.367799 -34.52159 0.54118 0.48235 0.40392
v -105.7225 6.42711 -33.0546 0.57647 0.51373 0.42745
v -107.0755 9.177324 -29.96055 0.59608 0.51373 0.41176
v -112.9401 7.318907 -31.42558 0.55294 0.47843 0.38431
v -115.2549 8.986356 -29.75542 0.62745 0.54118 0.43529
v -111.2772 9.783686 -29.12834 0.59608 0.52157 0.42745
v -113.8447 9.831929 -28.90372 0.51765 0.46275 0.39216
v -109.5981 8.059534 -31.20312 0.60784 0.52941 0.42353
v -104.8178 10.84407 -28.03423 0.61569 0.52549 0.41961
v -100.6252 10.68492 -28.72329 0.63529 0.54902 0.43529
v -100.953 5.959176 -33.81187 0.58824 0.52157 0.42745
v -103.6266 8.445708 -31.20308 0.57647 0.50588 0.40392
v -100.2238 4.883611 -34.80728 0.54902 0.50196 0.42745
v -99.53517 -0.6910789 -38.67598 0.55294 0.49020 0.41961
v -95.28541 2.58254 -36.41857 0.60000 0.52549 0.42745
v -97.68324 3.895013 -35.56062 0.58824 0.52549 0.43137
v -124.3067 11.39818 -26.09706 0.60000 0.52549 0.43529
v -127.1275 11.09614 -26.35032 0.60392 0.52941 0.43137
v -129.2488 10.01947 -27.32654 0.50196 0.45098 0.38431
v -129.6173 8.544312 -29.02852 0.54902 0.49412 0.41961
v -126.9311 12.18188 -24.78111 0.57647 0.50196 0.41176
v -123.061 14.28216 -21.46153 0.57647 0.50196 0.40392
v -122.7092 12.64196 -24.38131 0.58824 0.51765 0.40784
v -120.4368 12.42712 -24.864 0.56471 0.49412 0.40392
v -121.2003 13.51971 -22.96298 0.54510 0.48627 0.40392
v -116.6852 12.12293 -25.36567 0.61569 0.52941 0.43529
v -117.9193 13.23265 -23.83496 0.60000 0.52549 0.42745
v -113.218 8.669894 -30.09 0.57255 0.50588 0.41176
v -114.1122 10.81143 -27.09256 0.58824 0.50196 0.40784
v -115.7419 10.57429 -27.4098 0.57255 0.49804 0.40000
v -113.8639 12.13919 -25.34492 0.55686 0.49020 0.39608
v -114.896 13.17292 -23.42003 0.52157 0.46275 0.38824
v -112.438 12.57058 -25.0289 0.60000 0.52157 0.41176
v -111.7033 13.94894 -22.85467 0.56078 0.49412 0.41569
v -113.3649 14.10892 -22.96122 0.58039 0.52157 0.43137
v -110.6296 15.32757 -20.57093 0.57255 0.49020 0.39216
v -112.9031 14.95183 -21.23873 0.60000 0.52157 0.41176
v -113.0129 16.22103 -19.01873 0.60784 0.53333 0.43529
v -114.9435 15.29403 -20.4225 0.60392 0.51373 0.39608
v -116.221 16.09035 -18.51849 0.59216 0.50588 0.40784
v -117.0523 14.52316 -21.18175 0.58824 0.51373 0.41569
v -118.7198 13.95906 -22.25468 0.58824 0.52157 0.43529
v -128.1657 13.61676 -21.91082 0.50588 0.45882 0.39216
v -126.2923 14.464 -20.30907 0.60392 0.53333 0.43922
v -131.0824 14.08338 -20.86734 0.52157 0.47843 0.41176
v -128.3032 15.20685 -19.02959 0.62353 0.54902 0.44314
v -132.4295 12.32567 -23.44305 0.48627 0.43529 0.35686
v -132.7476 9.267296 -27.85801 0.58431 0.51765 0.42745
v -134.5617 7.583178 -29.58732 0.53333 0.47451 0.40000
v -112.2351 11.61994 -26.55258 0.60784 0.53333 0.42745
v -108.5559 11.19085 -26.95753 0.56078 0.50196 0.41961
v -109.2795 12.61032 -25.13805 0.58431 0.51373 0.41569
v -109.3194 13.81613 -22.95954 0.51765 0.44706 0.35686
v -107.9023 15.31826 -21.06232 0.55294 0.48627 0.39216
v -107.0532 17.57074 -17.22588 0.54510 0.47059 0.38431
v -105.2149 13.01748 -25.00783 0.61569 0.52549 0.41961
v -106.3048 14.09788 -23.25827 0.60000 0.52157 0.41961
v -104.713 15.2725 -21.58686 0.55686 0.48235 0.38431
v -102.4556 14.56722 -22.93255 0.52157 0.45882 0.38431
v -97.06992 14.93961 -23.01115 0.62353 0.53333 0.41176
v -103.4199 16.12215 -20.41195 0.58824 0.51373 0.41961
v -103.7685 17.54434 -17.83166 0.61961 0.52157 0.41569
v -105.028 16.48955 -19.62384 0.56471 0.48627 0.39216
v -101.3617 15.98256 -20.6889 0.52157 0.45098 0.34510
v -98.31398 13.67585 -24.48689 0.55294 0.49412 0.40000
v -101.5759 13.13148 -24.99288 0.59608 0.51373 0.41961
v -97.40814 16.31702 -21.08478 0.54510 0.48235 0.40000
v -93.48867 13.85496 -25.31431 0.54118 0.45882 0.36078
v -94.37782 17.8098 -19.50481 0.58431 0.50980 0.41176
v -99.16666 17.08227 -19.43989 0.49020 0.42353 0.34510
v -96.82483 17.79496 -18.75439 0.55294 0.49412 0.41569
v -104.812 18.91459 -15.0069 0.62353 0.53333 0.42353
v -107.5629 19.82737 -12.82693 0.55686 0.50588 0.43137
v -110.8493 18.56386 -14.40839 0.58039 0.50588 0.41569
v -108.1799 18.23988 -15.48403 0.60392 0.51765 0.42353
v -113.3553 19.6991 -12.14698 0.59608 0.52157 0.42353
v -115.8841 18.40849 -14.37864 0.59608 0.53333 0.43529
v -106.3328 21.15136 -10.38734 0.59608 0.52157 0.42745
v -100.1409 19.19576 -15.65312 0.56078 0.49412 0.40392
v -95.47283 19.26655 -16.79441 0.59216 0.52549 0.43529
v -93.54028 16.03615 -22.23948 0.55294 0.49020 0.39608
v -90.68969 17.90529 -20.14357 0.58431 0.50196 0.40392
v -91.47108 19.07248 -18.27398 0.52941 0.47059 0.39608
v -93.26577 20.27266 -15.73212 0.58824 0.50588 0.40392
v -119.0462 15.68605 -19.05013 0.57255 0.51373 0.42745
v -120.9873 17.25603 -15.77863 0.61961 0.53333 0.41961
v -123.2805 16.50431 -17.05027 0.58039 0.51765 0.43137
v -121.0281 15.21097 -19.61402 0.56863 0.50196 0.41961
v -125.0855 16.2433 -17.08239 0.54902 0.47451 0.39216
v -123.5953 15.73141 -18.54199 0.58431 0.51373 0.41961
v -124.5108 14.45473 -20.67791 0.57647 0.50980 0.42745
v -130.2334 15.28031 -18.37828 0.51765 0.45882 0.38039
v -130.1524 16.54835 -16.15846 0.59608 0.53333 0.44314
v -132.244 14.56322 -19.73648 0.53333 0.49020 0.43137
v -135.6439 15.26924 -17.84397 0.57647 0.51373 0.42353
v -134.5257 13.63343 -21.2537 0.58824 0.52549 0.43529
v -135.5573 14.67711 -19.63229 0.57647 0.51373 0.43529
v -136.9595 15.99519 -15.99311 0.53725 0.47059 0.39608
v -142.6397 14.13113 -18.06842 0.53725 0.48627 0.40000
v -144.3648 14.72221 -16.46115 0.58039 0.52941 0.45490
v -140.4129 15.77975 -15.2891 0.56863 0.51765 0.43922
v -138.9398 16.5418 -13.50906 0.55686 0.49020 0.41961
v -132.9899 16.43291 -15.64867 0.63137 0.55294 0.45098
v -145.4105 15.67155 -13.94272 0.53725 0.49412 0.42745
v -147.5117 14.58108 -15.98731 0.54510 0.49412 0.41961
v -150.132 13.8595 -16.51686 0.56863 0.49804 0.42353
v -148.735 15.66711 -11.9466 0.52549 0.47059 0.40392
v -143.47 15.99503 -13.83253 0.55686 0.50196 0.42745
v -141.0857 17.2186 -11.18996 0.56078 0.51373 0.43529
v -145.6148 16.51587 -10.94959 0.54902 0.49804 0.41961
v -150.5175 14.87726 -13.86423 0.47059 0.42353 0.36863
v -152.8278 15.16605 -11.38404 0.55686 0.49412 0.42745
v -150.8739 15.59699 -10.9666 0.51373 0.46275 0.39608
v -152.0451 15.77263 -9.673921 0.57255 0.50588 0.43137
v -155.1611 14.56916 -11.81005 0.61176 0.52549 0.43529
v -156.9665 13.96596 -12.71194 0.59608 0.53333 0.44706
v -155.92 13.1282 -15.72474 0.57647 0.51765 0.42745
v -152.9919 13.72028 -15.69687 0.57255 0.52157 0.45098
v -136.363 16.92274 -13.69478 0.60784 0.52549 0.41961
v -130.9554 17.14873 -13.89749 0.50588 0.43922 0.36471
v -132.4384 17.79916 -11.93828 0.58824 0.51765 0.42745
v -135.2466 18.07287 -10.98851 0.49412 0.42745 0.34118
v -128.6578 17.94201 -12.88869 0.54118 0.47451 0.37647
v -126.3919 17.12118 -15.40892 0.56471 0.49804 0.40784
v -125.4143 17.98019 -13.25019 0.51373 0.44706 0.37255
v -130.1952 19.07376 -9.601097 0.58431 0.51765 0.43529
v -133.0882 18.92558 -9.07171 0.57255 0.50196 0.40392
v -126.1509 18.99513 -11.06058 0.59216 0.50980 0.40784
v -126.2017 20.01975 -7.994166 0.56078 0.50588 0.42353
v -127.8455 19.50401 -9.248863 0.60784 0.52157 0.41961
v -127.4649 20.61951 -5.954092 0.58039 0.51373 0.42353
v -124.8581 18.73901 -11.97542 0.54118 0.48235 0.40392
v -121.3641 18.45849 -13.26778 0.56471 0.50196 0.41569
v -124.1878 17.47981 -14.95956 0.60392 0.53333 0.42745
v -138.612 17.40215 -11.39602 0.60000 0.53333 0.43922
v -138.5893 18.02218 -9.593632 0.56471 0.49412 0.41569
v -142.201 17.61263 -9.742478 0.60000 0.52941 0.44314
v -142.5717 18.73067 -4.765313 0.55294 0.49412 0.42745
v -105.7523 -6.702298 -42.27728 0.49412 0.43137 0.36078
v -104.4283 -5.74605 -41.86741 0.56471 0.50588 0.41176
v -102.6791 -3.588798 -40.48398 0.57647 0.50196 0.40000
v -96.30967 -1.790885 -39.50474 0.60000 0.53333 0.42745
v -93.41074 0.9362421 -37.44616 0.57647 0.50588 0.41176
v -88.90452 2.321263 -36.75687 0.55686 0.49020 0.39216
v -88.80301 0.5359344 -38.01621 0.61569 0.52157 0.40392
v -90.68587 -2.745477 -39.89324 0.60784 0.52549 0.41176
v -93.56616 -2.481373 -39.78557 0.60392 0.51373 0.40000
v -92.0935 -0.6062906 -38.3413 0.60000 0.51765 0.41176
v -101.6607 -5.312291 -41.57225 0.58824 0.51373 0.41569
v -97.65752 -4.592437 -41.23464 0.56078 0.49412 0.40000
v 46.51583 19.26252 96.40618 0.44706 0.41961 0.39216
v 42.41027 18.96803 96.15296 0.45490 0.42745 0.39608
v 33.18735 37.7331 66.16321 0.45882 0.41961 0.36471
v 28.97495 37.74234 66.08288 0.46667 0.44314 0.40392
v 26.17776 36.90031 67.24011 0.47059 0.43137 0.38431
v 28.58442 35.89926 69.65424 0.50588 0.45098 0.38431
v 23.69179 36.27666 68.33602 0.53725 0.47451 0.40392
v 23.10295 37.98518 64.35996 0.51373 0.45882 0.39216
v 19.4141 33.32387 72.76157 0.49804 0.44314 0.37647
v 18.44635 34.16572 71.1362 0.55686 0.48235 0.40000
v 16.3571 33.87353 70.79435 0.48627 0.43137 0.37255
v 23.42393 37.23717 66.20596 0.51373 0.46667 0.40784
v 37.08368 39.21725 63.17451 0.54902 0.48235 0.40000
v 33.5957 38.73094 63.88881 0.45098 0.41176 0.36078
v 40.20045 39.24446 63.35283 0.54118 0.47059 0.39608
v 34.05796 39.81044 61.04306 0.54902 0.49020 0.41569
v 40.66344 40.19733 60.83033 0.50588 0.45882 0.39608
v 31.68001 39.64514 61.73479 0.54118 0.47451 0.39216
v 30.37629 38.15227 64.90249 0.46275 0.41961 0.37255
v 67.0519 40.18782 64.37393 0.51765 0.45882 0.38431
v 65.18589 40.56894 63.08575 0.51765 0.46667 0.40784
v 60.96083 40.00172 63.99461 0.55294 0.48627 0.39216
v 57.96263 41.49768 60.12597 0.52549 0.46275 0.38824
v 60.40782 40.71938 62.33628 0.49412 0.43922 0.38431
v 58.32439 40.46609 63.45104 0.52157 0.45490 0.38039
v 37.87424 39.9966 60.54152 0.57255 0.49412 0.40392
v 39.99831 41.22348 57.72098 0.50196 0.44706 0.38824
v 37.88997 41.71672 55.00702 0.56078 0.48627 0.40000
v 69.38283 39.48009 65.5287 0.52157 0.45490 0.38039
v 68.06363 40.57279 62.58581 0.54118 0.48627 0.41176
v 72.78178 40.48846 62.5307 0.54902 0.47451 0.39608
v 74.74035 39.09695 65.97208 0.50980 0.45882 0.39216
v 73.29482 39.85049 63.90165 0.54902 0.47843 0.40392
v 75.62927 39.96051 63.16413 0.53725 0.49412 0.42745
v 68.88072 40.11417 63.69654 0.53725 0.48627 0.39608
v 62.85855 41.35085 60.58094 0.56078 0.48627 0.40000
v 61.53182 42.34716 57.47675 0.51765 0.46275 0.38824
v 59.25754 42.30963 58.01277 0.51765 0.46275 0.40000
v 54.10799 41.88275 58.80328 0.52941 0.47059 0.40000
v 54.94119 41.15755 60.97075 0.53333 0.48235 0.40392
v 51.59883 41.59605 59.19491 0.50196 0.45490 0.39608
v 48.46004 41.20731 59.67799 0.50196 0.45098 0.38431
v 44.9108 41.51388 57.88712 0.53333 0.46667 0.39216
v 40.55367 41.90559 55.20151 0.52549 0.47059 0.40392
v 42.30891 42.60161 53.78278 0.55686 0.49020 0.39608
v 35.21895 41.50091 55.15703 0.54510 0.48235 0.39608
v 26.24724 38.71352 63.3745 0.51373 0.45490 0.37255
v 24.01652 38.65355 62.89311 0.49020 0.43922 0.38824
v 29.08995 38.95312 62.93721 0.55294 0.48235 0.38824
v 27.058 39.7898 60.02816 0.52549 0.46275 0.40000
v 30.1924 40.19706 58.88347 0.54510 0.49020 0.42353
v 29.86484 40.9349 55.90573 0.57647 0.50980 0.41961
v 34.26926 40.77814 58.09708 0.53333 0.47843 0.40392
v 32.32645 41.5385 53.68199 0.54510 0.47843 0.40784
v 28.20896 41.49264 52.31762 0.52549 0.45882 0.40392
v 82.60116 34.11849 77.69858 0.55686 0.49412 0.40392
v 77.86767 39.05932 65.65389 0.54118 0.47843 0.39216
v 77.01321 37.29644 69.92127 0.50588 0.45098 0.39216
v 79.8262 38.99824 66.2914 0.53333 0.47451 0.40392
v 77.35806 38.38489 67.48629 0.51765 0.47059 0.40392
v 88.66439 31.55443 83.16925 0.61176 0.53333 0.42353
v 86.28886 33.10192 79.73639 0.58431 0.50980 0.41176
v 82.92501 35.68219 74.36815 0.49412 0.44706 0.39216
v 84.6428 34.02301 77.86765 0.54902 0.49412 0.41961
v 79.63297 37.2231 70.26303 0.48235 0.43922 0.38039
v 80.59227 36.37232 72.51275 0.49020 0.43137 0.36863
v 81.93878 36.97777 71.09356 0.53725 0.47059 0.40392
v 81.12184 38.10665 68.35372 0.50980 0.46275 0.40784
v 78.83278 39.73997 64.32112 0.50196 0.45882 0.40784
v 74.61401 40.75233 61.01981 0.56078 0.51373 0.45882
v 70.1449 40.8118 61.40044 0.49020 0.43922 0.38431
v 63.74855 42.14522 57.28067 0.56078 0.49020 0.40392
v 45.62079 43.01164 51.65497 0.56078 0.49412 0.40784
v 45.54556 42.30637 54.76769 0.54902 0.47843 0.39216
v 39.5222 42.22737 52.75638 0.50980 0.45490 0.38039
v 41.12833 42.7349 51.25628 0.54510 0.47451 0.38824
v 38.16143 42.77117 50.40222 0.56863 0.49804 0.40784
v 23.98192 40.48505 55.02733 0.50196 0.43137 0.35686
v 26.12447 41.19444 52.76973 0.56863 0.50196 0.41961
v 29.82992 42.01601 50.60098 0.52941 0.48235 0.41176
v 24.53127 39.67461 58.82579 0.56078 0.49804 0.41176
v 26.19298 41.70357 49.71436 0.51373 0.45098 0.38039
v 22.39583 41.00566 51.48759 0.52549 0.45490 0.38039
v 19.88261 39.30549 58.53549 0.56471 0.48235 0.39216
v 17.19855 39.43044 56.7112 0.49804 0.45490 0.39608
v 18.65825 40.38175 53.13444 0.52549 0.46667 0.39216
v 19.99778 39.97909 55.47288 0.50980 0.46275 0.40000
v 19.25967 40.93721 50.57955 0.54118 0.47059 0.40000
v 21.30437 41.57584 48.03387 0.56471 0.50588 0.42353
v 15.95012 40.34428 51.37271 0.56078 0.49804 0.41176
v 13.62598 40.02731 52.22256 0.53725 0.47843 0.40392
v 19.78386 37.75334 63.58806 0.50196 0.44706 0.38039
v 16.16414 37.1107 63.73058 0.53333 0.47451 0.40000
v 18.67554 36.68614 65.63472 0.53333 0.48235 0.41176
v 14.69051 34.22431 69.98916 0.53333 0.45882 0.36863
v 19.48648 36.50458 66.89111 0.53725 0.47451 0.39608
v 11.46334 34.60356 67.73416 0.53725 0.47451 0.39608
v 12.57494 29.65314 76.31193 0.49804 0.43922 0.37647
v 12.70481 28.04216 78.55974 0.56078 0.47843 0.38824
v 1.782339 30.12824 70.86788 0.42745 0.40000 0.36078
v -6.90549 28.32847 92.86042 0.44706 0.39216 0.32549
v -12.54649 27.68693 91.05347 0.40392 0.33725 0.30196
v -13.10645 27.69696 91.8441 0.33333 0.30196 0.25490
v -17.0099 27.89472 91.27896 0.38431 0.32549 0.30588
v -18.14772 26.34563 88.44338 0.57647 0.49804 0.40392
v -16.34201 22.21325 83.52589 0.38039 0.36471 0.32549
v -17.87185 26.56368 90.32975 0.49412 0.42745 0.35686
v -19.59949 27.71603 90.35758 0.45098 0.39216 0.33333
v -23.57262 28.39681 90.47324 0.38431 0.33333 0.30196
v -14.20722 30.99723 86.4112 0.59216 0.50196 0.40000
v -14.40021 30.20151 88.9805 0.47451 0.40392 0.32941
v -12.18736 28.66634 86.97581 0.51373 0.44706 0.36863
v -9.98104 28.64327 91.70488 0.45882 0.41961 0.36863
v -9.031075 31.61887 83.62252 0.54902 0.46667 0.36078
v -8.554911 32.81454 80.01842 0.52549 0.46275 0.39216
v -11.00652 30.34516 82.72211 0.53725 0.45882 0.37255
v -15.05152 33.90382 84.97072 0.50588 0.43137 0.34902
v -11.92351 33.66489 81.53296 0.57647 0.47451 0.38824
v -8.098741 34.32683 80.25691 0.57255 0.48627 0.39608
v -5.366694 35.33533 80.81415 0.56863 0.47843 0.37255
v -6.801425 38.29628 81.91969 0.60392 0.51765 0.41569
v -16.11341 38.78504 75.71553 0.58824 0.49804 0.39216
v -11.80694 36.1492 80.8889 0.54510 0.46667 0.36863
v -12.9789 34.84174 81.03207 0.57647 0.48627 0.37647
v -17.01049 33.37091 84.94109 0.58824 0.50588 0.39216
v -17.2906 36.12928 78.97105 0.55294 0.48235 0.38431
v -14.26686 36.12206 81.8512 0.47843 0.42353 0.36863
v -16.64867 35.52657 81.39312 0.55686 0.48235 0.37647
v -14.67167 37.20672 79.15877 0.58824 0.52157 0.40392
v -17.38964 38.2256 75.17093 0.60000 0.52549 0.41176
v -17.74319 37.57584 77.44198 0.53333 0.46275 0.37647
v -17.92632 39.92704 74.48124 0.58039 0.48627 0.39216
v -51.99415 28.16432 81.91435 0.40392 0.34902 0.32549
v -47.66211 27.64945 83.42526 0.37255 0.33725 0.30980
v -47.35774 28.53998 82.33399 0.43529 0.40000 0.36471
v -44.34568 28.05452 84.45374 0.46275 0.40784 0.35294
v -43.09206 34.37404 79.52802 0.45490 0.40784 0.37255
v -43.58559 29.16776 84.27792 0.36471 0.32941 0.29804
v -54.5081 26.46364 80.21701 0.62353 0.52549 0.40784
v -56.63739 27.5609 81.35128 0.34510 0.30196 0.26275
v -56.91395 25.36062 80.25671 0.49804 0.44706 0.38431
v -84.73409 24.01914 74.00775 0.48235 0.43529 0.36078
v -77.60003 25.01834 76.19506 0.38039 0.34510 0.32157
v 92.85135 33.23128 80.06812 0.51765 0.46667 0.41176
v 87.24298 34.82614 76.07083 0.51765 0.45882 0.39608
v 85.82713 37.58514 69.97579 0.53333 0.48235 0.41569
v 84.15083 36.92034 71.2546 0.52549 0.45882 0.38431
v 82.59962 37.64435 69.45205 0.51765 0.45882 0.38431
v 70.97013 41.3094 58.91817 0.53725 0.49804 0.45882
v 81.14377 40.26443 62.18089 0.52157 0.45882 0.39608
v 81.67161 39.53471 65.20779 0.50196 0.45490 0.40000
v 80.11909 40.84465 58.89909 0.55686 0.50588 0.43137
v 80.70743 41.49464 55.43542 0.55686 0.50196 0.42745
v 82.96747 40.22231 62.82605 0.50588 0.45882 0.40784
v 82.61149 40.72331 60.17176 0.53725 0.48235 0.41569
v 85.32139 40.25781 61.79659 0.51373 0.46275 0.39608
v 89.60878 40.02597 62.6641 0.58431 0.50588 0.41176
v 87.16283 39.81133 62.9686 0.53333 0.48235 0.41961
v 84.3062 39.54155 63.982 0.54510 0.48235 0.40000
v -101.4469 -29.26175 -49.62625 0.51373 0.46667 0.40000
v -99.79813 -27.78203 -49.4862 0.48235 0.42353 0.35686
v -98.46517 -25.17295 -49.03921 0.52157 0.46275 0.39608
v -96.66904 -26.55041 -49.28621 0.58431 0.51765 0.42745
v -98.08751 -27.66535 -49.40122 0.52941 0.47843 0.39608
v -95.15874 -24.7163 -48.99859 0.56078 0.49804 0.40784
v -94.32319 -29.08249 -49.31331 0.50588 0.45882 0.39216
v -94.98747 -26.82141 -49.30239 0.51373 0.46667 0.39608
v -90.76465 -26.32539 -48.94038 0.52549 0.44706 0.35686
v -92.21264 -25.78474 -49.01949 0.50196 0.45882 0.40784
v -157.9065 12.82225 -14.95076 0.52549 0.47059 0.41176
v -160.9203 12.89098 -12.27716 0.59608 0.51765 0.41569
v -166.152 11.55782 -13.94187 0.61569 0.53333 0.43137
v -168.3998 11.69395 -10.72972 0.56471 0.48235 0.39216
v -166.0891 12.19492 -10.11995 0.59608 0.53333 0.44314
v -165.371 12.79033 -8.070034 0.59216 0.52157 0.41961
v -169.0124 11.8746 -8.527771 0.53725 0.45490 0.37255
v -168.8996 11.95254 -6.479568 0.57647 0.48627 0.37647
v -165.3642 12.91473 -4.196819 0.57647 0.49412 0.38824
v -168.5648 12.25409 -3.695745 0.55294 0.48627 0.41176
v -165.4292 13.27667 6.060026 0.54118 0.47843 0.39608
v -163.843 13.68787 6.522537 0.56471 0.50588 0.43137
v -163.3296 13.35657 9.436342 0.54510 0.48627 0.40392
v -165.3053 13.48826 2.669774 0.60000 0.52941 0.44314
v -167.5063 12.67695 0.7428056 0.61569 0.53333 0.42745
v -166.2731 13.05146 0.1546816 0.57647 0.49412 0.40392
v -161.0509 13.61202 -8.869224 0.61569 0.53725 0.43922
v -164.5831 12.40044 -5.738052 0.53333 0.47843 0.38824
v -166.1885 12.91852 -2.356511 0.60784 0.53333 0.43529
v -164.673 13.3232 -1.438794 0.58039 0.49412 0.39608
v -165.0998 12.87954 -6.316235 0.58431 0.51765 0.43137
v -162.9833 13.48365 -7.440734 0.56863 0.50196 0.41176
v -163.6276 12.57269 -10.9493 0.59608 0.50980 0.40784
v -158.5099 13.60157 -11.85745 0.62353 0.53725 0.42353
v -157.3403 14.58347 -8.897458 0.54510 0.49412 0.41176
v -158.7844 14.35764 -8.651316 0.58039 0.49804 0.40392
v -159.6096 14.59091 -5.221612 0.57255 0.49412 0.41176
v -155.8068 15.42192 -6.568653 0.54118 0.48627 0.39608
v -154.2551 16.00226 -4.288644 0.55686 0.49020 0.39608
v -157.8875 14.8771 -5.952287 0.58431 0.50980 0.41961
v -153.3237 15.92522 -7.300445 0.56863 0.50980 0.43529
v -147.4764 15.71261 -12.69463 0.52157 0.47451 0.41176
v -144.994 17.38895 -8.680981 0.60000 0.53725 0.44314
v -143.1065 18.0967 -7.181438 0.54118 0.49804 0.43137
v -146.3894 17.31029 -7.207714 0.53725 0.48627 0.41176
v -147.8553 17.45999 -5.911894 0.52157 0.48235 0.41961
v -147.388 16.92739 -8.562571 0.58431 0.52157 0.43529
v -148.2352 16.28355 -9.747033 0.53333 0.47059 0.40000
v -149.8571 16.30727 -8.231273 0.54510 0.48627 0.41569
v -151.5086 16.40968 -7.370796 0.54510 0.48235 0.40392
v -152.8376 16.19764 -5.467459 0.55294 0.49020 0.40000
v -150.601 16.93451 -5.20155 0.58039 0.51765 0.42745
v -148.8266 17.4365 -4.306262 0.52549 0.46667 0.40392
v -152.6422 16.48422 -3.629664 0.54902 0.49412 0.42745
v -154.635 16.09955 -1.67961 0.54118 0.48235 0.39608
v -158.3624 14.92403 -4.035611 0.58824 0.52157 0.42745
v -156.3503 15.92503 -1.635268 0.58824 0.52549 0.43922
v -155.1848 16.40235 0.448271 0.52549 0.47451 0.40000
v -161.2402 14.63847 -0.8792516 0.59608 0.50980 0.41569
v -158.3875 15.27837 -0.9434771 0.58431 0.51373 0.43529
v -156.8834 15.88077 2.005459 0.57255 0.50196 0.41176
v -159.8808 15.27663 -0.09759461 0.62353 0.54902 0.45098
v -162.9573 14.01838 -1.306268 0.57255 0.50196 0.42353
v -160.7682 14.25023 -3.301036 0.55686 0.49804 0.40392
v -162.5157 13.62147 -4.337181 0.57647 0.49804 0.39608
v -153.3264 16.64991 -0.9394433 0.58431 0.51373 0.41961
v -153.3433 16.6338 0.8817193 0.56863 0.51373 0.43137
v -153.2411 17.08326 2.780089 0.57647 0.50980 0.41961
v -155.7239 16.20993 4.163614 0.56078 0.50196 0.42353
v -161.5297 14.64053 1.92499 0.56471 0.49412 0.40392
v -164.4575 13.52392 1.124299 0.56863 0.49020 0.40392
v -162.0195 14.30303 4.074681 0.56863 0.49804 0.40784
v -162.9727 14.03448 1.893561 0.57255 0.50980 0.41176
v -147.0179 17.99605 -3.15357 0.54510 0.49804 0.43529
v -148.2532 18.07458 0.2393523 0.51373 0.45882 0.38039
v -150.0374 17.25697 -2.860886 0.57647 0.51373 0.43137
v -151.0528 17.67883 2.309554 0.59216 0.51765 0.43529
v -150.7901 17.56097 0.1627114 0.60000 0.52941 0.43922
v -147.0822 18.66978 1.095721 0.53333 0.47451 0.39216
v -149.5056 18.20119 2.104859 0.52157 0.46275 0.38824
v -147.1344 19.03061 3.091921 0.55294 0.50196 0.42745
v -147.8411 17.92335 -1.553863 0.54902 0.49804 0.41961
v -143.6003 19.61947 1.854696 0.56078 0.49412 0.41961
v -153.3793 16.99035 4.974156 0.56471 0.50196 0.41961
v -150.3886 18.10214 6.176235 0.56471 0.50196 0.40784
v -148.5948 18.47537 4.828606 0.52549 0.47843 0.43529
v -145.5886 18.08846 -4.491203 0.50980 0.47059 0.40392
v -143.9932 19.00422 -2.135214 0.51373 0.48235 0.42353
v -141.4262 19.93102 0.8235425 0.55294 0.50588 0.43137
v -142.4261 20.28789 4.231258 0.59216 0.52941 0.43922
v -138.9043 21.01332 3.795185 0.56863 0.50980 0.43529
v -137.1407 21.56092 5.246405 0.56471 0.50980 0.41961
v -79.74557 -17.46339 -47.02677 0.56471 0.49020 0.40000
v -77.01595 -22.25162 -47.87953 0.50196 0.43529 0.36863
v -71.27156 -20.42231 -46.92791 0.60784 0.50588 0.39216
v -78.15376 -15.93673 -46.44961 0.54510 0.46667 0.37647
v -75.45077 -13.99336 -45.56804 0.61569 0.52157 0.41569
v -77.66458 -11.60006 -44.99097 0.59216 0.51765 0.41569
v -73.96173 -10.65857 -44.50504 0.60392 0.52549 0.41961
v -76.71586 -7.355293 -43.03907 0.55686 0.49020 0.40784
v -80.66949 -4.116531 -41.09782 0.53333 0.46275 0.38039
v -77.05287 -5.420917 -41.91524 0.62745 0.53333 0.40784
v -77.63162 -17.86772 -47.03175 0.58431 0.49020 0.38431
v -77.80377 -20.48712 -47.41198 0.61961 0.52549 0.40784
v -73.57547 -18.84494 -47.00692 0.54510 0.49020 0.40392
v -74.85472 -18.65072 -46.85469 0.55686 0.48235 0.38039
v -72.98641 -7.955744 -43.2081 0.55294 0.48627 0.40392
v -67.25713 -5.622725 -41.95147 0.51765 0.45882 0.37647
v -60.93879 1.198632 -38.80127 0.50980 0.46667 0.40000
v -58.71728 1.71677 -38.18707 0.60392 0.52549 0.41569
v -59.32985 3.746709 -36.82235 0.60000 0.52157 0.41569
v -55.14419 2.554881 -37.61298 0.60000 0.51765 0.40784
v -62.4304 3.524911 -37.39952 0.63922 0.54118 0.42353
v -63.07451 1.370737 -38.623 0.51765 0.46667 0.39608
v -60.36335 5.955915 -35.44074 0.56471 0.50588 0.41569
v -63.27629 -1.974447 -40.51713 0.58039 0.49804 0.40000
v -63.76841 4.954102 -36.32784 0.56471 0.50196 0.41569
v -64.19759 6.742986 -35.01737 0.58824 0.51373 0.41569
v -64.5329 0.4074324 -39.11835 0.59216 0.50980 0.40784
v -66.8373 1.840338 -38.22033 0.59216 0.51373 0.41569
v -67.85649 -0.3808881 -39.51563 0.61961 0.51765 0.40000
v -69.42137 3.343263 -37.20506 0.57647 0.50588 0.41569
v -71.75239 4.246021 -36.58692 0.57647 0.49804 0.40784
v -70.63591 0.8764945 -38.81958 0.62353 0.53333 0.40000
v -72.92485 -0.2503515 -39.3571 0.63529 0.53725 0.41569
v -66.81389 -1.261115 -39.90536 0.58824 0.51765 0.43137
v -67.12361 -3.43535 -41.08915 0.55686 0.49412 0.41176
v -70.94269 -3.640772 -41.11351 0.58039 0.50196 0.40392
v -73.73209 -4.38347 -41.44388 0.60000 0.52941 0.43137
v -70.21414 -7.200697 -42.63339 0.58431 0.52157 0.42745
v -69.08469 -5.154405 -42.02455 0.61569 0.51765 0.39608
v -95.56787 -7.650228 -42.93976 0.58431 0.51373 0.41961
v -92.46849 -4.969537 -41.17883 0.53725 0.47843 0.40000
v -123.2045 19.69251 -9.858064 0.54902 0.50196 0.42353
v -123.6177 21.85832 -3.328596 0.56471 0.50196 0.41961
v -126.9231 21.87833 -2.03745 0.59608 0.52157 0.43137
v -123.7453 20.59747 -6.989191 0.57647 0.50980 0.43529
v -119.1053 20.04885 -9.690209 0.56078 0.50588 0.42745
v -120.0427 20.76241 -7.939538 0.60784 0.52941 0.42353
v -120.6479 21.4687 -5.435172 0.61961 0.53725 0.43922
v -115.0634 21.28121 -7.971525 0.58431 0.51373 0.42353
v -117.6937 21.17602 -7.769189 0.60000 0.53333 0.44314
v -117.7902 21.74926 -6.129055 0.60392 0.52549 0.41961
v -116.2272 22.11816 -5.044883 0.59608 0.52157 0.41176
v -112.8329 22.20161 -6.33107 0.58431 0.51373 0.41176
v -108.622 21.7311 -8.538723 0.53725 0.47451 0.40000
v -116.2246 19.7357 -11.72066 0.63137 0.53725 0.41961
v -118.4419 18.45813 -13.64003 0.58431 0.51373 0.41176
v -117.5088 17.31587 -16.04972 0.61176 0.53333 0.43529
v -111.0263 16.90334 -17.64396 0.54510 0.48627 0.41176
v -114.3906 17.50878 -16.35473 0.61961 0.54118 0.44706
v -141.0321 19.54265 -1.605219 0.57255 0.51765 0.42745
v -139.8168 19.53832 -3.528969 0.56471 0.50588 0.41569
v -139.8876 18.61482 -6.937614 0.63137 0.54902 0.44706
v -135.881 18.9512 -7.97495 0.58039 0.51765 0.43529
v -133.1415 20.08543 -5.255718 0.60784 0.52549 0.42353
v -128.9651 21.04942 -4.271375 0.57255 0.49804 0.40000
v -130.5315 19.99564 -6.591604 0.60392 0.52549 0.43137
v -130.9934 21.22619 -2.323299 0.52549 0.45882 0.36863
v -129.4713 22.2427 0.8894495 0.50588 0.45098 0.36863
v -121.0841 22.53817 -2.290758 0.56863 0.50588 0.41961
v -117.7403 22.62878 -3.489328 0.63922 0.54902 0.43922
v -112.5242 23.47718 -2.98958 0.58431 0.52157 0.43529
v -109.5369 22.56594 -6.257031 0.56471 0.50196 0.42353
v -103.1174 20.44501 -12.67869 0.56078 0.50588 0.43137
v -104.7713 22.38761 -8.486867 0.62353 0.53725 0.42745
v -106.4794 23.09526 -5.647726 0.61176 0.52549 0.41961
v -101.0501 22.69739 -8.813003 0.56863 0.50196 0.41176
v -102.3707 23.26855 -7.334248 0.61176 0.52549 0.42353
v -109.4633 23.95821 -2.120137 0.58824 0.52157 0.43529
v -112.9198 24.09262 -0.7055905 0.61961 0.52941 0.41961
v -105.0965 23.98771 -3.844314 0.54902 0.49412 0.38431
v -101.958 24.64654 -3.921715 0.60784 0.52157 0.41961
v -98.32776 24.34567 -5.916144 0.58431 0.51765 0.43922
v -100.448 21.51789 -11.15066 0.63529 0.53725 0.43137
v -97.03677 20.32719 -14.60537 0.54510 0.49412 0.41569
v -95.27168 20.8475 -13.97855 0.63137 0.53333 0.41569
v -97.86485 21.30254 -12.49223 0.61961 0.54510 0.43529
v -90.30791 21.01784 -14.98948 0.56471 0.50196 0.41961
v -92.40913 21.62854 -13.35817 0.63922 0.53725 0.42745
v -88.60791 19.95333 -17.2661 0.54118 0.48627 0.40392
v -83.12385 20.63594 -17.54391 0.57647 0.51373 0.42353
v -85.99168 18.04742 -20.80548 0.53725 0.47843 0.40000
v -84.89223 16.9267 -22.73146 0.54510 0.49020 0.41176
v -87.58944 16.90229 -21.89935 0.52941 0.47451 0.40000
v -91.23647 15.64119 -23.31802 0.53725 0.47059 0.38824
v -101.7616 11.9059 -26.99236 0.60392 0.52941 0.42353
v -105.5951 11.68963 -26.72468 0.61569 0.52941 0.41569
v -136.2998 20.09975 -3.238352 0.56471 0.50588 0.41961
v -132.7546 21.33285 -0.7023707 0.56863 0.49020 0.39608
v -133.0113 21.69569 2.015271 0.55686 0.49804 0.41176
v -160.0684 14.96911 3.462741 0.53725 0.48235 0.41569
v -158.4496 15.41401 3.295234 0.61569 0.52941 0.42353
v -158.1876 15.48436 4.978406 0.53725 0.47059 0.40000
v -157.9606 15.5737 6.851699 0.58431 0.51373 0.43137
v -156.4542 15.99749 6.65146 0.58431 0.51765 0.43137
v -154.4517 16.73126 8.328727 0.57647 0.51373 0.42353
v -154.8826 16.37696 9.770747 0.61176 0.52941 0.41961
v -150.1782 18.03837 8.546275 0.56078 0.50588 0.42745
v -161.3813 14.65764 7.084559 0.56078 0.49412 0.41961
v -160.3682 15.09172 5.258807 0.60392 0.53333 0.45490
v -156.8477 15.51264 11.60175 0.59608 0.52157 0.42745
v -156.8533 15.80789 9.783422 0.55294 0.49804 0.41961
v -151.7783 17.17671 12.44682 0.54902 0.49020 0.40784
v -151.2012 17.73532 10.87395 0.57255 0.51373 0.43529
v -153.428 16.19302 14.44505 0.52941 0.47451 0.40000
v -154.4077 16.25824 12.48068 0.55686 0.50196 0.42745
v -159.3465 14.79231 10.90674 0.58039 0.50588 0.40784
v -160.4111 14.55279 9.069703 0.53725 0.48235 0.39608
v -159.3118 15.27394 8.667315 0.56863 0.50588 0.41569
v -161.695 13.71921 11.16836 0.55686 0.49412 0.40392
v -162.2051 14.02361 7.04462 0.55686 0.49412 0.40000
v -135.6984 21.46118 2.92239 0.58824 0.52157 0.42745
v -135.7178 20.85396 -0.3551288 0.58039 0.50588 0.40784
v -138.1854 20.26287 -0.9400168 0.56863 0.50588 0.42353
v -132.027 22.41681 4.397039 0.61176 0.54510 0.43922
v -132.1116 22.74773 6.692457 0.54510 0.49804 0.42745
v -134.4026 22.16623 5.777265 0.61176 0.54510 0.44706
v -132.8856 22.70984 10.52567 0.59608 0.53333 0.43529
v -135.7992 21.86047 9.389477 0.61176 0.54118 0.44706
v -138.1264 21.35639 8.731005 0.58431 0.52157 0.43137
v -137.8378 21.3216 12.01274 0.53333 0.49020 0.43137
v -140.393 20.81536 6.679939 0.54902 0.49804 0.42745
v -146.0165 19.34171 8.742628 0.57255 0.50588 0.41961
v -145.6329 19.58998 7.194597 0.57255 0.50588 0.41569
v -147.3558 18.92777 10.89387 0.54118 0.49412 0.42353
v -147.3975 18.89945 12.27118 0.53725 0.48235 0.41176
v -149.8289 17.74199 12.88242 0.54510 0.48627 0.39216
v -144.4681 19.63897 12.58324 0.58039 0.52157 0.45490
v -150.3642 17.28882 15.05624 0.54118 0.49020 0.41176
v -151.9263 16.67838 14.75767 0.51765 0.46275 0.40392
v -147.0934 18.84872 13.90425 0.54118 0.48235 0.41176
v -140.5427 20.74675 10.92967 0.58824 0.52549 0.44706
v -138.7881 20.74746 14.46373 0.49020 0.45098 0.39216
v -136.0595 21.86502 14.33515 0.51765 0.47059 0.40000
v -138.7756 20.45506 16.6108 0.50196 0.45882 0.40392
v -135.1661 22.10902 11.56985 0.58824 0.51373 0.41176
v -129.0237 22.98343 4.107297 0.54902 0.48235 0.39216
v -123.3631 23.61932 2.865847 0.59608 0.53333 0.43922
v -126.4841 22.88271 1.501428 0.58824 0.52549 0.43137
v -123.8906 22.36659 -1.612127 0.56078 0.49804 0.40784
v -117.6445 23.53639 -0.480262 0.61176 0.53333 0.43922
v -105.8642 24.79628 -0.983623 0.58824 0.50980 0.41569
v -110.2864 24.7081 0.6961075 0.54510 0.49020 0.41176
v -106.9224 24.9725 0.7744411 0.61569 0.52549 0.41961
v -106.9318 25.80242 3.274226 0.57647 0.51765 0.43137
v -104.4987 25.39391 -0.1548425 0.60000 0.52549 0.42745
v -105.1555 25.98318 2.533748 0.60000 0.52941 0.41569
v -109.0488 23.34716 -4.276952 0.51373 0.45882 0.38431
v -71.86421 -23.54573 -47.21096 0.58824 0.50980 0.40000
v -68.888 -19.35122 -46.54537 0.60784 0.53333 0.42745
v -74.39767 -14.16579 -45.60445 0.62745 0.53333 0.41569
v -71.92738 -16.36117 -46.16585 0.56471 0.49412 0.38824
v -69.78427 -14.27733 -45.24458 0.60392 0.52549 0.41176
v -71.30162 -18.13472 -46.48094 0.56471 0.49804 0.40000
v -66.93417 -16.77387 -45.91968 0.57647 0.49804 0.40000
v -70.40278 -1.371086 -40.01524 0.61176 0.52157 0.40784
v -74.30502 2.705309 -37.39884 0.57255 0.50588 0.41176
v -76.41944 1.525774 -38.04017 0.64314 0.54118 0.41961
v -77.71237 4.179378 -36.07976 0.56863 0.50588 0.43529
v -76.79791 -1.209989 -39.69845 0.63922 0.53333 0.40392
v -79.96666 -0.2480739 -38.65126 0.57255 0.49020 0.39216
v -77.08121 -2.764829 -40.50278 0.60784 0.52549 0.40000
v -84.01458 -5.394462 -41.6109 0.57647 0.50196 0.40000
v -88.67669 -4.885045 -41.332 0.59608 0.52549 0.43137
v -86.37644 -4.464368 -40.93918 0.61176 0.52549 0.41176
v -84.71791 -3.327692 -40.3149 0.51373 0.46275 0.39608
v -81.21355 -2.541648 -40.13398 0.60392 0.52549 0.41569
v -83.04536 -0.8434941 -38.81101 0.57647 0.50196 0.41569
v -85.06932 -0.8365705 -39.09068 0.57647 0.50980 0.41569
v -85.70893 2.834275 -36.66383 0.57255 0.51373 0.42353
v -82.96663 1.659737 -37.27349 0.53725 0.48235 0.39608
v -91.92018 6.298306 -33.72475 0.60392 0.53333 0.43529
v -94.96565 6.090929 -33.75064 0.58824 0.51373 0.42745
v -90.88064 3.870285 -35.57265 0.62353 0.52941 0.41176
v -83.41697 4.16239 -35.64876 0.60392 0.52549 0.42353
v -92.6027 10.1649 -29.93861 0.54902 0.48627 0.40000
v -94.11268 8.062689 -32.04194 0.58039 0.51373 0.42353
v -100.1509 7.360126 -32.57306 0.60392 0.52157 0.42353
v -101.3481 8.927152 -30.8615 0.53725 0.49020 0.41569
v -99.30023 9.59008 -30.28523 0.59608 0.52157 0.41569
v -97.24362 8.677982 -31.2477 0.58039 0.51373 0.41961
v -87.80803 7.94336 -32.48121 0.64314 0.54902 0.42745
v -89.45287 11.38025 -28.87744 0.59608 0.51765 0.40784
v -83.34023 9.90596 -30.90124 0.61176 0.52549 0.42353
v -86.9482 6.179975 -33.98815 0.58824 0.52157 0.42745
v -80.72462 5.612036 -34.80586 0.54510 0.49412 0.42353
v -82.66551 7.781333 -32.82081 0.64314 0.53725 0.41569
v -82.90922 12.67443 -28.05776 0.58039 0.49412 0.38431
v -85.19223 13.17592 -27.18129 0.57647 0.50588 0.41176
v -87.47815 12.44986 -27.82776 0.62353 0.52549 0.41176
v -95.04408 9.78517 -30.06519 0.56078 0.49020 0.38824
v -97.35077 12.44285 -26.48689 0.58431 0.50980 0.41176
v -92.20775 12.29255 -27.51075 0.58431 0.50980 0.41176
v -96.72387 10.73678 -28.71666 0.62353 0.52941 0.41569
v -89.61692 15.30405 -24.0649 0.53725 0.47451 0.38824
v -89.25899 13.86124 -26.09011 0.60392 0.52941 0.43922
v -84.97591 15.62167 -24.4358 0.61569 0.52941 0.41961
v -79.36437 11.15004 -30.0905 0.62745 0.52941 0.42353
v -77.92104 8.787394 -32.30948 0.58431 0.51765 0.41961
v -87.65251 -1.50966 -39.18646 0.63529 0.53333 0.41176
v -80.76172 3.232797 -36.55625 0.64314 0.54510 0.43137
v -78.69423 1.839367 -37.49654 0.58039 0.50196 0.40392
v -75.46454 10.04303 -31.3083 0.60392 0.51373 0.40784
v -72.87005 10.0111 -31.56528 0.64706 0.54118 0.41961
v -75.76303 12.50968 -28.89892 0.57255 0.51765 0.43137
v -77.37832 14.60584 -26.4944 0.60000 0.51765 0.40784
v -79.92243 16.30587 -24.33418 0.61176 0.51765 0.40000
v -82.20489 14.7098 -26.06784 0.58824 0.52941 0.43529
v -85.79426 21.21744 -16.15481 0.60000 0.52941 0.43137
v -76.90221 15.96325 -25.13869 0.62745 0.53725 0.43137
v -73.54008 7.228042 -34.06671 0.61569 0.52941 0.42745
v -68.96489 10.37916 -31.23646 0.55686 0.49804 0.41176
v -67.29675 5.604807 -35.58677 0.60784 0.51765 0.40000
v -65.511 3.511298 -37.2019 0.58039 0.51373 0.41961
v -63.49173 8.296863 -33.58413 0.60784 0.52941 0.42353
v -56.64139 3.724467 -36.90226 0.52941 0.48235 0.41569
v -55.72619 -0.09086361 -39.17579 0.60000 0.51765 0.40784
v -53.76569 -1.974418 -40.22968 0.60000 0.52941 0.42745
v -55.95619 -5.408446 -41.84921 0.60392 0.51765 0.40784
v -55.32779 -11.72179 -44.10038 0.56863 0.49020 0.40000
v -44.60886 -8.54072 -42.75478 0.48627 0.43922 0.37647
v -44.08338 -6.807603 -42.13862 0.54902 0.47843 0.38824
v -41.42997 -6.079626 -41.82195 0.51373 0.46275 0.39216
v -47.24272 -5.053128 -41.6354 0.51765 0.46667 0.39608
v -47.21667 -8.600642 -42.89653 0.49804 0.44706 0.38039
v -42.98217 -3.696771 -40.93456 0.52549 0.47059 0.40392
v -49.61818 -3.593522 -41.06807 0.56863 0.49412 0.40000
v -49.26337 -8.746265 -43.05874 0.57255 0.49020 0.38431
v -53.0012 -10.38438 -43.64325 0.60392 0.51765 0.40784
v -52.69124 -6.287532 -42.12524 0.56863 0.50588 0.40392
v -53.34262 -4.275528 -41.27352 0.50980 0.44706 0.38039
v -49.48029 -6.496015 -42.20558 0.57255 0.49804 0.40392
v -45.6213 -1.870712 -40.19949 0.51373 0.46275 0.39608
v -37.77638 -5.445948 -41.57592 0.56078 0.49804 0.40000
v -40.54914 -3.838512 -40.96593 0.46275 0.43922 0.41176
v -41.89831 -8.511896 -42.64493 0.52549 0.46275 0.39608
v -41.60477 -10.36335 -43.24178 0.48627 0.45098 0.40392
v -40.19008 -9.123402 -42.73201 0.45490 0.42353 0.38039
v -40.35722 -0.6827958 -39.59821 0.49412 0.45882 0.40392
v -38.46758 -7.299999 -42.27757 0.51373 0.47451 0.40392
v -39.15029 -18.30146 -44.86383 0.50196 0.45490 0.38431
v -36.37641 -12.4891 -43.70902 0.54118 0.48627 0.40784
v -37.59074 -14.32463 -44.17946 0.55294 0.49804 0.41569
v -36.59152 -18.78035 -44.74969 0.46667 0.43922 0.40392
v -35.32184 -24.36432 -44.98486 0.47843 0.45098 0.40000
v -31.64979 -24.53662 -44.69514 0.47843 0.44314 0.38431
v -33.31387 -21.75928 -44.77374 0.43922 0.41569 0.38039
v -48.38068 -2.69999 -40.64588 0.58039 0.50980 0.41176
v -43.3614 -0.6652031 -39.48173 0.54118 0.47843 0.39216
v -49.13078 -0.01018684 -39.20788 0.53725 0.48627 0.41569
v -46.10227 0.0206929 -39.15698 0.52157 0.47451 0.40000
v -45.74937 4.749123 -36.05472 0.50588 0.45490 0.38431
v -47.05586 1.890076 -37.98633 0.49020 0.41961 0.34902
v -50.08413 1.672766 -38.18317 0.53725 0.48235 0.40000
v -48.188 3.771303 -36.92572 0.57255 0.50196 0.41569
v -43.7678 4.720451 -36.11703 0.50196 0.45882 0.40392
v -40.17967 4.315665 -36.53224 0.52157 0.46275 0.39608
v -34.5003 1.730145 -38.46304 0.46275 0.43137 0.38824
v -42.59306 1.499813 -38.22609 0.57255 0.50196 0.41569
v -18.64559 -27.18751 -44.55713 0.50980 0.45098 0.37647
v -17.17967 -23.99415 -44.73898 0.47843 0.43137 0.37255
v -21.70305 -21.39222 -44.5138 0.51373 0.47843 0.41176
v -21.14572 -17.47366 -43.97585 0.43137 0.39216 0.35294
v -22.55381 -19.09464 -44.24971 0.45490 0.41961 0.37255
v -23.41931 -16.27727 -43.81297 0.50196 0.45882 0.39608
v -20.11277 -14.70875 -43.7747 0.55294 0.49412 0.41961
v -22.17965 -14.60453 -43.57423 0.50588 0.45490 0.39216
v -20.00189 -11.54833 -43.11578 0.60000 0.50196 0.39216
v -17.18487 -12.89769 -43.37611 0.58824 0.50588 0.40784
v -16.3466 -15.56916 -43.87255 0.50980 0.45882 0.39608
v -12.48876 -13.01265 -43.7209 0.55686 0.48627 0.39216
v -24.87943 -17.36442 -43.98735 0.46667 0.42745 0.37255
v -25.26263 -19.89024 -44.26964 0.47451 0.42353 0.38039
v -22.53985 -12.45817 -43.18114 0.58431 0.50196 0.40392
v -20.88577 -7.727209 -42.18008 0.57255 0.49804 0.39216
v -26.58272 -16.79405 -43.97037 0.52157 0.46667 0.40392
v -27.43873 -20.30065 -44.20337 0.48235 0.43922 0.38039
v -28.9302 -18.53587 -44.17045 0.52157 0.47843 0.41569
v -29.48813 -16.54927 -43.92376 0.52157 0.46667 0.41176
v -25.01422 -10.85486 -42.8916 0.54118 0.46667 0.37647
v -27.59883 -10.51045 -42.76131 0.51373 0.45882 0.39216
v -32.67816 -17.9092 -44.3883 0.46275 0.41961 0.37255
v -32.22315 -14.16606 -43.7535 0.54118 0.49412 0.40392
v -34.54357 -17.39056 -44.47783 0.46667 0.44314 0.41176
v -30.50062 -20.06438 -44.44513 0.46667 0.43137 0.38824
v -21.24966 -24.39185 -44.61279 0.56863 0.50588 0.40784
v -21.2084 -27.10102 -44.56651 0.44706 0.40000 0.34510
v -23.67236 -26.52587 -44.3808 0.55294 0.47451 0.38824
v -26.0862 -22.80785 -44.54766 0.54118 0.47451 0.38824
v -24.88865 -34.59008 -43.49547 0.45098 0.40000 0.36078
v 28.6315 22.68 87.57668 0.47451 0.41176 0.35294
v 6.739769 33.58485 93.39928 0.46667 0.41176 0.34510
v 12.27358 39.74856 88.41247 0.45882 0.42353 0.38039
v 2.89185 39.3401 83.93221 0.52549 0.43922 0.34902
v -0.07074164 34.50523 89.3125 0.49020 0.41961 0.34118
v -1.706452 37.29456 81.87116 0.50980 0.43922 0.34510
v -4.559791 33.70594 86.12057 0.48235 0.42745 0.37647
v 16.25231 25.32177 82.87793 0.52549 0.45882 0.38824
v 8.18924 28.59765 75.86574 0.51765 0.45490 0.38039
v 5.526031 27.86188 75.23102 0.42353 0.38431 0.34902
v 5.626477 31.15669 71.36373 0.53333 0.46275 0.38431
v 9.730092 30.23726 74.35129 0.48627 0.43922 0.37647
v 13.83592 31.92265 73.39433 0.53333 0.46667 0.38431
v 10.90688 31.65953 72.71156 0.49020 0.43922 0.36863
v -15.29696 30.39521 64.64387 0.41961 0.38039 0.34118
v -9.314156 31.50744 65.11247 0.51765 0.44314 0.37255
v -5.401887 32.1818 65.6574 0.50196 0.43137 0.36471
v -12.72855 31.34172 64.42337 0.47059 0.40392 0.35294
v -21.02946 29.51253 65.14631 0.47059 0.41961 0.36471
v -12.84904 32.60241 62.83232 0.50588 0.44706 0.37647
v -14.90239 33.67997 60.4942 0.48235 0.43529 0.38824
v -23.86418 28.76295 66.09634 0.51373 0.44706 0.37647
v -22.16485 32.2465 61.60387 0.51373 0.46275 0.39216
v -19.68897 31.89437 62.3351 0.46667 0.41569 0.36863
v -16.99031 31.84997 63.09875 0.49804 0.43529 0.37255
v -24.17559 31.6666 61.68689 0.51373 0.45882 0.39216
v -29.1123 24.76489 70.57318 0.45490 0.39216 0.34118
v -29.64463 25.88414 68.88874 0.54118 0.45882 0.36863
v -25.50687 26.94118 67.72429 0.47059 0.41569 0.35686
v -22.92343 30.54074 63.74985 0.53333 0.46667 0.39216
v -25.0121 29.56434 64.51867 0.45098 0.40392 0.36078
v -29.63516 28.77043 64.87172 0.56863 0.48627 0.38824
v -27.31617 31.15958 61.53934 0.53725 0.47451 0.39216
v -28.35392 29.63525 63.66559 0.48627 0.43529 0.37647
v -29.21471 27.70178 66.37454 0.50196 0.43529 0.36471
v -30.29063 22.8355 72.54982 0.51373 0.43922 0.34902
v -32.68407 25.54356 68.97903 0.50588 0.43137 0.36078
v -31.86693 27.65955 65.97242 0.56471 0.48627 0.39608
v -35.04692 28.42791 64.18329 0.52941 0.45490 0.37647
v -36.10283 20.4362 73.39277 0.39216 0.36471 0.32941
v -34.6048 23.61016 70.95714 0.48235 0.41961 0.36078
v -37.1439 22.62442 71.36571 0.51373 0.43529 0.35686
v -40.2158 18.86483 74.96989 0.39216 0.36863 0.33333
v -41.71943 19.71989 72.39959 0.42353 0.39216 0.34902
v -39.47404 20.98514 71.85668 0.48627 0.41961 0.35294
v -36.18524 25.63171 68.18762 0.53725 0.47451 0.39608
v -46.40432 20.77791 69.82712 0.52549 0.45490 0.38431
v -41.82646 22.74068 69.91829 0.56078 0.48235 0.38431
v -43.77637 23.6364 68.24777 0.55686 0.47451 0.38431
v -46.32841 24.30766 66.11093 0.52157 0.45882 0.38431
v -46.40617 18.27153 72.89611 0.41176 0.36471 0.31765
v -48.37379 20.17732 68.92983 0.55294 0.46275 0.38039
v -48.43467 19.54381 71.24639 0.56471 0.47451 0.38824
v -41.83887 18.95401 74.6023 0.38039 0.34902 0.31373
v -41.67769 20.26794 76.18421 0.48235 0.45098 0.40784
v -38.79591 24.27648 81.71947 0.51373 0.46275 0.40392
v -49.9501 23.42104 78.6876 0.61961 0.52549 0.41569
v -48.4199 26.20441 82.98377 0.46667 0.41176 0.34510
v -49.97292 17.50257 71.91865 0.42353 0.40392 0.38039
v -51.97491 17.68933 69.84209 0.39608 0.36863 0.34902
v -56.16047 17.56819 70.5394 0.45490 0.40392 0.35686
v -66.59439 16.24364 68.79917 0.44314 0.41569 0.38039
v -87.02619 13.70983 64.67618 0.41961 0.39608 0.35294
v -91.43371 14.27093 61.19703 0.51373 0.46667 0.39216
v -87.73736 15.04929 62.26482 0.56471 0.50588 0.40392
v -83.11656 15.24247 63.17771 0.56078 0.48235 0.37647
v 14.22965 33.23908 71.28347 0.49412 0.43137 0.36471
v 11.38686 33.59029 69.79542 0.54510 0.48627 0.40392
v -2.759068 32.20155 66.87176 0.47451 0.42353 0.36471
v -10.90325 34.34753 60.75017 0.45882 0.41569 0.34902
v -18.26558 33.4651 60.20213 0.46275 0.42745 0.38824
v -16.28833 34.93359 57.46518 0.43922 0.40000 0.33725
v -21.09987 33.80429 59.07049 0.51765 0.45490 0.37647
v -27.82193 35.67494 53.07241 0.49412 0.44314 0.38431
v -30.26087 30.96145 61.3072 0.50588 0.45098 0.38431
v -36.69642 27.34821 65.51334 0.50588 0.44314 0.37647
v -39.17417 25.23886 67.90992 0.55686 0.48627 0.39608
v -39.0244 23.72637 69.60629 0.54510 0.47059 0.38431
v -45.26101 25.52767 65.23216 0.53725 0.47059 0.38824
v -47.59487 25.71127 63.57386 0.48627 0.43137 0.36863
v -42.09167 27.3439 63.70908 0.50588 0.44706 0.38039
v -42.21369 25.7769 65.97353 0.56863 0.49412 0.39608
v -38.7155 28.17495 63.9022 0.53333 0.46667 0.38824
v -40.80951 28.8498 61.91625 0.51373 0.44706 0.38039
v -38.54529 29.89739 61.08079 0.53725 0.47059 0.39608
v -43.66541 29.79128 59.41221 0.46667 0.41961 0.37255
v -45.42189 27.52371 62.13259 0.51373 0.44706 0.38039
v -51.80025 24.95697 62.64924 0.52941 0.47059 0.38824
v -49.00579 23.03229 66.43839 0.54118 0.46667 0.38039
v -52.00428 23.24716 64.98616 0.52941 0.45882 0.38039
v -50.26152 20.57719 75.34422 0.52941 0.46275 0.39216
v -49.48755 20.79276 73.90771 0.56471 0.47843 0.37647
v -56.34546 18.11509 68.30788 0.42745 0.38431 0.33725
v -60.78858 19.49961 66.05656 0.47843 0.42353 0.36471
v -57.63528 21.96751 64.57238 0.49412 0.43529 0.36863
v -60.39247 22.33299 63.06553 0.52941 0.46275 0.37647
v -48.99276 17.98479 69.13914 0.40784 0.38039 0.33725
v -51.57064 21.58438 66.93717 0.50588 0.44314 0.37647
v -54.51331 23.03831 64.68292 0.53725 0.47059 0.39216
v -59.12723 17.22702 69.95406 0.47059 0.43529 0.39608
v -60.75316 17.20374 68.78992 0.48627 0.46275 0.42745
v -66.67679 17.03162 66.2799 0.48627 0.43137 0.36863
v -68.56133 18.45338 64.11101 0.52549 0.47059 0.39216
v -74.97433 17.35872 62.8149 0.47059 0.41569 0.34902
v -80.54168 18.00942 59.92177 0.52941 0.45490 0.35686
v -77.65618 17.79519 61.36076 0.46667 0.41176 0.35294
v -71.80249 18.07635 63.36534 0.47843 0.43137 0.36471
v -72.17392 19.67462 61.23726 0.49020 0.43137 0.36078
v -68.92442 20.26483 62.05522 0.52941 0.45490 0.37647
v -65.45656 18.85279 64.90073 0.50588 0.44706 0.37255
v -67.01691 20.73505 62.16705 0.57647 0.49412 0.38824
v -114.6416 12.87017 51.809 0.45490 0.40392 0.34902
v -112.8097 10.36231 58.24789 0.54510 0.45098 0.33725
v -111.8241 10.51386 59.14596 0.39216 0.33333 0.29020
v -118.1756 24.37819 58.09679 0.35294 0.29020 0.24706
v -106.0135 28.16097 58.80598 0.32157 0.27843 0.24706
v -106.3091 32.30623 50.13191 0.36863 0.32157 0.28235
v -117.4611 28.23209 51.12479 0.40000 0.34118 0.28235
v 1.054878 32.00211 68.32244 0.50196 0.43922 0.37647
v 3.864861 32.70729 68.57965 0.52157 0.45098 0.38431
v 7.721739 32.25937 70.76002 0.49804 0.44314 0.37647
v 4.692719 34.27456 65.81923 0.54118 0.47059 0.39216
v -2.10743 33.8385 64.5382 0.49804 0.44314 0.38039
v 1.781243 33.81702 65.8369 0.52157 0.46275 0.38431
v -4.280638 33.72801 63.83497 0.47451 0.42353 0.36471
v -6.422382 33.74028 62.83148 0.51373 0.45882 0.39216
v -8.832562 33.68773 62.31513 0.51373 0.45882 0.38824
v -13.15258 34.84594 58.71575 0.44706 0.40392 0.35686
v -15.27234 36.03142 55.13019 0.50980 0.43922 0.36471
v -19.30772 35.29246 56.18229 0.42745 0.38824 0.34118
v -20.36116 36.1912 54.31601 0.46667 0.41961 0.36471
v -23.19263 35.91384 53.7243 0.48235 0.41961 0.36078
v -20.88956 36.90234 51.96955 0.52157 0.45882 0.38039
v -17.50681 37.00131 52.34763 0.46275 0.41569 0.36078
v -25.17717 37.02266 50.50111 0.49020 0.43137 0.35686
v -12.97209 36.89593 53.64507 0.49804 0.45098 0.38824
v -12.05985 35.61614 57.45902 0.46275 0.41176 0.36471
v -17.03511 38.20822 48.24531 0.55294 0.49412 0.41176
v -23.05554 37.56238 49.08437 0.53725 0.47059 0.38824
v -31.93531 35.78535 51.41437 0.50196 0.43529 0.37255
v -29.18836 37.01862 48.97162 0.53725 0.45490 0.35686
v -29.72476 38.38153 43.95415 0.51765 0.44706 0.37255
v -33.25064 36.8186 48.06565 0.56078 0.49412 0.39608
v -33.13109 37.63895 44.98495 0.50980 0.44706 0.38039
v -34.54787 35.17112 52.34904 0.55686 0.47451 0.38431
v -37.23631 34.68362 53.63492 0.48627 0.43137 0.38039
v -30.38246 35.47633 53.05087 0.54118 0.47059 0.38824
v -37.41288 -8.972253 -42.89417 0.45098 0.42353 0.38824
v -34.64176 -14.7966 -44.13067 0.49412 0.44314 0.38431
v -29.47603 -13.76875 -43.4933 0.54902 0.47059 0.38431
v -29.91338 -11.55723 -43.17448 0.58431 0.50588 0.40784
v -29.98576 -8.691454 -42.272 0.48235 0.45098 0.39216
v -26.67357 -6.74535 -41.72402 0.54902 0.48627 0.39608
v -22.38307 -7.351274 -41.92001 0.55294 0.48235 0.40000
v -23.97678 -8.330219 -42.27416 0.60392 0.51765 0.40392
v -25.10571 -7.001199 -41.79662 0.54902 0.48627 0.40392
v -20.31227 -5.283925 -41.26692 0.54118 0.48235 0.39608
v -33.64686 -12.29349 -43.72045 0.54510 0.50196 0.41961
v -36.24541 -10.32777 -43.19354 0.50588 0.47059 0.41176
v -35.18538 -7.66448 -42.24973 0.53333 0.47843 0.40784
v -33.28594 -9.897298 -42.93512 0.56078 0.47059 0.38039
v -33.60968 -7.918651 -42.31367 0.53333 0.48235 0.40392
v -29.73197 -6.688685 -41.73848 0.54510 0.47843 0.38824
v -33.87529 -5.36556 -41.41862 0.57647 0.50196 0.40392
v -36.99527 -3.867037 -41.13369 0.47843 0.44706 0.40000
v -37.90688 -0.7931767 -39.82107 0.50980 0.46667 0.41176
v -38.69474 1.857369 -38.28961 0.54902 0.49020 0.40784
v -28.91611 -5.024113 -41.04224 0.56471 0.49020 0.39216
v -27.91355 -3.024295 -40.30965 0.51765 0.47059 0.41176
v -27.04222 -4.222875 -40.98169 0.58039 0.50196 0.40392
v -24.38816 -4.601024 -40.82985 0.53333 0.47059 0.39608
v -21.24162 -3.709065 -40.55904 0.58824 0.51373 0.41569
v -25.72477 -1.886678 -39.77037 0.49804 0.43922 0.36863
v -22.36587 -0.2956183 -39.1511 0.54902 0.48235 0.38824
v -25.96293 -0.1108745 -39.01792 0.50980 0.46275 0.40392
v -17.75208 -2.780846 -40.20854 0.52941 0.47451 0.40392
v -18.87539 -8.39051 -42.4001 0.58824 0.50980 0.40392
v -17.91114 -5.547446 -41.29791 0.50980 0.46667 0.40784
v -15.41742 -4.31175 -41.10416 0.57647 0.51373 0.42745
v -17.31121 -10.2449 -42.81736 0.54510 0.48235 0.39216
v -15.49439 -9.822537 -42.80483 0.49020 0.43137 0.36078
v -15.86699 -6.505909 -41.82288 0.54118 0.47451 0.38824
v -13.52093 -2.932099 -40.42135 0.52549 0.47451 0.41569
v -15.27505 -2.167636 -40.22989 0.53725 0.48235 0.40392
v -15.66134 -0.5703296 -39.36857 0.56471 0.49804 0.39608
v -18.69297 -0.6412424 -39.29795 0.55686 0.49412 0.40392
v -13.39764 -7.187 -42.16486 0.54902 0.48627 0.40000
v -12.24484 -4.856711 -41.37396 0.60392 0.52941 0.40784
v -10.04628 -6.734903 -42.23071 0.53725 0.47843 0.40000
v -10.97455 -2.846198 -40.69889 0.52941 0.47843 0.40784
v -9.323419 -0.4852437 -39.40783 0.54118 0.48235 0.40000
v -8.811199 1.589358 -38.47155 0.55294 0.48235 0.39216
v -11.503 -0.6952013 -39.43759 0.49412 0.43922 0.37255
v -19.17702 2.487184 -37.79774 0.54118 0.48235 0.40392
v -24.29392 2.398051 -37.96318 0.54118 0.48627 0.41176
v -20.90367 8.217633 -34.33112 0.57255 0.51765 0.43137
v -24.25776 5.086746 -36.6155 0.58039 0.51373 0.41961
v -24.9754 7.764903 -34.61144 0.56078 0.49804 0.40784
v -26.48037 4.397768 -36.8305 0.50588 0.47059 0.41569
v -27.70217 6.884967 -35.27615 0.51765 0.46275 0.39608
v -28.831 9.08719 -33.77168 0.57255 0.50196 0.40000
v -25.5161 10.36231 -32.79121 0.56078 0.49804 0.40000
v -28.13092 10.42121 -32.82835 0.56078 0.50588 0.41176
v -31.32876 9.835194 -33.21615 0.54902 0.49412 0.42353
v -33.45328 7.595475 -34.77259 0.51765 0.47059 0.40392
v -33.58219 10.23552 -32.95746 0.52549 0.48627 0.41569
v -34.7245 10.85511 -32.52102 0.54118 0.48627 0.40000
v -32.49986 14.65263 -28.98219 0.60392 0.52157 0.41569
v -31.28013 12.74457 -30.71625 0.58039 0.51373 0.41961
v -29.19267 11.5313 -31.89555 0.54510 0.49412 0.41569
v -29.58755 14.22965 -29.40313 0.56471 0.50196 0.41176
v -26.39557 13.13428 -30.3836 0.55294 0.48627 0.40000
v -22.85931 13.65292 -29.94864 0.56078 0.49412 0.40000
v -23.32411 16.1244 -27.45031 0.58431 0.50980 0.41569
v -30.03908 17.10498 -26.45606 0.56078 0.49412 0.40392
v -38.09402 9.293609 -33.27564 0.48235 0.43137 0.38039
v -36.77771 7.833593 -34.34112 0.47451 0.42745 0.36471
v -40.35533 9.321775 -33.40664 0.50196 0.44314 0.38039
v -39.35625 7.11496 -34.8737 0.44706 0.38431 0.31765
v -36.49702 11.88256 -31.36057 0.56078 0.49412 0.40392
v -40.83092 10.92579 -32.45564 0.54902 0.49804 0.42745
v -38.61956 13.22903 -30.60082 0.58039 0.50980 0.42353
v -38.34488 14.84885 -29.1086 0.54902 0.49020 0.41569
v -39.23949 16.45732 -27.61946 0.53725 0.48627 0.41569
v -36.01409 16.91433 -26.84544 0.52549 0.48235 0.41176
v -33.12554 17.54186 -25.98763 0.54510 0.49020 0.40392
v -27.95756 17.0871 -26.55301 0.56471 0.50588 0.41569
v -26.45837 15.96238 -27.64715 0.54902 0.50196 0.41961
v -27.38044 18.7518 -24.47022 0.50980 0.46275 0.40000
v -24.39993 17.62823 -25.76875 0.58824 0.51765 0.42353
v -25.09871 19.58813 -23.56299 0.52941 0.46667 0.38824
v -19.61676 15.47293 -28.14322 0.60392 0.52157 0.41961
v -20.17404 12.48466 -31.08995 0.59608 0.51373 0.41569
v -21.89463 11.02777 -32.29149 0.56863 0.50588 0.41569
v -16.26353 10.44773 -32.59819 0.56078 0.49804 0.41569
v -17.21223 12.96416 -30.49004 0.58039 0.51373 0.41569
v -22.39262 19.60573 -23.52865 0.54902 0.49412 0.41176
v -20.83544 22.11867 -19.99918 0.58824 0.50980 0.41569
v -25.56364 23.27659 -18.6966 0.57255 0.50980 0.41569
v -20.88799 23.7089 -17.8198 0.56471 0.50196 0.41961
v -26.84194 21.23878 -21.62061 0.58824 0.52941 0.44706
v -31.11215 22.48962 -20.0972 0.60000 0.51765 0.41569
v -31.30198 20.26318 -22.79853 0.56863 0.49412 0.40000
v -38.21641 18.67214 -25.18561 0.57255 0.50588 0.41176
v -35.61253 19.62604 -23.37576 0.60784 0.51373 0.40000
v -33.84068 21.78336 -21.03899 0.54118 0.49804 0.42353
v -23.11081 25.69425 -15.32767 0.57255 0.51765 0.43137
v -18.95355 24.95288 -16.35184 0.60000 0.51765 0.41569
v -17.6972 26.86928 -13.82986 0.60000 0.51373 0.40392
v -20.50095 27.53268 -12.74846 0.58431 0.51765 0.42353
v -23.26606 27.11584 -13.43461 0.59216 0.52157 0.42353
v -20.73948 29.14762 -10.18648 0.58039 0.51373 0.42353
v -23.4982 29.3115 -9.69726 0.56078 0.50196 0.41176
v -21.61773 30.57213 -7.384108 0.60392 0.52549 0.42353
v -19.25675 30.86466 -7.268024 0.61176 0.52941 0.42745
v -16.9325 29.59196 -9.765733 0.57647 0.50588 0.41176
v -17.47059 19.75295 -23.01452 0.61176 0.51765 0.41176
v -16.1651 28.12207 -12.03699 0.57647 0.50980 0.42353
v -12.18661 27.66107 -13.02909 0.55294 0.47059 0.38824
v -15.17384 25.31823 -16.12418 0.51765 0.46667 0.40784
v -11.30616 25.34114 -16.29276 0.54902 0.48627 0.40000
v -16.56746 22.57837 -19.49016 0.57647 0.49412 0.39608
v -13.04088 22.1904 -20.08441 0.55294 0.50196 0.42353
v -14.16917 20.33998 -22.50941 0.59608 0.51373 0.41569
v -14.2519 16.07086 -27.53993 0.53725 0.47843 0.41176
v -16.54475 17.24626 -26.06551 0.57647 0.49804 0.40000
v -14.54986 18.83345 -24.35454 0.52941 0.45882 0.36863
v -19.74752 18.49812 -24.49046 0.52157 0.45490 0.36471
v -9.919136 19.67651 -23.37294 0.55686 0.49020 0.38431
v -5.042447 21.95445 -20.92155 0.56471 0.50196 0.41569
v -9.682689 21.68899 -21.09695 0.59216 0.50588 0.40000
v -8.980382 16.9638 -26.33948 0.56078 0.49020 0.39608
v -11.8014 17.84387 -25.50391 0.56078 0.49412 0.40784
v -5.897385 15.23621 -28.3721 0.58039 0.50196 0.40392
v -8.146078 14.07061 -29.29135 0.60784 0.51765 0.41176
v -13.19165 12.91572 -30.54748 0.52941 0.47451 0.40000
v -7.596385 11.81702 -31.2539 0.59216 0.50980 0.40000
v -9.174832 9.8615 -32.9498 0.56078 0.49412 0.40392
v -11.86953 11.31823 -31.57997 0.59608 0.50980 0.40392
v -11.75467 8.255941 -34.22536 0.53333 0.48235 0.41176
v -9.276308 7.240802 -34.94708 0.57647 0.50196 0.40392
v -11.24392 14.31643 -29.20328 0.58039 0.49804 0.40000
v -15.61436 14.47641 -29.04179 0.54510 0.47843 0.40392
v -16.99081 7.6122 -34.89888 0.50980 0.45490 0.39216
v -17.66736 5.792932 -36.10216 0.56471 0.49020 0.39608
v -21.3024 5.159442 -36.46874 0.55686 0.50196 0.41569
v -28.15639 2.248294 -37.86468 0.57255 0.50196 0.41569
v -28.85944 -1.673061 -39.67129 0.52157 0.47059 0.41569
v -29.80357 -2.939219 -40.362 0.54118 0.48627 0.41176
v -30.50075 -1.98672 -39.7257 0.52941 0.45882 0.37647
v -30.49745 0.7237688 -38.78424 0.53725 0.49412 0.42745
v -31.70684 2.077783 -38.06385 0.49412 0.43922 0.38431
v -35.22057 -20.19148 -44.93558 0.44706 0.40784 0.36863
v -70.13099 7.365068 -34.09991 0.60784 0.52157 0.41569
v -65.5527 11.1838 -30.71715 0.57647 0.51765 0.41961
v -67.33199 7.977584 -33.64768 0.58431 0.50196 0.40000
v -68.20085 13.413 -28.14105 0.60784 0.53333 0.43137
v -72.65669 13.98479 -27.40455 0.63137 0.54118 0.42353
v -73.71932 15.57638 -25.42095 0.58824 0.52157 0.42353
v -79.39929 18.33734 -21.30916 0.62353 0.53725 0.43137
v -82.22259 17.90768 -21.71946 0.58824 0.50980 0.41569
v -77.48411 17.30963 -23.27713 0.62745 0.54902 0.43529
v -76.57163 18.81489 -21.24036 0.62745 0.52549 0.41176
v -76.28049 20.54614 -18.01742 0.57255 0.49412 0.38431
v -63.75655 11.73602 -30.28462 0.54902 0.49412 0.40392
v -61.5561 14.34595 -27.57927 0.57255 0.50588 0.40784
v -64.21672 13.43976 -28.47662 0.54510 0.49804 0.42745
v -65.89522 15.38646 -26.17353 0.58039 0.50980 0.42353
v -60.57436 12.4793 -29.62437 0.56471 0.50588 0.41569
v -58.21481 13.18764 -28.93632 0.59608 0.52157 0.43137
v -57.67233 11.73357 -30.61296 0.51765 0.46667 0.38824
v -55.26602 6.68576 -34.63096 0.52941 0.47451 0.40392
v -53.56725 5.84361 -35.46147 0.59608 0.52549 0.42745
v -48.07546 4.764999 -36.12443 0.50196 0.45490 0.39216
v -48.54506 6.253448 -35.13999 0.50980 0.46667 0.40784
v -50.19082 4.664179 -36.32613 0.54902 0.49412 0.41569
v -51.16434 6.330241 -35.0941 0.56078 0.49804 0.41176
v -43.80646 6.327796 -35.30459 0.50588 0.45490 0.40000
v -45.59417 7.531076 -34.33156 0.46667 0.41961 0.35294
v -42.073 8.321928 -34.07141 0.50588 0.44314 0.37255
v -41.79188 17.92124 -25.93899 0.57647 0.51373 0.41569
v -44.41147 19.16988 -23.88475 0.56863 0.51373 0.43529
v -37.18256 20.9284 -22.21421 0.59608 0.52157 0.41961
v -40.41197 20.48289 -22.65703 0.55294 0.49020 0.40000
v -38.17528 22.28907 -20.52717 0.61176 0.52941 0.42353
v -33.99751 23.30996 -18.78636 0.56078 0.49412 0.40392
v -39.16838 23.8353 -17.83764 0.56078 0.50196 0.42353
v -30.00379 25.37959 -15.76359 0.54118 0.49412 0.42745
v -33.51764 24.89941 -16.15699 0.55686 0.50588 0.43137
v -30.26079 26.53646 -13.71329 0.50196 0.43922 0.36863
v -35.26508 26.67261 -13.45082 0.53333 0.47451 0.40000
v -35.62324 25.43049 -15.35652 0.56471 0.49412 0.40392
v -26.15558 25.90681 -15.29072 0.55686 0.50980 0.43922
v -24.95363 30.23642 -7.464661 0.58824 0.51373 0.41961
v -25.36207 29.11464 -9.784779 0.54118 0.48235 0.40392
v -27.44182 31.2826 -5.298616 0.58039 0.51765 0.43137
v -23.74355 31.73579 -4.777356 0.59216 0.51765 0.41569
v -27.48212 32.2614 -3.270704 0.56078 0.50196 0.41961
v -28.08762 29.73726 -8.01618 0.55294 0.49412 0.41176
v -30.95337 30.95038 -5.732734 0.57647 0.50980 0.42353
v -33.63377 30.82489 -5.463074 0.54118 0.48235 0.40000
v -28.52871 28.36865 -10.74115 0.52549 0.45882 0.38431
v -31.68045 28.96546 -9.328512 0.53725 0.48627 0.41961
v -25.79615 27.91147 -12.04738 0.55686 0.49412 0.40000
v -27.73892 26.94401 -13.37407 0.58824 0.50980 0.41176
v -30.29016 27.6355 -11.86263 0.54510 0.47451 0.37647
v -33.86163 28.09945 -10.98579 0.56078 0.49804 0.41176
v -35.14702 29.95269 -7.211378 0.56078 0.49804 0.41176
v -36.71974 28.1082 -10.61846 0.51373 0.46275 0.40000
v -51.85948 3.232145 -37.09335 0.54118 0.47843 0.38824
v -57.71343 7.593592 -34.19179 0.59216 0.50980 0.40000
v -58.86711 10.27369 -31.91565 0.58039 0.50588 0.40784
v -54.41497 9.890658 -32.27797 0.59216 0.52549 0.43529
v -52.21383 9.178314 -32.85495 0.56863 0.50196 0.42353
v -45.15867 11.5046 -31.57808 0.53333 0.48627 0.41569
v -44.74852 9.917181 -32.74165 0.47843 0.44706 0.40784
v -47.54519 8.155389 -33.69667 0.47843 0.44706 0.40000
v -49.75696 10.23996 -32.22615 0.55686 0.50196 0.43137
v -49.20163 8.693662 -33.49397 0.55686 0.50196 0.43137
v -51.03727 11.56546 -30.91906 0.55686 0.50196 0.41961
v -54.82268 12.82454 -29.5947 0.54902 0.48627 0.41569
v -55.93938 15.81208 -26.17257 0.57647 0.51765 0.43137
v -56.8056 17.88031 -23.55889 0.56471 0.50588 0.42353
v -53.33485 15.32522 -26.90974 0.54510 0.49804 0.42745
v -51.9199 16.88671 -25.35597 0.50588 0.46667 0.41176
v -50.53994 13.85434 -28.73859 0.58039 0.50196 0.39608
v -57.46396 14.64081 -27.3047 0.57647 0.52157 0.44314
v -47.10017 10.58109 -32.14493 0.49412 0.45490 0.39608
v -43.25662 15.34951 -28.53577 0.56863 0.50588 0.42353
v -41.95905 13.41665 -30.52866 0.53333 0.49020 0.41961
v -46.71207 20.96165 -21.09971 0.54902 0.50196 0.43137
v -46.60312 17.55644 -25.38977 0.56863 0.50980 0.42353
v -45.84935 13.04362 -30.24979 0.53333 0.49020 0.41569
v -47.56298 14.48776 -28.86945 0.50196 0.45490 0.38824
v -49.10329 17.76575 -24.71161 0.49412 0.44706 0.39216
v -49.34089 19.97609 -21.71166 0.55686 0.49412 0.41176
v -45.55504 23.1926 -18.25835 0.60000 0.51373 0.40392
v -41.45808 24.75902 -15.96784 0.57647 0.49804 0.39608
v -43.19791 23.01352 -18.91013 0.58039 0.50980 0.41961
v -48.26686 22.69264 -18.42992 0.56863 0.50588 0.42745
v -35.90918 5.187694 -36.17534 0.57647 0.51765 0.43137
v -31.5792 4.545467 -36.74586 0.59216 0.51765 0.42353
v -34.73117 -1.973775 -40.15629 0.52941 0.48235 0.40000
v -69.87615 4.934239 -36.13081 0.60000 0.52941 0.42353
v -48.34542 12.16271 -30.67282 0.54510 0.49804 0.42353
v -49.31924 15.72825 -26.99983 0.50588 0.46275 0.39216
v -50.28838 17.41362 -25.10441 0.53333 0.47843 0.40392
v -54.00708 18.00401 -23.78611 0.49804 0.45490 0.40000
v -52.53231 20.25906 -21.07442 0.50980 0.46667 0.40784
v -54.22568 21.04089 -19.83362 0.55294 0.50196 0.43529
v -51.12043 19.45736 -22.20636 0.59216 0.52157 0.42745
v -53.79658 22.75101 -17.38777 0.58039 0.51373 0.42745
v -55.19344 19.64857 -21.69656 0.50980 0.45882 0.39608
v -56.64802 19.36244 -21.48551 0.51373 0.45490 0.38039
v -57.81848 19.89674 -21.184 0.58039 0.52157 0.43529
v -60.55945 16.86957 -24.59918 0.54510 0.49020 0.41176
v -66.2153 16.84709 -24.19344 0.62353 0.54118 0.44314
v -69.73007 15.87789 -25.34466 0.62353 0.52941 0.41176
v -74.01793 17.55725 -22.92453 0.61961 0.52941 0.41176
v -72.59398 18.83577 -21.02264 0.60784 0.52549 0.41961
v -70.78451 16.80427 -24.02963 0.59216 0.51373 0.41176
v -66.4247 18.23462 -22.41531 0.58039 0.50980 0.41961
v -63.50867 17.32717 -23.88309 0.62353 0.54902 0.44706
v -57.07327 21.63134 -18.83839 0.55294 0.50196 0.43922
v -59.0608 22.7816 -16.4486 0.57647 0.52157 0.44706
v -58.53631 22.00807 -17.91807 0.58824 0.50980 0.41176
v -59.623 20.3433 -20.09198 0.58039 0.51765 0.43137
v -61.92884 22.7452 -16.09276 0.60000 0.53333 0.44314
v -60.70417 23.98675 -14.16712 0.49412 0.44314 0.38431
v -61.32138 21.45889 -18.24813 0.57255 0.51373 0.42745
v -65.45682 23.49224 -14.66868 0.54902 0.49020 0.40784
v -64.64467 22.60903 -16.04084 0.54510 0.48235 0.40392
v -65.46883 21.56156 -17.60886 0.52549 0.47451 0.40392
v -67.81791 21.4559 -17.35033 0.61569 0.54510 0.44706
v -72.01386 22.65991 -14.94209 0.60000 0.51373 0.41569
v -71.0338 20.61777 -18.38474 0.56863 0.49412 0.39216
v -71.05725 18.83181 -21.52239 0.58824 0.52549 0.43529
v -68.57171 20.2368 -19.41156 0.59608 0.51373 0.41176
v -63.45491 21.13208 -18.72421 0.61569 0.52941 0.42745
v -61.86936 19.34385 -21.38755 0.53725 0.49020 0.41961
v -60.98441 18.17384 -22.99096 0.57647 0.50588 0.41176
v -86.44893 19.13434 -19.25622 0.56078 0.49804 0.39608
v -78.63335 20.53754 -18.20636 0.58824 0.51765 0.42745
v -9.939736 -23.9914 -44.86018 0.48235 0.43529 0.38431
v -170.8221 13.13113 17.77331 0.56471 0.50196 0.39608
v -170.9921 9.229081 15.84008 0.38824 0.35294 0.30980
v -170.3294 9.654472 24.34244 0.62353 0.54510 0.43922
v -170.2625 7.628859 21.60832 0.41569 0.39216 0.36078
v -167.808 5.113426 26.96495 0.58824 0.51373 0.41569
v -165.5157 2.868102 31.01733 0.51373 0.44314 0.38824
v -164.1994 2.319077 32.5973 0.54902 0.47451 0.39608
v -167.402 0.8486643 32.52674 0.44314 0.38824 0.36078
v -166.0933 -0.831145 35.03894 0.57255 0.49804 0.41176
v -163.763 1.18316 34.20496 0.54510 0.47451 0.39608
v -165.5089 0.8543173 33.60531 0.51373 0.45882 0.39608
v -168.9157 11.63427 7.5332 0.50196 0.43529 0.37647
v -157.4856 14.81987 13.6681 0.53725 0.46667 0.39216
v -158.9105 14.59028 12.80606 0.54118 0.49020 0.42353
v -160.1528 13.86004 14.23805 0.56078 0.50588 0.42745
v -162.0637 13.17007 13.99195 0.57647 0.50588 0.41961
v -158.1315 14.37906 15.19928 0.52157 0.47059 0.40000
v -155.858 15.244 14.53449 0.55686 0.49412 0.40000
v -154.8928 15.43515 15.91554 0.58431 0.51373 0.42353
v -156.1854 14.67469 16.52534 0.56078 0.49020 0.40392
v -152.4177 16.16214 16.31346 0.55686 0.49412 0.40784
v -149.8295 16.97437 16.93196 0.57255 0.50588 0.41569
v -151.1238 16.46835 17.46058 0.54510 0.48627 0.40784
v -155.2406 14.72615 17.93233 0.58039 0.50980 0.41176
v -155.7914 14.24225 19.36543 0.55686 0.49804 0.41569
v -157.4768 13.81165 17.62864 0.60784 0.52549 0.42745
v -156.5365 13.3173 20.90625 0.55686 0.50196 0.42745
v -152.6746 15.61336 17.83748 0.55686 0.49804 0.42353
v -153.9295 14.91646 19.69165 0.56471 0.50588 0.42353
v -151.4549 15.8008 19.64974 0.51373 0.46667 0.40784
v -149.484 16.48422 20.33573 0.53725 0.47451 0.40392
v -151.1693 15.18029 22.29739 0.53333 0.47843 0.41176
v -149.6781 15.35219 23.14901 0.52941 0.47451 0.40784
v -147.1283 16.70481 22.15277 0.52549 0.47059 0.40392
v -147.7535 17.30506 19.74642 0.52549 0.47451 0.41176
v -148.1174 17.80293 17.40631 0.52549 0.47843 0.41176
v -146.3504 18.16093 17.63899 0.52941 0.49020 0.42353
v -143.8733 18.98185 17.39003 0.54902 0.50588 0.42353
v -144.2507 18.41978 19.12713 0.51373 0.47059 0.41176
v -143.2875 17.81109 22.79225 0.55294 0.50588 0.43529
v -150.6616 16.26058 18.56699 0.53725 0.47451 0.40392
v -147.6779 18.25487 15.57051 0.55294 0.49412 0.41569
v -140.485 20.19397 15.89485 0.58824 0.53333 0.45490
v -141.3185 20.39255 13.90739 0.53333 0.48235 0.41961
v -142.709 20.21403 7.35703 0.53333 0.49412 0.41569
v -143.7672 19.95432 10.56043 0.48235 0.44706 0.40784
v -145.4251 19.08238 14.30449 0.55294 0.49020 0.42353
v -134.062 22.65727 13.67141 0.54902 0.49412 0.41961
v -129.2026 23.76546 10.81412 0.55686 0.50196 0.43137
v -128.9355 23.59112 6.930587 0.56471 0.50588 0.43529
v -131.3043 23.14819 12.14943 0.55294 0.49804 0.42745
v -131.513 22.99907 14.21709 0.53725 0.48627 0.42353
v -125.1179 24.69105 11.70314 0.56078 0.49804 0.40784
v -126.6008 24.40842 14.47896 0.52157 0.46667 0.39216
v -124.4515 24.76148 16.52891 0.52941 0.49020 0.41176
v -126.5277 24.3827 16.39626 0.53333 0.49020 0.41569
v -132.2002 22.7295 15.86427 0.48235 0.43529 0.38039
v -136.9128 20.81396 18.96799 0.56863 0.51373 0.44314
v -136.2098 20.63217 20.97513 0.56078 0.50196 0.42353
v -137.4647 19.57731 22.97711 0.51765 0.47059 0.40784
v -138.7746 19.69317 20.60121 0.50980 0.47059 0.41569
v -138.6796 18.81731 24.27334 0.55686 0.50588 0.43137
v -140.1753 19.67385 18.50317 0.50980 0.45882 0.39608
v -141.0472 18.70674 21.91041 0.53333 0.48235 0.41176
v -139.0126 17.77913 26.44501 0.49412 0.44706 0.41176
v -135.6419 19.40502 25.61472 0.45098 0.41569 0.37647
v -137.2489 18.04949 27.18259 0.51765 0.47451 0.40784
v -135.3708 18.05642 29.21772 0.51765 0.46667 0.40000
v -133.747 17.62999 31.6122 0.48627 0.43529 0.37647
v -136.0528 16.7428 31.59027 0.54118 0.49020 0.41961
v -134.5907 19.0416 27.67364 0.53725 0.49020 0.43529
v -135.2873 20.43199 23.16256 0.53333 0.48235 0.40784
v -132.5258 20.33828 26.3975 0.52549 0.49020 0.43137
v -132.388 20.84721 24.91812 0.49412 0.45882 0.41961
v -133.2552 21.08327 22.72242 0.42745 0.39608 0.35294
v -132.4352 22.11353 19.57409 0.50196 0.44706 0.39216
v -134.4611 21.98554 17.35231 0.52549 0.49412 0.43529
v -130.7302 22.8235 19.01165 0.49804 0.45882 0.40392
v -129.2627 23.42649 17.73556 0.54902 0.49020 0.41569
v -134.7071 21.57729 19.75693 0.51765 0.47843 0.42745
v -131.7193 21.41293 23.43174 0.43529 0.40000 0.35294
v -133.4175 21.34091 21.0345 0.55686 0.50588 0.42745
v -130.3188 22.12718 23.18889 0.47843 0.44706 0.40000
v -128.2457 22.66082 23.99636 0.48235 0.43922 0.38824
v -126.6765 23.09217 24.40591 0.50588 0.46275 0.40784
v -130.9491 22.381 21.04406 0.50980 0.46667 0.40000
v -126.8996 23.82506 19.63921 0.59216 0.51765 0.43137
v -121.6806 25.39453 12.98839 0.60784 0.52941 0.42745
v -125.1091 24.40944 8.813139 0.55686 0.50980 0.43529
v -124.1009 24.9308 14.71258 0.56863 0.50980 0.43529
v -124.2321 24.41529 19.86364 0.56078 0.50980 0.43922
v -121.9824 25.24548 17.65688 0.56863 0.51373 0.43137
v -121.1907 25.11529 20.9609 0.58431 0.50980 0.41961
v -124.1363 24.27655 6.054049 0.60784 0.52941 0.42353
v -119.2743 24.27808 2.802929 0.58431 0.51373 0.41569
v -121.0717 24.38059 4.3496 0.57255 0.51373 0.42745
v -121.8478 25.0739 8.652649 0.58824 0.50980 0.42353
v -118.7907 25.85433 15.90558 0.58824 0.50980 0.41569
v -116.4496 26.31689 17.06777 0.57255 0.50588 0.40784
v -116.3952 25.93841 11.84894 0.56863 0.49412 0.39216
v -117.4735 25.58025 8.612481 0.57647 0.50196 0.41569
v -115.8518 24.80324 4.200932 0.63529 0.53333 0.42745
v -112.9631 25.38838 4.069773 0.59216 0.52941 0.43922
v -119.2793 25.50781 9.527705 0.58039 0.51765 0.43922
v -111.6805 25.08325 2.655943 0.60784 0.54118 0.43922
v -106.7989 26.27218 5.19921 0.59216 0.52549 0.43137
v -102.8844 26.61626 4.583062 0.57255 0.50196 0.40392
v -105.8011 26.46409 6.597875 0.61569 0.53725 0.44314
v -106.787 27.01491 10.26212 0.55294 0.49804 0.43137
v -109.7815 25.95107 5.551223 0.57255 0.50588 0.41176
v -114.7811 25.48321 6.494281 0.60392 0.53333 0.43529
v -117.8007 25.99428 12.93498 0.59216 0.51373 0.41569
v -113.0108 26.09485 8.399991 0.54510 0.48627 0.39608
v -108.2177 26.61887 8.568267 0.60000 0.52157 0.42353
v -115.6333 26.03941 8.800141 0.61961 0.53333 0.41961
v -113.918 26.27736 11.11065 0.56078 0.47843 0.38039
v -104.8226 27.45264 12.48364 0.55294 0.49412 0.41176
v -102.5169 27.10453 7.170485 0.61176 0.52941 0.42745
v -103.2588 27.32443 9.954418 0.62745 0.53333 0.42353
v -98.60301 27.78068 9.127937 0.63137 0.53333 0.41961
v -100.6884 26.86034 4.307116 0.61569 0.54510 0.44706
v -99.32362 26.84297 3.102564 0.58039 0.50980 0.41176
v -95.15248 27.44486 4.00305 0.54118 0.47451 0.38039
v -99.49036 26.17697 0.3797485 0.56078 0.49804 0.41569
v -96.04464 27.94991 6.841328 0.56078 0.49804 0.40784
v -97.07089 26.90411 2.050663 0.62353 0.53333 0.42745
v -98.6622 25.69617 -1.935521 0.64314 0.54118 0.42745
v -93.53198 25.44735 -4.627495 0.62745 0.53725 0.42745
v -95.87138 25.78249 -2.489423 0.57255 0.50196 0.41961
v -94.49388 23.6554 -8.785119 0.57647 0.50980 0.41176
v -110.2391 32.09295 47.54566 0.37647 0.32157 0.28627
v -101.7034 37.47455 38.89617 0.41176 0.36078 0.31373
v -130.9626 16.04074 61.2033 0.41569 0.37255 0.31373
v -129.7014 15.27928 61.74359 0.36078 0.32549 0.29804
v -134.8012 4.616348 51.12096 0.41569 0.36078 0.29804
v -135.0782 7.307047 54.54417 0.45490 0.38824 0.30196
v -132.8746 5.600864 51.56677 0.40392 0.35686 0.29412
v -133.3955 5.75934 50.52529 0.47059 0.38824 0.30980
v -135.4822 5.398967 48.88254 0.51765 0.44706 0.35686
v -147.4889 3.645523 42.2796 0.51373 0.45098 0.38824
v -145.5294 5.300122 41.79169 0.52549 0.46667 0.39216
v -146.9312 6.003842 40.01551 0.56863 0.49412 0.39608
v -142.3885 6.866133 41.82811 0.53333 0.47059 0.39216
v -143.5479 5.813863 42.2429 0.53333 0.46275 0.39216
v -145.7567 7.422646 38.88391 0.52549 0.47059 0.40000
v -144.3771 7.403262 39.84987 0.50196 0.43922 0.38039
v -141.6234 8.312794 40.63534 0.49020 0.43922 0.38824
v -139.5769 8.745961 41.14685 0.51765 0.46275 0.39608
v -138.948 8.485136 42.1467 0.58431 0.50196 0.40784
v -139.9915 6.605204 43.58638 0.45490 0.40784 0.34510
v -141.4883 5.537178 44.08513 0.49412 0.43529 0.35686
v -138.9266 5.48417 45.59395 0.45098 0.40000 0.34118
v -137.5451 7.012937 44.80224 0.51373 0.44706 0.36471
v -135.6704 7.353184 45.52228 0.47843 0.41961 0.34510
v -136.3871 8.242509 44.1399 0.52941 0.46667 0.38824
v -138.6918 7.522238 43.57962 0.50196 0.43529 0.37255
v -141.3369 9.898659 38.66671 0.52549 0.47059 0.40000
v -144.0028 8.865463 38.36962 0.52549 0.47059 0.40392
v -147.9173 6.902092 38.28007 0.57647 0.50196 0.40392
v -147.7298 8.133536 37.32727 0.54510 0.47843 0.40000
v -149.6935 5.047324 39.43317 0.57255 0.49804 0.40784
v -150.9527 5.325704 38.17972 0.55294 0.47059 0.38431
v -148.3627 -0.1581013 47.78165 0.31373 0.28627 0.25882
v -142.9686 1.607288 49.51191 0.31373 0.28235 0.25490
v -155.2715 7.220351 54.5274 0.33725 0.29020 0.25882
v -164.5565 9.161513 47.05459 0.38824 0.32941 0.27843
v -169.8005 8.005417 44.42961 0.34118 0.29020 0.25882
v -160.2925 7.708966 51.09551 0.37647 0.31765 0.25882
v -159.7117 5.044385 52.85166 0.32157 0.29020 0.26275
v -163.1534 4.461804 52.04252 0.30980 0.26275 0.23922
v -165.0999 2.865784 50.97675 0.32157 0.27451 0.24706
v -170.5038 3.655026 48.78024 0.42745 0.38824 0.33333
v -108.1429 20.85756 67.77665 0.35686 0.31765 0.29412
v -130.7031 5.947271 53.28246 0.38824 0.34118 0.29412
v -131.0215 8.917652 47.35572 0.50588 0.44706 0.37647
v -127.26 8.917552 49.87297 0.45098 0.40000 0.34902
v -132.8099 8.563524 46.66897 0.55294 0.49804 0.40000
v -131.6263 10.62278 44.87435 0.54118 0.48235 0.40392
v -133.8857 8.394761 45.77517 0.45098 0.40784 0.34902
v -133.2156 9.457268 45.01413 0.46667 0.42353 0.36863
v -134.3542 9.442294 43.94589 0.49804 0.45098 0.38824
v -137.1149 9.580539 42.24657 0.50588 0.45882 0.40392
v -138.7755 10.51792 39.60701 0.49412 0.45098 0.38431
v -136.683 10.55578 40.97571 0.46667 0.41961 0.37647
v -129.7751 10.63879 45.93711 0.48627 0.43529 0.37255
v -128.6356 10.01107 47.60146 0.44314 0.39608 0.34902
v -138.0296 11.68038 38.72214 0.45490 0.42353 0.38824
v -134.7454 10.27402 42.55082 0.44706 0.40784 0.35686
v -133.1267 10.8747 43.27684 0.50588 0.45490 0.39608
v -133.8252 12.17362 40.83997 0.48627 0.44706 0.39216
v -134.9959 12.49369 39.46945 0.47843 0.43922 0.38039
v -145.1357 9.173298 37.03402 0.53725 0.48235 0.40784
v -143.5192 10.33091 36.48429 0.51765 0.45882 0.38824
v -139.7174 12.00968 36.46313 0.48235 0.44706 0.40392
v -137.783 12.93124 36.59093 0.51373 0.45882 0.39216
v -137.3898 14.89864 33.99075 0.52549 0.46667 0.39608
v -141.9356 11.06506 36.6117 0.50196 0.46275 0.40392
v -147.0882 8.62555 36.46233 0.56471 0.50588 0.41176
v -150.0354 6.354785 37.70353 0.54902 0.48235 0.40784
v -151.5862 6.060791 36.81543 0.56078 0.48627 0.39608
v -149.5344 7.526836 36.50166 0.56863 0.50196 0.41176
v -152.151 3.567153 38.82299 0.49412 0.43529 0.37647
v -152.4704 4.896193 37.71765 0.57647 0.49804 0.40000
v -151.4151 6.827613 36.12699 0.56863 0.48627 0.38824
v -151.3901 7.958662 34.62457 0.54118 0.46667 0.39216
v -152.4988 6.731592 35.25047 0.52157 0.45490 0.38824
v -155.3637 4.433748 36.33706 0.54510 0.47451 0.39608
v -156.2321 6.461935 33.05223 0.54118 0.46275 0.39216
v -155.462 5.817729 34.53237 0.57255 0.50196 0.41176
v -154.985 7.025883 33.22668 0.52549 0.45882 0.39608
v -124.283 8.180032 54.28693 0.42745 0.37255 0.30196
v -121.6704 9.253688 53.47267 0.50588 0.43529 0.34118
v -124.5033 8.124906 56.08069 0.33333 0.31373 0.28235
v -131.0048 8.211726 55.24958 0.47059 0.38039 0.28235
v -118.9503 12.78047 60.11853 0.52157 0.44314 0.36078
v -126.9003 11.83549 46.35559 0.53725 0.47059 0.37647
v -128.9496 12.08249 44.44191 0.49804 0.43922 0.37647
v -130.8228 12.3688 42.83181 0.47843 0.43922 0.38039
v -125.1606 12.27098 46.95282 0.47451 0.41961 0.35686
v -126.263 13.35067 44.79686 0.53725 0.48235 0.40000
v -123.4749 13.41395 46.52943 0.51373 0.45098 0.36863
v -126.1358 10.73278 48.3719 0.45098 0.40000 0.33725
v -122.8061 12.33491 48.7585 0.50196 0.45098 0.37255
v -120.0113 10.42207 52.84319 0.43529 0.39608 0.35294
v -118.7928 9.129176 57.11046 0.39216 0.32941 0.27059
v -8.44807 -4.434781 -41.33847 0.62353 0.52157 0.40392
v -7.310613 -2.579282 -40.55 0.61961 0.52549 0.40784
v -6.684349 -0.2393323 -39.53836 0.54902 0.49412 0.41569
v -11.88389 2.257821 -37.92751 0.57255 0.49804 0.40784
v -16.49426 3.249538 -37.51215 0.55686 0.49412 0.40784
v -13.07942 5.285583 -36.2984 0.59216 0.51373 0.41176
v -4.937807 3.457043 -37.30971 0.52941 0.46275 0.38431
v -6.476146 4.747142 -36.66968 0.54118 0.48235 0.40392
v -9.460845 4.754581 -36.65985 0.57255 0.49412 0.40784
v -4.758277 0.6442366 -39.0563 0.50588 0.43922 0.34510
v -1.296602 -3.250198 -40.73977 0.60000 0.51373 0.39608
v -4.014111 -1.246612 -40.02382 0.55294 0.49412 0.40784
v -1.836075 2.286931 -37.93602 0.52549 0.45490 0.36471
v 3.520931 0.2320542 -38.86339 0.50980 0.44706 0.36471
v 1.122064 2.175729 -37.90193 0.51373 0.45098 0.37647
v 4.444831 5.82006 -35.51157 0.54902 0.49020 0.41569
v 2.44398 5.808074 -35.79468 0.49412 0.44314 0.37647
v 0.07380561 6.214326 -35.58075 0.52549 0.46667 0.38824
v 10.85801 5.781017 -35.62657 0.59608 0.50980 0.40392
v 10.01884 3.142597 -37.18993 0.47059 0.41176 0.33725
v 14.28431 -0.2778127 -39.06829 0.54510 0.48627 0.40392
v -12.42668 -10.13941 -43.12274 0.57255 0.50196 0.40392
v -5.851891 7.397335 -34.7841 0.56863 0.49412 0.40392
v -3.396693 8.040017 -34.16371 0.47843 0.43137 0.36863
v -3.169374 12.0292 -31.11565 0.57255 0.50588 0.40784
v -4.91176 9.28058 -33.28903 0.58431 0.49020 0.38824
v -3.105742 6.016906 -35.58628 0.57647 0.48235 0.37647
v -14.00084 8.059536 -34.43706 0.54118 0.47059 0.38431
v -51.02945 21.09087 -20.0679 0.60784 0.51765 0.40784
v -42.57847 26.29259 -13.54233 0.55294 0.49804 0.40392
v -44.68098 24.73433 -16.16417 0.56078 0.50196 0.41961
v -47.54038 24.47085 -15.9988 0.56471 0.50196 0.41569
v -44.92259 25.94011 -14.1153 0.52549 0.47451 0.40392
v -40.5935 27.05413 -12.31121 0.55686 0.50196 0.41176
v -38.89778 26.26768 -13.75777 0.58431 0.50588 0.40392
v -47.85289 25.8362 -13.44301 0.52157 0.48235 0.41569
v -49.86745 24.20461 -15.83244 0.50980 0.45098 0.37647
v -51.53066 22.40312 -18.14128 0.55686 0.49804 0.41176
v -51.53494 24.97292 -13.89317 0.51373 0.46667 0.41569
v -53.01071 23.71696 -15.6784 0.60000 0.52941 0.43137
v -45.52917 26.76051 -12.08694 0.55686 0.49020 0.39608
v -49.06826 27.20047 -10.65498 0.52941 0.45882 0.39216
v -42.6113 28.10323 -9.921417 0.54902 0.47843 0.38431
v -45.84653 28.35047 -9.406519 0.56863 0.49804 0.40000
v -44.40276 28.90953 -8.071044 0.58824 0.50196 0.39216
v -42.66302 30.14948 -5.744316 0.58039 0.50196 0.39216
v -46.29071 29.4382 -6.808559 0.58824 0.50196 0.40392
v -40.1619 28.68576 -9.175898 0.54902 0.49020 0.40784
v -37.47525 29.72781 -7.696734 0.55294 0.48627 0.39216
v -41.45403 29.5693 -7.144652 0.56471 0.49412 0.40000
v -62.34306 25.05864 -11.88225 0.51765 0.47451 0.40784
v -64.76175 24.42841 -12.91482 0.59216 0.52549 0.43137
v -66.19055 25.21613 -11.09587 0.59608 0.52157 0.42745
v -69.07594 22.8932 -15.02238 0.59608 0.52549 0.43922
v -71.19941 24.32673 -12.13941 0.61961 0.53333 0.43137
v -67.46279 26.48947 -8.245993 0.54902 0.49804 0.42745
v -58.93258 23.56098 -15.13573 0.49412 0.45098 0.40392
v -56.91116 25.15279 -12.59216 0.53333 0.47843 0.40000
v -55.12542 24.57081 -13.90752 0.53725 0.48235 0.40784
v -55.55476 23.31068 -15.87946 0.57255 0.50196 0.41569
v -53.42009 24.9401 -13.38359 0.52549 0.46667 0.39608
v -60.6926 25.9688 -10.17684 0.54902 0.49804 0.43137
v -62.77929 26.09723 -9.986408 0.53725 0.49412 0.42745
v -59.90154 25.26628 -11.80227 0.50980 0.46667 0.40392
v -57.47264 25.94469 -11.03966 0.53333 0.48235 0.41176
v -54.86511 27.30195 -8.270575 0.55294 0.49020 0.39608
v -54.75853 26.73232 -9.443498 0.54510 0.48627 0.40000
v -53.83074 26.38582 -10.55055 0.53333 0.47451 0.40000
v -54.4177 25.88828 -11.60661 0.54902 0.49412 0.40784
v -28.74563 22.30568 -20.20138 0.60392 0.51373 0.40784
v -51.35425 26.85517 -10.74107 0.54118 0.47843 0.40392
v -49.2181 28.15016 -8.614376 0.56078 0.49412 0.40000
v -48.06213 29.72595 -5.431658 0.56863 0.49412 0.39216
v -51.7252 28.14698 -7.689269 0.55294 0.49412 0.41961
v -49.65834 29.99013 -4.409911 0.56078 0.49412 0.40392
v -53.10171 29.65521 -3.554322 0.57647 0.50588 0.41176
v -56.3244 28.52168 -5.387974 0.59216 0.50980 0.41176
v -55.46657 27.86967 -6.924988 0.56471 0.50196 0.41961
v -57.51535 29.23775 -3.797085 0.58824 0.49412 0.39216
v -55.47252 29.79084 -2.583061 0.60000 0.51373 0.39608
v -56.90499 30.37814 -1.093512 0.61176 0.52549 0.41569
v -44.49688 30.41014 -4.510156 0.55686 0.48627 0.40000
v -45.37737 31.3794 -2.335894 0.52549 0.47059 0.40392
v -38.07804 30.73918 -4.96307 0.56078 0.48627 0.40000
v -41.93274 31.07368 -3.605141 0.55294 0.49804 0.42745
v -43.56309 31.71581 -2.094401 0.54118 0.47843 0.39216
v -47.58775 30.81091 -3.2127 0.57647 0.50980 0.41961
v -51.60696 30.83468 -2.000329 0.61961 0.53333 0.42745
v -37.25624 31.90962 -2.098274 0.53333 0.47843 0.40000
v -33.93171 31.9225 -2.71288 0.58431 0.50588 0.40784
v -24.71057 32.64968 -2.926069 0.58039 0.51373 0.42745
v -30.23242 32.97405 -0.6205791 0.51765 0.46275 0.39608
v -21.15646 32.89904 -3.239788 0.58824 0.50980 0.41176
v -29.28671 33.86115 1.820362 0.59216 0.52157 0.41961
v -36.40689 33.25492 1.55115 0.60392 0.51373 0.41176
v -38.39863 32.58141 -0.5530179 0.56863 0.49804 0.40392
v -36.48832 34.17727 4.127402 0.55686 0.49412 0.41176
v -33.586 33.71564 1.939079 0.55294 0.49020 0.40000
v -27.86542 34.78092 3.981206 0.53333 0.47843 0.40392
v -31.41589 33.98979 2.030276 0.56078 0.49804 0.39608
v -26.27444 35.09094 4.741829 0.52941 0.47059 0.38824
v -24.89644 33.76282 0.3137984 0.57255 0.50980 0.41176
v -16.17662 31.29831 -7.109583 0.56078 0.50588 0.42745
v -10.33158 23.12134 -19.28641 0.54118 0.48627 0.40392
v -31.16804 32.25337 -2.815429 0.57255 0.50588 0.41961
v -44.03724 32.5987 0.9366689 0.57647 0.49804 0.39608
v -48.8102 31.35321 -1.258711 0.60392 0.52157 0.40784
v -46.88575 32.66128 1.294758 0.56471 0.48627 0.39608
v -42.49044 32.22913 -0.9104823 0.59608 0.50980 0.40000
v -39.27309 33.4191 2.51991 0.54510 0.48627 0.39608
v -38.98369 33.27831 1.279369 0.60392 0.52157 0.41961
v -39.31488 33.98504 4.285196 0.54118 0.47451 0.39608
v -40.64154 34.17692 4.489066 0.59608 0.51765 0.41569
v -25.85698 35.99214 6.717848 0.58039 0.49804 0.40000
v -23.15811 36.84718 8.53949 0.58824 0.52157 0.42353
v -27.85957 36.80754 10.57182 0.59608 0.51765 0.41569
v -28.50737 35.59261 7.158916 0.49020 0.43529 0.37255
v -24.91715 37.42806 11.38224 0.54902 0.48627 0.40392
v -22.53338 37.81507 12.02638 0.54902 0.49412 0.41569
v -24.35417 37.98486 13.89015 0.57255 0.50588 0.40392
v -20.14698 39.12189 16.2739 0.54118 0.48235 0.40392
v -22.46212 38.93827 17.3408 0.55294 0.49412 0.41176
v -27.63352 38.25237 17.28464 0.55686 0.49412 0.41569
v -29.11088 37.40808 14.40482 0.57647 0.50196 0.40784
v -32.57779 37.22642 16.17792 0.56471 0.49804 0.42353
v -30.79365 37.87524 18.34138 0.55686 0.49412 0.41961
v -29.01608 38.62298 20.43982 0.59216 0.51373 0.41176
v -23.25557 39.4414 20.29457 0.50588 0.47059 0.41961
v -24.1853 39.70841 22.8977 0.52157 0.48235 0.41569
v -33.06889 38.06441 20.99212 0.61569 0.52549 0.42353
v -31.61364 36.06343 9.624911 0.52549 0.47059 0.41176
v -36.142 35.0678 7.261599 0.58039 0.50980 0.41961
v -36.97267 35.48576 9.033139 0.56471 0.50196 0.41176
v -32.7598 34.78092 5.289714 0.59216 0.51765 0.42745
v -30.07566 39.06605 24.37546 0.58824 0.51373 0.41961
v -31.6269 39.10805 26.86264 0.59216 0.49804 0.40000
v -23.97002 40.15825 26.44236 0.53725 0.48235 0.40784
v -26.72804 39.75094 26.11597 0.50196 0.46275 0.41176
v -25.22892 40.1122 29.82152 0.54510 0.48627 0.41176
v -25.33205 40.09501 37.44186 0.51765 0.45882 0.38824
v -20.82272 39.9315 21.4539 0.54902 0.48235 0.40000
v -15.68023 39.96875 17.75527 0.52941 0.48235 0.42745
v -17.9265 40.11017 20.46117 0.56471 0.50980 0.42745
v -20.31848 40.41816 25.51983 0.52157 0.47059 0.40392
v -21.44671 40.53606 28.60906 0.55686 0.49412 0.40784
v -21.63906 40.65573 31.57805 0.50980 0.45490 0.39608
v -26.53826 40.09751 35.00978 0.49412 0.44314 0.38431
v -27.64532 39.78638 37.19219 0.56078 0.48235 0.38824
v -23.4107 40.45925 33.8103 0.56471 0.48627 0.38824
v -17.6915 40.94553 28.62365 0.52941 0.47843 0.41569
v -15.53004 40.64529 23.93002 0.52549 0.46667 0.40392
v -14.67509 39.61615 16.20157 0.51765 0.47451 0.41176
v 120.7669 12.70713 -26.61245 0.54510 0.48235 0.40000
v 130.8501 19.80007 -19.41217 0.49020 0.45882 0.40392
v 134.2977 18.67389 -20.41334 0.52941 0.47843 0.41961
v 129.377 18.4618 -21.09102 0.56471 0.49804 0.40000
v 130.0562 21.47429 -17.59009 0.51765 0.47059 0.41176
v 130.5514 23.23623 -15.12756 0.56863 0.49804 0.40392
v 133.6656 24.75529 -12.34599 0.52549 0.47451 0.40000
v 128.8241 24.94989 -12.94751 0.58039 0.50980 0.41961
v 125.6629 24.02142 -14.84307 0.57647 0.51373 0.41569
v 125.6684 27.52473 -9.821736 0.57255 0.50196 0.40392
v 119.0215 29.55436 -6.415237 0.48235 0.44314 0.39216
v 121.3702 28.0871 -9.059081 0.59216 0.51373 0.41961
v 120.5721 26.6533 -11.40205 0.50980 0.45882 0.40000
v 117.2734 28.10372 -9.262661 0.38824 0.38824 0.37647
v 117.8926 24.5647 -14.66387 0.39216 0.38431 0.36863
v 120.6929 24.2729 -14.81782 0.57647 0.49804 0.40392
v 115.1204 23.2921 -16.57884 0.49804 0.45098 0.39608
v 115.6249 29.23366 -7.060642 0.50196 0.45098 0.39608
v 119.0884 30.88447 -3.730983 0.51373 0.47451 0.40784
v 127.1192 17.18238 -22.30766 0.56471 0.49804 0.40392
v 123.0934 15.21113 -24.48415 0.52549 0.47059 0.40784
v 118.2534 13.28093 -26.49411 0.52549 0.47059 0.40000
v 119.0755 15.90944 -23.98771 0.60000 0.51765 0.42745
v 116.9132 12.51876 -27.26811 0.50980 0.46275 0.40000
v 113.6499 11.97303 -27.97225 0.53725 0.47451 0.38824
v 121.5491 17.94664 -21.98327 0.50588 0.45882 0.39216
v 126.0008 21.38604 -18.08914 0.53725 0.49020 0.41961
v 123.3239 25.31459 -13.04089 0.56471 0.49804 0.40784
v 126.1108 19.16902 -20.43717 0.59608 0.52157 0.43137
v 116.3786 15.12538 -25.06175 0.49412 0.43137 0.36078
v 113.5847 15.44975 -25.0311 0.54902 0.48627 0.39216
v 123.108 19.79873 -19.7798 0.51765 0.45490 0.38431
v 115.1883 17.75259 -22.68722 0.59608 0.51373 0.41569
v 108.8964 16.89631 -24.20812 0.54118 0.48235 0.40784
v 110.6352 17.60193 -23.31155 0.58431 0.51373 0.42353
v 118.6678 19.38875 -20.72945 0.61961 0.54118 0.45098
v 122.5685 21.70678 -17.97566 0.55294 0.49804 0.41961
v 115.2066 20.73038 -19.51574 0.42353 0.40000 0.37255
v 112.1836 21.3655 -19.26486 0.58039 0.49804 0.40784
v 110.7089 23.48306 -16.85417 0.53725 0.47843 0.40392
v 108.4313 22.96309 -17.70571 0.51765 0.46275 0.40784
v 105.8858 21.83573 -19.34053 0.51765 0.47059 0.40392
v 108.47 25.61769 -14.21579 0.53725 0.47451 0.40000
v 113.6464 26.30427 -12.86845 0.54510 0.48627 0.41569
v 114.0864 27.69668 -10.42383 0.40000 0.39216 0.37255
v 111.2997 27.41574 -11.339 0.54510 0.49412 0.42353
v 107.5571 26.8727 -12.44459 0.56471 0.50588 0.43529
v 115.8096 30.63778 -4.34238 0.50588 0.45098 0.38824
v 112.7629 30.25635 -5.886013 0.57647 0.49412 0.40392
v 110.8941 32.26459 -1.221608 0.51765 0.46275 0.40000
v 107.4361 31.97195 -2.662084 0.57255 0.50196 0.40784
v 105.7482 32.4379 -1.883321 0.54118 0.47451 0.38824
v 102.5391 31.69248 -3.867456 0.52157 0.48235 0.42353
v 106.069 31.35669 -4.34657 0.47843 0.42745 0.36471
v 104.1618 30.88725 -5.269948 0.54118 0.48627 0.40392
v 105.8635 33.80728 0.8445481 0.58824 0.51373 0.42745
v 102.4041 33.4737 -0.05947007 0.57255 0.50588 0.41569
v 102.7736 32.52869 -2.144667 0.54902 0.48627 0.41569
v 104.4526 29.36333 -8.508134 0.58824 0.52157 0.43529
v 104.7928 27.77254 -11.32315 0.58039 0.50980 0.42353
v 99.9855 32.45752 -2.46116 0.48627 0.44706 0.37647
v 94.25049 35.6622 4.182009 0.61569 0.53333 0.42745
v 92.15494 35.01041 2.131139 0.50196 0.45490 0.40000
v 97.49808 34.51328 1.675843 0.55686 0.49020 0.40000
v 95.7007 33.58519 -0.5006288 0.54902 0.48627 0.40392
v 94.00813 33.28488 -1.698637 0.54902 0.48627 0.40784
v 90.13973 34.21305 -0.3481697 0.54902 0.47451 0.38824
v 92.37479 33.53841 -1.186699 0.57647 0.49804 0.39608
v 90.25456 33.07604 -2.720612 0.58431 0.49804 0.39608
v 91.54239 32.38331 -3.727164 0.59608 0.51373 0.41569
v 96.22472 30.85751 -6.300055 0.56863 0.50588 0.42353
v 96.93497 32.26164 -3.160132 0.53725 0.47843 0.40000
v 98.84562 33.71235 -0.0841755 0.45098 0.40784 0.36078
v 96.20466 31.74956 -4.43374 0.56471 0.50588 0.41569
v 94.20624 31.47224 -5.073127 0.50980 0.45490 0.38824
v 90.97681 28.93734 -9.886538 0.53725 0.47059 0.38039
v 91.23206 30.54718 -7.230735 0.58431 0.50980 0.41176
v 92.59839 31.04913 -6.481861 0.58431 0.50980 0.40392
v 93.43597 36.68681 6.553162 0.60392 0.51765 0.42353
v 90.43144 36.56479 5.536391 0.61961 0.52549 0.40392
v 86.13973 36.82542 5.280568 0.58431 0.50588 0.41176
v 87.79012 36.60954 4.596152 0.53333 0.47059 0.39216
v 88.78687 35.70839 3.122043 0.62745 0.53333 0.42353
v 87.95723 35.22965 1.756146 0.60000 0.51765 0.41961
v 85.5774 34.54618 0.08811883 0.51765 0.46667 0.40000
v 87.82032 33.19084 -2.340151 0.54510 0.48627 0.40392
v 86.63609 32.92809 -3.018731 0.56863 0.49804 0.40000
v 82.71635 34.05796 -0.9671886 0.53725 0.47843 0.41176
v 82.0708 35.18981 0.9950302 0.54902 0.49412 0.42745
v 83.37123 32.8798 -3.189589 0.51765 0.46667 0.40000
v 86.95136 31.6881 -4.937002 0.49412 0.44314 0.38431
v 91.12234 31.77614 -5.197396 0.56863 0.48627 0.39216
v 81.21641 33.6445 -1.415347 0.49412 0.44314 0.38824
v 81.31341 32.36253 -4.204711 0.60000 0.51373 0.40392
v 77.70086 33.64912 -1.727229 0.54902 0.49020 0.41569
v 78.52793 31.51392 -5.613734 0.52941 0.47843 0.41176
v 83.42242 31.35854 -5.791039 0.53725 0.48235 0.40392
v 75.76702 31.81481 -5.709188 0.60784 0.52549 0.40784
v 71.5226 33.91712 -1.84201 0.52549 0.47843 0.41961
v 73.58991 30.55178 -8.001495 0.54118 0.47059 0.38824
v 73.17826 32.37591 -4.932035 0.58824 0.51373 0.41176
v 68.40745 33.50635 -2.95876 0.49412 0.45098 0.39216
v 67.67125 34.76561 -0.7977518 0.49804 0.44706 0.38039
v 70.56883 32.18032 -5.52797 0.58039 0.50588 0.40784
v 67.16549 32.84728 -4.749842 0.49412 0.42353 0.34902
v 76.40563 28.57159 -11.01388 0.60392 0.52549 0.42745
v 77.64358 29.37584 -9.297729 0.56078 0.50588 0.42353
v 69.24019 30.08517 -9.375994 0.56471 0.50196 0.41569
v 68.06989 31.13415 -7.900259 0.60392 0.50588 0.40392
v 66.91655 32.21777 -6.271906 0.58824 0.50588 0.40784
v 73.54065 35.36746 1.630032 0.59608 0.51765 0.41961
v 75.76533 35.0466 1.016899 0.56471 0.49412 0.40784
v 80.5313 35.21363 1.192238 0.53725 0.48235 0.41176
v 83.48542 35.54509 2.124734 0.53725 0.48627 0.41961
v 83.24812 36.59523 4.472314 0.60392 0.52157 0.41961
v 80.65512 36.41546 3.509531 0.59216 0.52157 0.42745
v 88.01066 38.08907 8.717838 0.59216 0.50588 0.40784
v 95.04978 39.45339 14.13356 0.58431 0.51373 0.42745
v 91.80208 37.57592 8.863177 0.57255 0.49412 0.40392
v 93.97992 39.03909 12.83682 0.56863 0.50588 0.41961
v 90.48697 39.22552 12.81154 0.51765 0.45490 0.38039
v 87.31024 38.85732 10.77739 0.58824 0.50196 0.39608
v 85.12025 39.27453 11.7356 0.56078 0.49804 0.41176
v 87.11376 39.64783 12.89989 0.58431 0.50196 0.40784
v 92.28014 39.49824 13.90561 0.56078 0.49412 0.40784
v 83.21098 38.91653 10.8129 0.60392 0.52157 0.41569
v 80.6806 39.10409 11.14208 0.60000 0.52157 0.41961
v 86.36281 40.31674 15.22917 0.60000 0.52157 0.42353
v 84.07897 39.89769 14.11397 0.61176 0.52157 0.40000
v 83.56824 40.38798 16.33944 0.53725 0.48235 0.40000
v 89.47342 40.13651 16.20833 0.58431 0.52157 0.42745
v 101.565 39.30683 15.4193 0.57647 0.50196 0.40000
v 104.6608 39.51488 16.87361 0.56471 0.49412 0.41176
v 97.54464 39.47883 15.10466 0.54902 0.48235 0.40784
v 92.07985 40.07059 15.88226 0.58824 0.51373 0.41569
v 94.56616 40.29511 17.00597 0.56863 0.49804 0.40392
v 118.7604 21.74414 -18.29422 0.59608 0.52549 0.42353
v 109.7929 21.21554 -19.64551 0.56471 0.49412 0.40392
v 105.773 19.68225 -21.75435 0.55294 0.48235 0.40000
v 107.9827 20.66767 -20.27133 0.56863 0.48627 0.39216
v 111.3035 19.35969 -21.59866 0.53333 0.47843 0.40392
v 111.1787 14.63458 -25.98757 0.53333 0.47843 0.39216
v 107.6885 15.49568 -25.52841 0.54902 0.47451 0.39216
v 106.1185 13.87737 -26.92494 0.57255 0.50588 0.41961
v 108.6241 12.31435 -28.0467 0.53725 0.48627 0.41176
v 113.5887 11.06803 -28.65634 0.50588 0.45098 0.39216
v 110.4502 10.08807 -29.59363 0.55686 0.49804 0.41176
v 106.0338 11.01382 -29.42566 0.55294 0.49412 0.41176
v 106.4089 12.5891 -28.04997 0.55294 0.48235 0.40392
v 108.9063 7.985012 -31.34632 0.56078 0.49412 0.39608
v 106.3567 8.813585 -30.87493 0.58824 0.50588 0.40784
v 112.8212 3.476191 -33.29765 0.54902 0.47451 0.38824
v 108.0845 4.274553 -33.40495 0.52549 0.47059 0.38824
v 104.4382 2.942517 -34.52781 0.50588 0.45490 0.38431
v 105.2222 6.799948 -32.50351 0.54118 0.49804 0.41569
v 103.1058 5.046545 -33.593 0.59216 0.52157 0.42745
v 96.62414 5.590222 -33.61612 0.56863 0.49412 0.40000
v 95.43183 8.886681 -31.81878 0.58039 0.51765 0.42745
v 97.66208 8.467512 -31.85686 0.55686 0.49020 0.41176
v 98.98675 3.722305 -34.55025 0.60784 0.51373 0.40000
v 97.42 10.37325 -30.55095 0.58824 0.50196 0.39608
v 99.4544 11.49743 -29.92786 0.59608 0.50980 0.39608
v 93.16509 10.25254 -30.99412 0.61569 0.52941 0.40784
v 90.82986 9.909832 -31.31514 0.53333 0.47451 0.39608
v 92.91249 7.40708 -32.91705 0.62353 0.52941 0.40392
v 102.721 22.28905 -19.10259 0.55294 0.48627 0.40000
v 102.043 24.98266 -15.67213 0.58824 0.52157 0.43529
v 99.18704 24.5159 -16.36499 0.57255 0.50196 0.40784
v 98.89899 26.23652 -14.10958 0.55686 0.49020 0.41176
v 105.1146 24.13385 -16.48574 0.53725 0.48235 0.41176
v 104.1534 26.43873 -13.3837 0.53725 0.46275 0.38039
v 101.8862 26.40211 -13.63785 0.58824 0.51373 0.41961
v 101.8482 27.73561 -11.68999 0.52157 0.46667 0.38431
v 98.49218 27.47513 -12.20323 0.50588 0.45490 0.39216
v 96.99078 25.66881 -15.17471 0.56863 0.50196 0.42353
v 94.94154 23.07282 -18.70099 0.58039 0.52157 0.43137
v 99.22418 30.28549 -7.045164 0.50980 0.46275 0.40000
v 97.99111 29.14195 -9.432068 0.54510 0.48627 0.40000
v 100.9558 29.83162 -7.854882 0.54510 0.49020 0.40784
v 108.4507 19.04149 -22.01627 0.49804 0.44706 0.38039
v 105.4386 17.70223 -23.799 0.50588 0.45490 0.39608
v 105.2425 15.58076 -25.75672 0.56471 0.50980 0.42745
v 103.9902 17.96359 -23.68956 0.55294 0.49412 0.42353
v 103.7111 20.31898 -21.2758 0.58824 0.49804 0.39216
v 99.11878 19.62472 -22.55284 0.60000 0.51373 0.40000
v 96.15614 24.23623 -17.13272 0.52941 0.47843 0.40784
v 99.03269 21.68712 -20.15587 0.53333 0.47451 0.40392
v 96.11366 19.64115 -22.82546 0.57647 0.49020 0.38824
v 98.33688 18.27803 -23.9186 0.56078 0.49804 0.42353
v 101.8104 17.29962 -24.59962 0.51765 0.46667 0.39216
v 95.10304 21.11918 -21.0249 0.51765 0.46667 0.40784
v 93.59708 18.97601 -23.42547 0.54902 0.47843 0.38824
v 91.63482 21.30254 -20.86136 0.52157 0.47843 0.40784
v 96.37425 28.85691 -9.912061 0.48627 0.43922 0.37255
v 96.01756 27.01845 -13.23214 0.56863 0.50588 0.41176
v 94.93398 29.92339 -8.118458 0.48235 0.43137 0.38039
v 92.78742 28.00254 -11.46074 0.55686 0.49020 0.40000
v 93.9249 25.45294 -15.56094 0.57647 0.50588 0.41569
v 88.77178 25.11184 -16.00819 0.58824 0.52157 0.43137
v 86.1282 23.83093 -17.79726 0.57647 0.50196 0.40392
v 90.5356 23.33462 -18.39019 0.57647 0.50980 0.41569
v 87.71102 22.36721 -19.68419 0.52157 0.47059 0.40000
v 88.13846 20.57568 -21.80435 0.56078 0.50196 0.41961
v 103.4379 13.74715 -27.4428 0.57647 0.50588 0.41176
v 98.80901 16.50696 -25.56298 0.55686 0.50588 0.43137
v 100.6769 15.12739 -26.56111 0.52941 0.45882 0.38039
v 101.0266 12.94059 -28.23986 0.55686 0.49020 0.39608
v 94.49207 17.5146 -24.73298 0.59216 0.51373 0.40392
v 91.49617 16.54512 -26.03461 0.58039 0.50980 0.41569
v 90.46897 18.67878 -24.03031 0.55686 0.49412 0.41176
v 89.20327 17.26772 -25.2806 0.57647 0.51373 0.41569
v 84.3368 17.31706 -25.14254 0.53725 0.47059 0.39608
v 82.80336 19.52957 -22.6887 0.52941 0.47843 0.40000
v 82.40418 22.42467 -19.60926 0.56078 0.48627 0.39216
v 88.80402 27.035 -12.99783 0.59608 0.50588 0.39216
v 80.42947 25.64251 -15.14697 0.55686 0.50196 0.42745
v 85.64527 26.36774 -14.05024 0.57255 0.50588 0.42353
v 87.81916 30.46751 -7.265688 0.57647 0.48627 0.39216
v 87.71186 28.85287 -9.641022 0.52941 0.47059 0.39608
v 84.59811 30.18527 -7.995413 0.59216 0.51765 0.42353
v 71.56266 28.97663 -10.98465 0.57255 0.49412 0.40000
v 69.32191 35.65471 1.522756 0.52549 0.47843 0.41961
v 72.55767 36.69412 4.820042 0.55294 0.49412 0.42353
v 71.85277 35.72384 2.330237 0.55686 0.50196 0.43137
v 65.58514 34.19365 -2.269953 0.52549 0.47451 0.41176
v 62.36558 33.6397 -4.00673 0.51373 0.45098 0.38824
v 59.51009 33.96296 -3.632008 0.59608 0.50980 0.40000
v 57.16891 32.91239 -6.265896 0.52941 0.47843 0.41569
v 61.45348 35.19533 -1.103854 0.57647 0.51373 0.41961
v 65.14717 35.57823 0.5875659 0.52941 0.48235 0.41569
v 63.15594 35.33021 -0.3529958 0.58039 0.50196 0.41176
v 66.52197 36.36667 2.961225 0.55686 0.49412 0.41569
v 64.19229 36.65061 3.403111 0.53725 0.48627 0.41176
v 67.18595 37.33603 5.356118 0.54118 0.49804 0.42353
v 69.93819 37.48392 6.296198 0.54510 0.48627 0.41569
v 70.58145 38.43465 8.698102 0.55294 0.48235 0.39216
v 75.29499 36.66793 4.543307 0.56078 0.49020 0.41176
v 79.14129 36.10448 3.164931 0.58431 0.51373 0.43137
v 76.25393 39.46558 12.25133 0.59608 0.52549 0.43137
v 78.04742 38.42579 8.846333 0.62353 0.52549 0.42353
v 74.4939 37.97065 7.938205 0.56863 0.49412 0.40784
v 73.81694 39.13636 11.0676 0.58824 0.51373 0.41961
v 92.43587 26.80818 -13.54191 0.52549 0.46667 0.39216
v 107.8822 28.57399 -9.663087 0.58039 0.51373 0.41961
v 107.4425 29.83833 -7.319723 0.50196 0.44314 0.38431
v 110.3481 28.85655 -8.964416 0.52157 0.47059 0.41176
v 109.1018 30.81791 -4.99803 0.58824 0.50980 0.41176
v 113.0863 28.82485 -8.628102 0.53725 0.48235 0.39608
v 100.9784 28.66088 -10.0678 0.54510 0.49020 0.41961
v 137.746 -2.387555 -35.28641 0.54118 0.49020 0.40784
v 118.0341 7.777364 -30.63561 0.52157 0.47843 0.40392
v 114.7363 8.420614 -30.44922 0.51373 0.46667 0.39216
v 117.0028 9.991703 -29.28076 0.53333 0.47451 0.40392
v 98.64656 -16.94903 -39.72538 0.54902 0.48627 0.39216
v 93.70696 -14.12243 -39.50313 0.52549 0.48235 0.41176
v 0.9655248 -5.26326 -41.61704 0.59216 0.50196 0.40392
v 28.1332 -18.1714 -44.00217 0.54902 0.48235 0.39608
v 26.7842 -15.72346 -44.15955 0.51765 0.45490 0.38039
v 15.53933 -8.751447 -42.34521 0.53333 0.47059 0.38824
v 5.327932 3.621687 -36.97907 0.55294 0.47059 0.37255
v 1.395288 18.97647 -24.27966 0.55294 0.48627 0.40000
v -0.05987441 15.75798 -27.5115 0.54510 0.48235 0.40000
v -2.752643 18.28428 -24.96397 0.60000 0.51765 0.41961
v 2.519691 20.80181 -22.41451 0.60784 0.52549 0.42353
v -2.934109 15.32225 -28.07872 0.56471 0.49020 0.40000
v -6.207697 18.63343 -24.60134 0.55294 0.48627 0.40784
v -3.1534 20.65752 -22.38798 0.54118 0.47843 0.39608
v 9.208299 20.76935 -22.79723 0.57255 0.50588 0.42745
v 7.362971 21.79234 -21.53563 0.56078 0.50196 0.41569
v 5.395082 22.49731 -20.68808 0.55294 0.49020 0.39608
v 10.56327 23.60238 -19.97567 0.60000 0.51373 0.40784
v 10.32255 26.15762 -16.69927 0.59608 0.50980 0.40392
v 6.283395 24.7023 -18.16785 0.54118 0.47451 0.38431
v 5.929641 27.06645 -15.15029 0.57647 0.50196 0.40784
v 1.842722 23.11188 -19.54427 0.56471 0.49412 0.40392
v -1.504678 23.00753 -19.89543 0.60784 0.52549 0.41569
v -5.775362 23.72843 -18.55854 0.55686 0.48627 0.40392
v 34.73309 -4.211344 -40.60727 0.56863 0.50196 0.40784
v 31.02496 -4.20345 -40.3324 0.62353 0.52549 0.40784
v 36.92014 -4.30712 -40.74487 0.53333 0.46667 0.38824
v 26.8511 -6.592135 -41.69931 0.56863 0.50588 0.40784
v 29.9458 -5.96287 -41.14377 0.54902 0.47843 0.38824
v 32.19349 -5.753288 -41.13607 0.61961 0.52157 0.40392
v 31.82105 -9.618988 -42.1285 0.55294 0.51373 0.43922
v 35.21279 -20.33427 -43.69267 0.52549 0.46667 0.38039
v 20.77535 19.59221 -24.82109 0.53333 0.47451 0.39608
v 16.53508 20.61025 -23.95846 0.56863 0.50196 0.41569
v 13.23652 21.89177 -22.14625 0.57255 0.50588 0.41176
v 27.39846 15.67708 -28.74319 0.58431 0.51373 0.40784
v 29.32959 17.28005 -27.41785 0.58431 0.50980 0.41176
v 30.05532 20.77348 -23.79006 0.56863 0.49412 0.40000
v 19.26309 22.10649 -22.17855 0.55686 0.49020 0.39608
v 23.0574 23.25828 -20.72014 0.57647 0.49412 0.40000
v 19.15804 23.78346 -20.27506 0.56471 0.49412 0.40000
v 15.68899 22.70033 -21.63256 0.56078 0.50196 0.41961
v 13.79951 24.35815 -19.42383 0.55686 0.49020 0.40392
v 24.08514 19.82985 -24.63875 0.49412 0.44314 0.37647
v 24.6609 22.30125 -21.82257 0.59608 0.50588 0.39216
v 27.48564 21.60282 -22.91529 0.56471 0.49804 0.40392
v 29.61411 22.4386 -21.84949 0.55686 0.49412 0.40000
v 20.79442 24.93597 -18.69699 0.59608 0.50980 0.40392
v 23.3432 25.71561 -17.28766 0.60000 0.51373 0.40392
v 23.30602 28.01984 -14.29274 0.56078 0.49412 0.41569
v 25.83975 27.86565 -14.40079 0.52157 0.46667 0.39608
v 27.17843 26.82357 -15.86456 0.53725 0.47843 0.39608
v 19.62628 26.52123 -16.56316 0.55686 0.48627 0.39608
v 25.631 29.73116 -11.48501 0.62353 0.53725 0.42353
v 20.93533 28.11032 -13.99305 0.57255 0.50588 0.42745
v 16.07924 26.22604 -16.94058 0.49412 0.43529 0.37255
v 17.4487 25.13958 -18.53632 0.50980 0.45490 0.39216
v 13.93381 27.18761 -15.60702 0.54902 0.49020 0.41569
v 17.38184 28.65791 -13.60576 0.56078 0.49804 0.40392
v 14.6207 28.54529 -13.50594 0.51765 0.47451 0.40784
v 19.66737 29.24815 -12.41457 0.58824 0.50588 0.40784
v 20.58258 30.85945 -9.903508 0.56863 0.50588 0.40784
v 23.76213 30.90121 -9.787506 0.62353 0.52941 0.42353
v 25.17389 32.93472 -6.207109 0.58431 0.51373 0.41569
v 28.96708 32.43326 -7.13374 0.55294 0.48235 0.40392
v 18.49321 32.10017 -7.558558 0.56471 0.49412 0.40392
v 21.67754 33.3307 -5.43045 0.54902 0.49020 0.40392
v 18.49332 33.15299 -5.911502 0.59216 0.50588 0.41176
v 19.91284 34.60657 -2.651946 0.58824 0.49804 0.39608
v 16.58661 33.80185 -4.275803 0.56863 0.49804 0.40392
v 15.07808 32.75494 -6.836248 0.58824 0.51765 0.43137
v 17.3863 30.685 -10.40255 0.59608 0.52549 0.43137
v 14.86206 29.818 -11.83088 0.55294 0.49020 0.41176
v 14.98656 31.51862 -8.780932 0.55686 0.49412 0.40000
v 14.32783 30.61358 -10.29439 0.52157 0.47059 0.41176
v 12.65849 32.35111 -7.212721 0.50196 0.44314 0.37647
v 11.00953 30.32017 -10.82409 0.60392 0.52157 0.41961
v 12.10294 33.48983 -4.98588 0.51765 0.45882 0.38431
v 8.743078 34.20499 -3.367494 0.52941 0.47059 0.39608
v 6.673655 32.34329 -7.492482 0.58431 0.50980 0.41569
v 7.013659 31.26619 -9.209889 0.54902 0.48627 0.40392
v 9.715728 32.01485 -8.029711 0.56078 0.49412 0.40784
v 11.54374 34.54168 -2.468337 0.52941 0.46667 0.38039
v 11.24824 35.38236 -0.7175567 0.59216 0.51373 0.41176
v 10.43876 35.81089 0.8028197 0.56078 0.48627 0.39216
v 9.24602 36.68369 3.431097 0.55686 0.48627 0.40000
v 13.90971 34.97335 -2.101955 0.59608 0.50980 0.40784
v 2.675238 24.92083 -17.39492 0.59216 0.50588 0.40000
v 1.660939 26.56947 -15.40236 0.54510 0.48627 0.40000
v -1.664572 26.38013 -15.73664 0.56078 0.49804 0.39216
v -4.262346 26.29158 -15.65127 0.56863 0.49412 0.41176
v -8.336922 26.24132 -15.46935 0.52941 0.49020 0.43137
v -3.266048 28.14061 -13.48285 0.60392 0.52157 0.41569
v -2.910934 29.3433 -11.63746 0.57255 0.50196 0.41176
v -10.61904 29.49352 -10.68994 0.58824 0.52157 0.42745
v -12.95428 29.58193 -10.23677 0.58824 0.51765 0.40784
v -7.667372 29.82284 -10.45191 0.57647 0.49804 0.40392
v -3.648631 30.67652 -9.707785 0.59216 0.50980 0.40784
v 0.6808063 30.89171 -9.461734 0.57255 0.49804 0.40392
v -4.724159 31.25604 -8.210345 0.54118 0.47059 0.38824
v -11.34131 31.27226 -7.952431 0.59608 0.51765 0.42353
v -7.897193 30.84431 -8.817213 0.59216 0.51373 0.41176
v -8.368251 31.83545 -7.054386 0.57647 0.49804 0.40000
v -9.554598 32.77642 -5.244091 0.55686 0.49020 0.40784
v -5.971608 32.97587 -5.401464 0.51765 0.46667 0.39216
v 0.1820016 32.36977 -6.913302 0.52157 0.45882 0.38824
v 2.743822 32.40307 -7.125821 0.56863 0.50196 0.41176
v 0.6505748 28.28613 -13.38116 0.56471 0.49804 0.41176
v 3.430244 28.7242 -12.94 0.58431 0.50980 0.41176
v 10.96106 28.34113 -13.81445 0.58431 0.50588 0.40392
v 6.790608 29.09096 -12.57329 0.53333 0.47451 0.39608
v 4.3497 33.99984 -3.713936 0.54118 0.48627 0.40392
v 2.321014 34.63613 -2.556338 0.58431 0.50980 0.41176
v 4.053468 36.01334 1.023573 0.59608 0.51765 0.41961
v 6.798209 34.87446 -1.695859 0.55686 0.48627 0.39608
v 8.039469 35.22633 -0.2836604 0.51765 0.46275 0.39608
v 7.320063 36.1348 1.937714 0.55686 0.48627 0.39608
v 11.69392 37.56394 4.760529 0.57255 0.50196 0.41176
v 22.42314 36.06081 0.2598602 0.59216 0.51765 0.41961
v 20.01032 36.52927 1.480058 0.58431 0.50980 0.41961
v 24.8868 34.6115 -3.193118 0.60000 0.51765 0.41569
v 28.70064 34.01144 -4.754412 0.56078 0.50196 0.41569
v 30.42761 35.01802 -2.60275 0.61176 0.51373 0.40784
v 30.63377 28.91911 -12.83634 0.56863 0.50196 0.41961
v 28.29115 31.37179 -9.05379 0.56863 0.50196 0.41961
v 31.57496 31.0358 -9.491289 0.60784 0.52549 0.42745
v 26.62455 25.27733 -17.4757 0.54510 0.46667 0.37255
v 28.75811 23.48155 -20.15186 0.50980 0.45490 0.37647
v 26.6646 24.27733 -19.45131 0.58431 0.49804 0.39216
v 28.52 28.10263 -14.1992 0.54510 0.48235 0.41176
v 30.35539 26.35412 -16.7526 0.53725 0.48235 0.40784
v 31.96937 26.11317 -17.14392 0.47843 0.43137 0.36863
v 32.19766 24.90563 -18.91842 0.56078 0.49412 0.40784
v 32.99577 20.34896 -24.21424 0.51765 0.46667 0.40392
v 33.45011 27.50561 -15.04942 0.56471 0.50980 0.42745
v 36.90628 28.41412 -14.03506 0.60784 0.52157 0.42353
v 34.52001 29.91272 -11.79215 0.58824 0.51373 0.41569
v 32.82677 34.27119 -3.942189 0.61176 0.52549 0.42745
v 36.68243 32.33309 -7.464586 0.58824 0.50980 0.40000
v 36.24945 33.87021 -4.829066 0.51373 0.46667 0.40392
v 38.06279 31.01609 -10.06333 0.62745 0.53333 0.41961
v 33.01496 32.18175 -8.001224 0.52157 0.47059 0.40392
v 38.69534 30.03371 -11.54074 0.51765 0.45490 0.39608
v 42.19302 29.59225 -12.59553 0.60784 0.51373 0.40784
v 42.41378 31.86658 -8.852021 0.64706 0.54510 0.43529
v 45.39015 31.11279 -10.11275 0.61569 0.52941 0.42745
v 46.55844 28.9499 -13.49074 0.54902 0.48627 0.40000
v 42.92592 28.28228 -14.52 0.60392 0.50980 0.40392
v 12.49271 56.75998 17.36866 0.47059 0.43137 0.36863
v 33.67364 13.4483 -30.51985 0.54902 0.49020 0.40784
v 33.74733 10.85976 -32.56809 0.56471 0.49412 0.40784
v 31.29712 12.71165 -31.28532 0.51373 0.46667 0.40000
v 31.99743 17.61935 -27.01812 0.54118 0.48235 0.41176
v 30.43065 15.46682 -28.92036 0.49804 0.44706 0.39216
v 32.33962 15.11254 -29.49935 0.54902 0.49020 0.41569
v 37.4293 12.19603 -31.59972 0.56078 0.49804 0.39608
v 40.26583 14.04441 -29.96935 0.51765 0.47843 0.40784
v 36.68619 15.32213 -29.24548 0.56078 0.49804 0.40784
v 44.43857 14.70696 -29.30034 0.55686 0.49412 0.41176
v 44.86696 17.58095 -26.77335 0.59608 0.50588 0.40392
v 45.60018 21.45325 -22.80359 0.55686 0.49020 0.39608
v 43.32464 19.17168 -25.12286 0.56078 0.49804 0.41176
v 38.04291 21.30335 -22.99093 0.52941 0.47843 0.40784
v 39.69592 19.12525 -25.49056 0.56471 0.49412 0.41569
v 34.97649 19.88435 -24.76289 0.54902 0.48235 0.39608
v 34.33018 22.40479 -21.84722 0.53725 0.47451 0.40000
v 33.59404 23.76252 -20.32844 0.54118 0.47451 0.39216
v 45.69224 9.811607 -33.19785 0.61176 0.52157 0.41961
v 45.73863 7.74798 -34.47395 0.61961 0.53333 0.42745
v 44.85443 10.88865 -32.28481 0.60000 0.51373 0.41176
v 39.44895 11.00429 -32.51894 0.50980 0.47451 0.41569
v 43.1393 12.27978 -31.2081 0.52157 0.48235 0.42745
v 84.23605 15.74007 -26.56114 0.56078 0.50196 0.41961
v 87.3811 15.40636 -27.02786 0.57255 0.50980 0.41176
v 79.29076 20.48705 -21.69529 0.55294 0.49412 0.41569
v 77.7971 23.21862 -18.6186 0.62353 0.52941 0.41961
v 84.35039 28.74746 -10.09352 0.60000 0.51373 0.41569
v 80.00823 30.08342 -7.833131 0.57647 0.51765 0.42353
v 78.18464 22.03947 -19.95106 0.49020 0.43529 0.38431
v 77.43521 26.94735 -13.54081 0.54902 0.48627 0.40000
v 75.37479 21.53803 -20.89419 0.56471 0.50196 0.40784
v 74.71541 24.92955 -16.33337 0.60000 0.52157 0.43529
v 73.66387 22.6083 -19.53836 0.58824 0.52549 0.44314
v 70.98312 26.26319 -14.78608 0.57647 0.50588 0.41569
v 66.83246 26.73549 -14.6943 0.53333 0.46275 0.38431
v 36.10286 17.33019 -27.26664 0.58824 0.51373 0.42353
v 39.42944 16.71502 -27.85735 0.60000 0.52941 0.43529
v 43.17158 16.29561 -28.08623 0.50980 0.46275 0.39608
v 35.717 18.80842 -25.94175 0.58431 0.50980 0.41961
v 47.73223 21.96699 -22.02594 0.61961 0.53333 0.42745
v 51.36043 24.24823 -19.36022 0.55686 0.49804 0.42353
v 57.07767 20.45483 -22.98854 0.53333 0.47843 0.40000
v 55.70064 21.85509 -21.65439 0.52157 0.47059 0.41176
v 69.64744 17.7851 -25.00346 0.51373 0.46275 0.39608
v 70.74926 20.41846 -22.30552 0.55294 0.49020 0.40000
v 67.99733 18.13236 -24.65921 0.52549 0.47451 0.40392
v 67.27523 22.66215 -19.82804 0.53333 0.47843 0.41176
v 64.77504 22.09741 -20.56479 0.51373 0.46667 0.40000
v 62.11331 22.45268 -20.43392 0.58431 0.51373 0.42353
v 65.83064 24.65108 -17.52541 0.53725 0.49412 0.41569
v 58.02447 23.76583 -19.46506 0.59216 0.51765 0.41961
v 63.98851 25.39102 -17.00552 0.58431 0.51765 0.42745
v 59.36711 23.12468 -20.05046 0.52941 0.47451 0.41176
v 68.59166 23.75593 -18.30498 0.51373 0.45490 0.38824
v 71.85712 24.07368 -17.54222 0.58824 0.51373 0.41176
v 37.09963 24.36762 -19.58057 0.59216 0.52157 0.41569
v 41.43263 24.86286 -19.04762 0.51373 0.45882 0.38431
v 40.79834 26.27104 -16.99747 0.54902 0.47843 0.39608
v 35.82336 26.51935 -16.74611 0.57255 0.50588 0.41176
v 43.95239 26.81986 -16.37757 0.53333 0.45490 0.35686
v 39.92499 27.87932 -14.87485 0.59216 0.50980 0.41569
v 42.43636 22.79772 -21.44033 0.53725 0.48627 0.40392
v 44.43077 25.15628 -18.56533 0.51765 0.45882 0.39216
v 46.68345 24.99877 -18.77907 0.52157 0.47059 0.40392
v 49.3201 29.33035 -12.81104 0.60000 0.51373 0.40784
v 48.1646 27.52815 -15.58964 0.52941 0.46667 0.37647
v 51.7337 28.16427 -14.27646 0.55686 0.49020 0.40784
v 54.09962 29.44231 -12.44617 0.60784 0.51765 0.42745
v 52.7452 26.59611 -16.54112 0.52941 0.46667 0.38824
v 83.59318 38.8793 66.32914 0.52549 0.47059 0.39216
v 85.34484 39.34987 64.76338 0.55686 0.49412 0.40784
v 86.55821 38.87617 66.53515 0.54902 0.48235 0.41176
v 83.53994 38.24416 68.23745 0.55294 0.48235 0.39608
v 85.48684 38.41658 67.4117 0.54118 0.47843 0.39216
v -6.113924 28.81192 -12.02917 0.56078 0.49804 0.42353
v 171.6997 49.94187 12.74319 0.36863 0.32941 0.28235
v 145.9159 52.63032 11.50833 0.33725 0.30196 0.27843
v 78.69993 3.283589 -35.29272 0.53725 0.47843 0.40784
v 82.05074 -13.32858 -40.31762 0.55686 0.47843 0.39216
v 90.50711 -8.562451 -39.3292 0.60784 0.52941 0.41176
v -58.3759 26.82468 -8.881711 0.54118 0.49412 0.43137
v -60.09157 28.24992 -5.847855 0.56863 0.49804 0.40784
v -62.25716 27.65679 -6.818304 0.58824 0.51765 0.43529
v -65.1936 26.56275 -8.19207 0.52157 0.47451 0.41176
v -67.98453 24.05972 -12.88045 0.59608 0.52941 0.43922
v -66.25738 27.73766 -5.75836 0.54510 0.49412 0.42353
v -69.30708 25.95135 -8.941585 0.54118 0.49804 0.43922
v -69.56091 27.18493 -6.47584 0.57647 0.51373 0.42353
v -72.58101 26.81144 -6.79838 0.56863 0.51765 0.45490
v -72.08135 25.49117 -9.533514 0.59608 0.52157 0.42353
v -70.24154 27.99563 -4.537307 0.58824 0.52941 0.44706
v -74.7362 26.0283 -8.025374 0.58039 0.51765 0.42745
v -66.06822 28.66127 -3.541287 0.56863 0.49804 0.41961
v -62.39757 29.81948 -1.902545 0.56863 0.50980 0.43529
v -63.79084 28.18982 -5.469927 0.54902 0.49412 0.41176
v -64.07946 30.58364 0.5276578 0.56863 0.50196 0.40392
v -68.37502 29.6872 -0.3121523 0.55294 0.49020 0.41569
v -64.87773 31.20055 2.839006 0.58824 0.51373 0.40784
v -67.44597 31.54467 5.242319 0.58039 0.51765 0.43529
v -77.89707 25.65106 -8.009051 0.61176 0.52941 0.43137
v -73.77665 27.43458 -4.875143 0.53333 0.48627 0.41961
v -70.48771 29.6583 0.09430477 0.57647 0.51373 0.42353
v -74.67275 30.54534 5.341463 0.58039 0.52157 0.43529
v -70.55032 30.84076 3.910864 0.56471 0.50588 0.42745
v -75.63454 29.42651 1.684447 0.56471 0.50980 0.43529
v -74.69596 31.62223 10.91527 0.53725 0.47843 0.40784
v -75.56454 31.93549 14.93129 0.54902 0.50588 0.42353
v -77.61432 31.1545 11.89483 0.57255 0.50196 0.40392
v -80.37595 30.99254 14.00369 0.53725 0.47059 0.38824
v -79.33652 31.4083 16.82452 0.54510 0.49804 0.42745
v -81.87902 31.10351 17.22817 0.49412 0.45490 0.40392
v -79.53376 31.66979 21.01927 0.54902 0.48235 0.40392
v -81.74415 31.2371 22.37089 0.54118 0.47451 0.39216
v -77.13529 32.23542 27.02288 0.52941 0.47843 0.41569
v -76.46167 32.40233 20.81732 0.58824 0.51765 0.42353
v -72.72342 33.16452 22.61138 0.60000 0.52157 0.42353
v -74.93495 32.59269 18.35733 0.59608 0.52157 0.41176
v -75.69388 22.2414 -15.13707 0.57647 0.50196 0.41176
v -73.78439 20.68236 -17.90255 0.57647 0.51765 0.43137
v -75.91962 24.94575 -10.11298 0.60784 0.52157 0.42353
v -79.92955 24.7847 -10.28278 0.60392 0.52157 0.43137
v -79.83422 25.73206 -7.292916 0.60784 0.52941 0.42745
v -80.49604 26.41242 -5.943859 0.58039 0.50588 0.41176
v -71.17415 28.91093 -1.96879 0.52157 0.47059 0.40784
v -73.42609 28.38564 -2.321287 0.52157 0.47451 0.39608
v -75.89496 28.03742 -2.360192 0.50588 0.46275 0.40784
v -78.10476 29.08877 1.612633 0.56078 0.50196 0.42745
v -78.10727 28.11143 -1.371982 0.62353 0.53725 0.43529
v -80.27888 28.6478 1.896628 0.54118 0.45490 0.34902
v -81.96641 28.96381 3.563233 0.58431 0.50588 0.40784
v -77.81122 29.7933 4.545193 0.52157 0.47059 0.40784
v -84.06612 29.12346 4.995935 0.59608 0.51373 0.41176
v -88.20033 28.63966 4.614652 0.54118 0.47059 0.38039
v -92.56065 28.07191 5.349414 0.60784 0.52157 0.41961
v -91.66751 28.55876 8.497696 0.60392 0.52549 0.41961
v -95.83448 28.28096 9.860139 0.60784 0.52157 0.40392
v -86.3603 29.35669 7.082769 0.54118 0.46275 0.36078
v -79.04786 30.44258 8.692952 0.55294 0.49412 0.43137
v -82.14769 29.71867 7.028297 0.57647 0.50588 0.41176
v -85.10367 29.75969 9.444449 0.52549 0.47843 0.40392
v -82.1617 30.2964 11.22329 0.57647 0.50196 0.41176
v -79.6264 21.76263 -15.84723 0.59216 0.50980 0.41569
v -73.71947 23.93625 -12.58394 0.56471 0.50196 0.42353
v -82.10546 22.42841 -14.56924 0.60000 0.52157 0.40784
v -83.14126 25.61834 -7.177888 0.61569 0.52941 0.41569
v -82.60142 27.28866 -3.183524 0.59216 0.52549 0.43137
v -85.2703 26.01766 -5.645631 0.58039 0.50588 0.41569
v -85.91431 25.06107 -7.844532 0.63137 0.53333 0.41961
v -88.87729 24.69074 -8.010007 0.63529 0.54118 0.43529
v -86.29767 27.09965 -2.087484 0.61961 0.54118 0.43922
v -89.52361 26.23143 -4.04902 0.63529 0.53333 0.43529
v -84.00166 28.13776 0.6107525 0.60784 0.53725 0.44314
v -79.07784 26.74634 -4.769349 0.57647 0.51373 0.42745
v -77.09614 26.89914 -5.441649 0.59216 0.52549 0.43137
v -77.20413 23.0665 -13.50373 0.60392 0.52157 0.41961
v -80.34425 23.6833 -12.46084 0.61961 0.53725 0.44314
v -85.13043 23.89115 -10.56587 0.56471 0.48627 0.38431
v -88.03709 22.44222 -12.99894 0.56471 0.50196 0.41961
v -90.17512 23.12375 -10.95402 0.61961 0.52157 0.41569
v -93.13945 22.76383 -10.81874 0.59608 0.51373 0.41569
v -91.7885 24.45591 -7.571218 0.63922 0.54118 0.43137
v -82.81143 24.52513 -9.827507 0.60000 0.51765 0.40000
v -97.29705 22.59108 -9.610148 0.63529 0.54510 0.43137
v -88.56794 27.65482 0.9114809 0.57647 0.51765 0.43529
v -101.2829 26.06633 1.509918 0.56471 0.49804 0.41176
v -92.46197 26.91597 -0.2826932 0.56471 0.48235 0.36863
v -92.70657 27.56137 2.859051 0.55686 0.48235 0.38039
v 72.95601 18.42674 -24.18419 0.53725 0.48235 0.41961
v 75.90755 19.6291 -22.92071 0.58039 0.51373 0.41569
v 73.00521 20.93771 -21.61153 0.59216 0.51373 0.42353
v 68.79109 21.21185 -21.39507 0.50588 0.47451 0.41961
v 70.60101 22.44689 -19.93045 0.55686 0.49020 0.41176
v 56.70332 25.29887 -17.54857 0.57647 0.50196 0.40784
v 54.54795 24.50115 -18.92583 0.54902 0.49412 0.40784
v 61.81261 24.8859 -17.73318 0.53725 0.47451 0.39216
v 57.9702 26.36049 -15.93238 0.52157 0.47059 0.40392
v 49.64256 26.01732 -17.59117 0.60000 0.50980 0.40392
v 55.79415 27.36251 -15.1961 0.56078 0.49412 0.40000
v 58.45915 27.55469 -14.73386 0.60000 0.52549 0.42745
v 60.0398 29.15991 -12.53047 0.59216 0.52157 0.42745
v 58.66827 29.69202 -11.54378 0.58039 0.52157 0.43922
v 52.57969 30.98908 -10.20927 0.60392 0.51765 0.41569
v 61.14939 30.88255 -9.323922 0.57255 0.49804 0.39216
v 61.45481 28.26947 -13.35251 0.57647 0.49804 0.39608
v 55.9446 30.13765 -11.12415 0.60000 0.52157 0.43529
v 55.46323 31.15307 -9.726841 0.57255 0.50588 0.43137
v 50.00879 31.64946 -9.196545 0.61961 0.53333 0.42745
v 53.91258 32.64477 -7.27293 0.59216 0.51765 0.42353
v 46.98839 32.7129 -7.618452 0.59608 0.52549 0.43529
v 41.38303 33.1161 -6.967518 0.60392 0.52157 0.41569
v 38.66015 32.23659 -7.914251 0.56078 0.49020 0.41569
v -109.864 20.68976 -10.97301 0.56471 0.50196 0.41569
v -122.2629 23.3653 0.8204472 0.58039 0.49804 0.40000
v -115.1987 24.33415 1.676069 0.54902 0.49412 0.40784
v -143.4269 19.55818 15.07817 0.52157 0.49020 0.43529
v -141.4895 19.44742 18.65107 0.56863 0.51765 0.43529
v -99.98842 27.77485 11.04261 0.60000 0.52157 0.42353
v -98.64118 28.23675 13.952 0.60000 0.51765 0.40784
v -97.13611 28.4085 12.90571 0.60392 0.50980 0.39608
v -94.13981 28.72061 12.58449 0.61961 0.54118 0.43922
v -96.39112 28.58237 15.22504 0.56863 0.50196 0.41569
v -98.22387 28.26436 17.66645 0.58824 0.51373 0.41569
v -108.0197 27.19651 15.36269 0.58431 0.51765 0.42353
v -108.1776 26.95034 11.81763 0.60000 0.52157 0.42353
v -108.0267 27.30196 18.30706 0.61176 0.52157 0.40392
v -104.708 27.42936 17.66778 0.55294 0.48235 0.39216
v -102.0536 27.59862 12.91485 0.56078 0.49804 0.40784
v -100.223 27.99373 16.85815 0.56471 0.49804 0.40392
v -99.45561 28.04739 21.03514 0.56863 0.50196 0.40784
v -98.47457 28.14386 22.19424 0.52941 0.46667 0.38824
v -102.9173 27.76273 20.32955 0.58039 0.50196 0.40392
v -102.6793 27.71733 15.44745 0.55686 0.49020 0.40000
v -100.9894 27.46331 24.05921 0.54510 0.49412 0.41961
v -103.4944 27.42635 23.55245 0.54118 0.46667 0.38431
v -104.9773 27.28047 22.65465 0.56078 0.47843 0.37647
v -104.9677 27.33471 21.67921 0.49412 0.43137 0.35686
v -99.44621 27.7485 23.7204 0.55294 0.49020 0.41569
v -96.11835 28.67122 22.13143 0.52941 0.47451 0.40000
v -96.00852 28.71494 18.90627 0.53333 0.48235 0.40392
v -92.34839 29.33666 18.81885 0.51765 0.45882 0.37255
v -91.42879 29.42854 16.11519 0.54902 0.49020 0.41569
v -90.16968 29.33027 12.59477 0.55686 0.49804 0.41961
v -87.29846 29.63508 10.73166 0.55686 0.49804 0.41961
v -91.38954 28.84221 10.45057 0.57255 0.51373 0.43137
v -87.27702 30.0068 14.1393 0.52941 0.48627 0.41176
v -87.45081 30.11056 16.66565 0.50588 0.46667 0.41569
v -111.5195 26.5347 11.56962 0.60784 0.53333 0.43529
v -111.1483 26.68538 14.01356 0.62745 0.53725 0.41961
v -109.5723 27.04309 19.77403 0.57647 0.50196 0.40392
v -111.4808 26.76583 17.08611 0.60784 0.52941 0.42745
v -114.4078 26.59946 17.26029 0.56863 0.50588 0.41176
v -115.5033 26.44048 18.7794 0.52157 0.45490 0.36863
v -111.3724 26.74948 19.69583 0.60000 0.51765 0.40000
v -112.604 26.10573 24.04402 0.53725 0.47843 0.38431
v -114.8636 25.87352 23.5819 0.57647 0.50588 0.40784
v -116.0652 25.38987 24.81811 0.54510 0.48235 0.39216
v -109.1682 26.48126 24.53753 0.55294 0.49020 0.40392
v -115.6931 24.91956 27.02809 0.55686 0.49804 0.42353
v -117.4889 25.01913 25.44431 0.52941 0.47451 0.40000
v -117.921 25.52602 22.55617 0.49804 0.42353 0.32941
v -115.9372 25.91106 21.21465 0.52941 0.45882 0.36471
v -116.3678 24.00171 30.65943 0.55294 0.49804 0.42745
v -116.7099 24.26149 28.92132 0.57255 0.50588 0.43137
v -118.2482 24.6441 26.88278 0.52157 0.46275 0.39608
v -119.889 24.1258 26.78628 0.48235 0.43529 0.38431
v -117.3365 23.41179 30.76434 0.49804 0.44314 0.38431
v -112.7879 25.4921 27.21238 0.59608 0.52941 0.43529
v -111.87 25.10971 29.41476 0.53333 0.47843 0.40784
v -110.5505 25.32584 28.75188 0.57255 0.50196 0.41961
v -113.6193 24.5674 30.38774 0.55294 0.49412 0.42745
v -110.3669 26.57585 9.993042 0.62745 0.54510 0.43922
v -115.4493 26.28105 14.14361 0.59608 0.52157 0.41961
v -118.2884 25.93421 18.17892 0.54118 0.47059 0.38431
v -119.2245 25.79696 18.64561 0.53725 0.47843 0.39216
v -119.0361 25.50524 20.94535 0.49020 0.42745 0.34902
v -123.528 24.17123 22.68464 0.54902 0.50196 0.41961
v -125.8585 23.69391 22.49016 0.47843 0.45098 0.41569
v -123.8258 23.75327 24.93062 0.55294 0.50588 0.43529
v -122.3109 23.5084 26.92279 0.48235 0.43922 0.39216
v -119.6644 24.85249 24.11426 0.59216 0.50980 0.40000
v 3.600294 31.44593 -8.988377 0.56471 0.49412 0.40392
v 85.77322 9.650615 -31.38082 0.54118 0.48235 0.40000
v 86.89379 8.414198 -32.38005 0.56471 0.50980 0.42353
v 85.91093 11.0049 -30.48104 0.58824 0.51373 0.40784
v 84.95251 13.6094 -28.4319 0.55294 0.47843 0.39216
v 86.92708 18.00397 -24.53035 0.54902 0.48235 0.39608
v 90.00373 11.66512 -30.19473 0.56863 0.49804 0.40392
v 100.2458 6.403706 -33.01276 0.56078 0.50196 0.41176
v 100.7164 9.886137 -30.89972 0.53725 0.49412 0.41961
v 99.14756 9.293006 -31.39087 0.54510 0.48235 0.41176
v 102.6269 11.50565 -29.36196 0.60000 0.50588 0.40784
v 102.2807 7.266739 -32.42329 0.57647 0.49804 0.40000
v 102.8454 9.091804 -31.24335 0.58824 0.51373 0.41176
v 96.99891 11.94315 -29.3404 0.60000 0.52549 0.42353
v 98.80934 13.13743 -28.49948 0.54118 0.48627 0.40392
v 96.10782 15.3094 -26.8588 0.58039 0.49804 0.40784
v 95.22941 13.24015 -28.464 0.60000 0.51373 0.40392
v 89.73837 14.27 -28.04167 0.55294 0.49412 0.41961
v 92.3685 14.75314 -27.63465 0.56471 0.48627 0.38824
v 95.64462 16.9184 -25.48278 0.58824 0.51373 0.41961
v 84.50166 27.29525 -12.3944 0.56471 0.50588 0.41569
v 81.58492 27.40275 -12.33434 0.56863 0.50196 0.41961
v 17.2174 58.26068 34.32537 0.45098 0.39216 0.34902
v 10.26489 58.09569 28.21631 0.41569 0.39216 0.34118
v 60.98006 26.34947 -15.66122 0.57647 0.50196 0.40784
v 72.17726 27.72488 -12.69838 0.62353 0.52549 0.41569
v 65.53172 28.19066 -12.90864 0.63137 0.53333 0.41961
v 65.30441 29.35522 -11.09822 0.59216 0.51765 0.41961
v 62.59993 27.86471 -14.01503 0.56471 0.49804 0.40784
v 67.85285 29.86104 -10.3064 0.58039 0.50588 0.41176
v 57.14112 34.27231 -3.306744 0.52941 0.47059 0.39608
v 60.41172 35.02162 -1.575448 0.57647 0.50980 0.40392
v 59.56787 37.03635 3.933454 0.56863 0.48235 0.38824
v 57.45368 37.21613 3.541327 0.56863 0.50588 0.40784
v 57.19057 35.24834 -1.24944 0.60000 0.51373 0.40784
v 60.32422 32.86054 -5.959339 0.59216 0.50980 0.41569
v 58.79615 31.66143 -8.346085 0.59216 0.51373 0.40392
v 63.72698 31.39694 -8.29276 0.61961 0.52549 0.41569
v 99.93143 31.4616 -4.744357 0.56471 0.50980 0.42353
v 9.358091 33.76731 68.76034 0.51373 0.45490 0.38824
v 7.849993 34.40023 67.02042 0.53725 0.47843 0.40000
v 12.09156 36.6041 63.38567 0.48235 0.43922 0.38431
v 8.569781 35.74524 64.46263 0.45882 0.40784 0.35294
v 8.42522 36.66763 62.24572 0.50196 0.44314 0.38431
v 17.95135 38.49663 60.42725 0.50980 0.45882 0.40784
v 14.80709 37.63867 61.93555 0.49804 0.44706 0.39608
v 9.088131 37.55592 60.1274 0.55294 0.47059 0.39216
v 11.98044 38.29659 58.88626 0.54118 0.48235 0.41176
v 14.85132 38.87296 58.01139 0.54118 0.47059 0.38431
v 9.677732 39.03092 56.4857 0.58824 0.51373 0.42353
v 3.582097 37.111 58.92771 0.50980 0.45882 0.39608
v 8.016603 38.62942 56.09493 0.56863 0.49412 0.38824
v 3.711157 38.14582 56.08567 0.56471 0.49020 0.39216
v -0.1145958 37.80174 55.69048 0.54118 0.46275 0.36863
v -2.250133 36.70187 57.81607 0.49020 0.45098 0.39608
v -7.960599 35.55067 58.8734 0.48627 0.44314 0.38431
v -15.24172 37.88099 50.3646 0.47059 0.42745 0.38039
v -12.10596 38.06988 50.32129 0.52941 0.47451 0.39608
v -13.32428 38.70174 47.92972 0.54902 0.47059 0.38039
v -9.013919 38.53978 49.3705 0.58824 0.49804 0.40000
v -11.78973 39.57216 44.75577 0.56863 0.49020 0.39216
v -13.02784 40.0359 43.00716 0.54118 0.47451 0.39216
v -6.942897 38.53696 50.32411 0.59608 0.50588 0.40784
v -10.08172 37.47586 53.0049 0.53333 0.47843 0.40784
v -2.860423 39.01545 48.79563 0.54902 0.48235 0.40392
v -3.21094 39.41463 46.49473 0.50980 0.45490 0.39608
v -3.16824 38.22138 52.37319 0.52941 0.46667 0.39608
v -20.08109 38.29761 48.02902 0.51373 0.45882 0.39608
v -21.40448 39.23997 43.99557 0.55294 0.47843 0.38824
v -25.17939 38.34416 46.05914 0.48627 0.43137 0.35686
v -27.7385 38.12173 46.32355 0.49412 0.42745 0.35294
v -37.28277 34.65628 52.52204 0.55686 0.48627 0.39608
v -35.54246 37.50509 43.69369 0.49804 0.44706 0.39608
v -35.86175 36.71418 47.18082 0.55686 0.47843 0.38824
v -38.17233 35.4342 49.31093 0.55294 0.49020 0.41176
v -38.30688 36.37826 45.8463 0.55294 0.48627 0.40000
v -40.53357 33.91703 51.48832 0.56471 0.49020 0.39608
v -37.38275 34.99062 51.14845 0.54510 0.47451 0.39608
v -41.09198 34.35071 52.18788 0.56078 0.49020 0.40000
v -43.66624 33.50431 50.87628 0.55686 0.47843 0.39216
v -42.43437 34.1968 50.59062 0.51373 0.46667 0.39608
v -45.44047 33.45526 51.90438 0.49804 0.45490 0.40392
v -49.77206 30.87469 54.00703 0.43137 0.39216 0.34510
v -43.87503 31.52469 55.91565 0.50588 0.44706 0.37255
v -40.79334 30.84872 58.53056 0.49020 0.42745 0.36863
v -45.5549 31.80329 54.69911 0.48235 0.41176 0.35294
v -47.77252 30.5507 55.78146 0.49804 0.44314 0.36863
v -45.26776 30.33027 57.64033 0.52549 0.45882 0.38431
v -45.36216 29.51999 59.28441 0.50588 0.45882 0.39608
v -48.91652 27.27126 60.62496 0.53725 0.47451 0.38824
v -51.95589 26.87739 59.58305 0.53333 0.47451 0.40000
v -12.30882 25.19177 75.41565 0.49412 0.42353 0.35294
v -22.59845 24.26247 73.41768 0.46667 0.41176 0.35294
v -25.02543 21.22479 80.51754 0.37647 0.34118 0.30588
v -32.24449 28.52714 88.47891 0.39608 0.36078 0.33725
v -25.79395 33.307 85.44923 0.46667 0.41176 0.34510
v -19.52803 30.39013 89.4007 0.50588 0.45490 0.38431
v -22.1624 37.75852 78.71829 0.59608 0.49412 0.38824
v -20.56372 39.38522 75.80275 0.60000 0.50588 0.40392
v -21.32447 35.80039 79.63993 0.49804 0.41961 0.33333
v -23.56458 36.33267 79.98716 0.56471 0.49412 0.38824
v -19.14488 35.31978 78.32039 0.57647 0.50588 0.40392
v -23.58131 38.06026 79.58917 0.49412 0.43529 0.37255
v -30.46394 37.52575 79.00029 0.51373 0.44706 0.35686
v -43.36056 28.28826 83.30491 0.61176 0.51373 0.41961
v -44.57473 26.63461 83.54948 0.55686 0.48235 0.40392
v 4.852595 36.08044 62.2057 0.45882 0.42745 0.39216
v -9.961187 23.14204 81.39816 0.58824 0.50588 0.39608
v -2.51178 35.73928 60.47522 0.49804 0.43922 0.37647
v -32.18172 29.75809 62.78678 0.54118 0.48235 0.39608
v -35.95527 30.55087 60.66483 0.52941 0.45882 0.37255
v -28.5967 32.96286 58.81323 0.51373 0.45490 0.39216
v -37.03513 32.24579 57.89571 0.47843 0.42353 0.36863
v -32.20299 33.50604 57.20649 0.43529 0.41176 0.39216
v -33.38769 31.11759 60.15538 0.49412 0.44314 0.38039
v 34.89723 29.6238 80.40456 0.54510 0.47451 0.39216
v 10.32862 38.80282 55.97619 0.54510 0.47843 0.40000
v 9.366972 39.61782 51.43188 0.55686 0.48627 0.40392
v 11.92263 39.3363 54.52413 0.54510 0.48627 0.41961
v 13.54499 40.78616 47.98094 0.53725 0.49020 0.42745
v 18.14301 41.22936 47.58672 0.55686 0.48627 0.40392
v 10.50323 40.31229 49.23008 0.52157 0.47059 0.41176
v 11.33391 40.94163 44.94445 0.53333 0.47451 0.40392
v 14.64137 41.24886 45.58889 0.54902 0.50588 0.43922
v 12.69746 41.50977 42.23557 0.52157 0.47451 0.41569
v 17.97326 41.66029 44.17748 0.55294 0.48627 0.41176
v 28.64974 42.28472 47.31512 0.56078 0.49412 0.40784
v 9.419372 40.74526 45.76269 0.51765 0.46667 0.40784
v 7.064884 40.52201 44.90062 0.50588 0.43922 0.36863
v 6.865414 40.99882 40.90686 0.54902 0.47843 0.40392
v 6.076114 41.02956 38.72913 0.52549 0.46275 0.38824
v 6.187458 41.28187 35.86946 0.50588 0.45490 0.39216
v 10.4995 41.74776 36.82497 0.61176 0.52157 0.41176
v 16.12702 41.83827 41.24838 0.57647 0.49804 0.40000
v 21.24707 42.17318 43.4429 0.49804 0.44314 0.38824
v 24.27877 42.12625 45.36968 0.53333 0.47451 0.39216
v 13.68012 41.89799 38.11197 0.54510 0.47843 0.39216
v 9.254903 41.1471 41.77251 0.55686 0.49020 0.40392
v 3.861644 40.56016 39.66281 0.51765 0.45490 0.39216
v 2.915852 41.02543 37.51047 0.54510 0.46275 0.37255
v 4.148336 40.38707 43.25091 0.50980 0.45490 0.38824
v 4.997616 40.10433 46.98329 0.56471 0.49020 0.40000
v 4.270584 39.87125 48.30141 0.57647 0.49412 0.40000
v 6.739606 39.96934 49.63935 0.52549 0.48235 0.42353
v 4.713735 39.13505 52.06068 0.56863 0.49804 0.40000
v -12.45115 40.35261 40.87569 0.50196 0.44706 0.38039
v -7.250102 40.44448 40.29938 0.54902 0.49020 0.39608
v -8.081256 39.79995 44.14826 0.56863 0.49412 0.40392
v -4.992523 39.77174 44.48917 0.54510 0.48235 0.40392
v -11.45461 40.87277 38.39415 0.58431 0.50588 0.40784
v -16.06453 40.0845 41.76315 0.58431 0.50196 0.40784
v -15.75415 39.2539 45.57123 0.56863 0.49412 0.40392
v -20.42734 40.17025 40.43705 0.52941 0.46275 0.38431
v -26.31897 38.75118 43.27628 0.53333 0.45882 0.36863
v -28.25123 39.33131 40.51957 0.52157 0.45490 0.38039
v -34.42488 38.07268 41.20111 0.57255 0.49412 0.40000
v -38.77834 36.81541 43.19751 0.60392 0.51765 0.41176
v -41.66881 35.50215 46.90448 0.53333 0.48627 0.41961
v -44.72102 34.79483 47.52603 0.53333 0.48235 0.40392
v -51.32349 32.82395 48.37952 0.56863 0.49020 0.40392
v -53.94448 32.93643 47.45908 0.52157 0.45882 0.38431
v -48.78133 34.96598 43.72717 0.53725 0.46667 0.38824
v -48.11913 34.43145 46.01704 0.52549 0.45098 0.35686
v -46.55953 36.04372 40.88568 0.58824 0.51373 0.42353
v -45.48357 35.22773 45.50001 0.55686 0.48235 0.39608
v -43.92101 35.70779 43.56301 0.56471 0.49020 0.39608
v -50.06497 35.13097 40.87602 0.54510 0.47451 0.40392
v -51.49421 34.05188 44.58886 0.59216 0.50588 0.40000
v -53.71658 33.75764 45.05095 0.54510 0.45882 0.36078
v -50.12653 33.34874 49.45634 0.50980 0.46275 0.39608
v -46.95405 33.35557 49.75445 0.49020 0.43137 0.36863
v 24.48793 39.14971 61.27294 0.52941 0.46667 0.40392
v -39.16519 26.21555 82.82585 0.60000 0.50980 0.40784
v -42.68216 26.16966 83.79028 0.61176 0.51765 0.39608
v -40.04894 27.32719 83.57802 0.56078 0.48235 0.38039
v -38.20054 28.01704 84.91402 0.58824 0.50196 0.38824
v -37.44292 26.63651 84.45121 0.51765 0.45490 0.37647
v -25.38904 35.51242 82.49569 0.47843 0.41569 0.36078
v -22.36106 34.8385 81.36782 0.52157 0.44706 0.35686
v -20.13958 35.47968 80.96641 0.51765 0.45490 0.37647
v -36.10096 28.35079 87.04571 0.36471 0.34118 0.30980
v -39.02334 29.50994 85.86177 0.30196 0.26667 0.22353
v -39.20134 39.45741 73.77311 0.54118 0.45490 0.37647
v 65.45984 38.4675 7.669929 0.54510 0.50196 0.43137
v 69.188 38.71151 9.867348 0.53725 0.48235 0.40784
v 62.94719 38.13375 6.55223 0.58039 0.50196 0.40392
v 55.36597 36.71896 1.856177 0.52157 0.47059 0.39608
v 54.58959 35.71033 -0.6635652 0.59216 0.51373 0.40000
v 54.65538 34.62036 -3.251234 0.52157 0.49020 0.43529
v 51.97789 36.67408 1.16468 0.54510 0.48235 0.40784
v 54.11521 37.79327 4.344003 0.51765 0.45490 0.38039
v 58.55472 38.19636 6.075702 0.60784 0.51765 0.40392
v 60.9238 39.05863 8.640373 0.59608 0.50196 0.38824
v 68.45272 39.99633 13.8509 0.53725 0.48627 0.42353
v 63.73997 39.10527 9.270257 0.61569 0.52549 0.41961
v 57.8282 39.13239 8.782659 0.55294 0.47843 0.39216
v 53.89793 38.63112 6.387149 0.60000 0.50588 0.40000
v 51.2463 39.74757 9.379871 0.60000 0.50980 0.40784
v 52.12557 39.079 7.531944 0.61176 0.52157 0.41176
v 50.60452 37.9467 3.873962 0.56863 0.50196 0.41176
v 47.31692 39.12772 6.815053 0.58824 0.50588 0.40392
v 48.9627 40.59312 11.4071 0.57647 0.50588 0.41569
v 47.26561 37.92098 3.712846 0.57255 0.50588 0.41961
v 48.46296 37.28938 2.179487 0.60784 0.51765 0.41569
v 48.3564 36.1781 -0.2671754 0.61176 0.52157 0.42353
v 44.03915 36.73387 0.686124 0.60784 0.51765 0.41569
v 45.51624 33.6506 -6.114023 0.58431 0.51373 0.41961
v 51.21612 35.05471 -2.576055 0.56471 0.49804 0.41176
v 48.65466 34.45546 -4.350142 0.54510 0.47843 0.39608
v 50.96075 33.04377 -6.859236 0.57647 0.51373 0.43137
v 52.54938 34.36602 -3.940539 0.58824 0.50980 0.41176
v 78.72784 37.50283 6.402828 0.54118 0.48235 0.40000
v 117.0564 26.49752 -12.12483 0.57255 0.50980 0.43529
v 111.9819 31.79997 -2.683443 0.48627 0.43922 0.38039
v 145.8535 54.12343 40.05406 0.41569 0.37255 0.31765
v -16.96853 33.03979 -3.734512 0.53333 0.48235 0.41176
v -14.67758 30.60732 -8.48883 0.57255 0.50588 0.41176
v -15.72975 32.35922 -5.149527 0.58039 0.50980 0.41569
v -19.30833 33.71943 -1.84236 0.56078 0.49412 0.40392
v -12.9928 32.13669 -6.146594 0.54118 0.49412 0.42745
v -6.457677 33.92974 -3.548985 0.56078 0.50196 0.41569
v -9.270144 34.46141 -1.994398 0.57255 0.49804 0.40784
v -16.99192 34.64164 -0.3361067 0.54510 0.48627 0.40000
v -14.85931 34.10655 -1.927588 0.60392 0.53333 0.43529
v -13.0195 34.17647 -1.727618 0.54902 0.49412 0.41569
v -7.482159 35.47445 -0.03182386 0.56863 0.49804 0.40000
v -6.956278 36.21398 2.294221 0.56863 0.50196 0.41176
v -10.70736 35.77406 1.824537 0.60784 0.52549 0.42745
v 0.4507016 34.17275 -3.375932 0.52157 0.47451 0.40392
v -1.482544 33.1188 -5.102844 0.57255 0.50196 0.40392
v -0.8186414 34.78518 -2.077066 0.54902 0.49020 0.41569
v 8.221927 37.72142 6.300889 0.55686 0.49020 0.39608
v 5.571611 36.96778 4.17168 0.54118 0.47059 0.38824
v 3.474827 36.81694 3.151227 0.55686 0.50196 0.42353
v 5.803722 36.06335 2.067964 0.53333 0.46275 0.38431
v -2.13801 35.48095 0.099353 0.54902 0.48235 0.40000
v -3.786088 34.54847 -2.197542 0.56078 0.49412 0.41569
v -3.338267 33.54813 -4.113125 0.54902 0.48627 0.40392
v -5.223344 35.2215 -0.5555351 0.53725 0.47059 0.39216
v -4.369529 35.93747 1.369068 0.55294 0.49020 0.40392
v -1.633786 36.6071 2.639908 0.61176 0.52549 0.42745
v -5.143882 37.09359 4.75862 0.56863 0.49804 0.40784
v 1.163456 37.23192 4.617118 0.55294 0.49412 0.41569
v 1.118385 37.97348 6.978248 0.59608 0.51373 0.41569
v -1.78061 37.53759 5.812581 0.59216 0.50980 0.40000
v 3.690291 38.65203 9.712232 0.57255 0.49412 0.40000
v 0.4863447 39.00563 11.12218 0.59608 0.51765 0.41569
v -3.032865 38.84497 9.993794 0.58824 0.50980 0.40392
v -2.611094 38.40631 8.348924 0.60784 0.52549 0.41961
v -5.244449 38.07673 8.854296 0.61176 0.52157 0.41176
v 0.7344666 35.87722 0.9529586 0.56863 0.49412 0.40000
v -14.36042 35.48499 1.729239 0.56863 0.50196 0.41176
v -10.27919 36.5721 3.957617 0.56863 0.50980 0.41569
v -17.05926 35.33504 1.658779 0.57647 0.50980 0.42353
v -26.54341 34.14376 2.066992 0.58824 0.52157 0.42353
v 3.239394 30.2582 -10.85238 0.52157 0.47059 0.41176
v 16.57146 34.80227 -2.040711 0.51373 0.43529 0.35686
v 15.77536 35.86146 0.7092379 0.53333 0.46667 0.39216
v 22.58105 36.8488 2.285698 0.57255 0.50196 0.41176
v 32.29504 36.65205 1.497522 0.60784 0.51765 0.41176
v 28.04773 35.86451 -0.4786453 0.58431 0.51765 0.42353
v 26.40596 37.63595 4.120235 0.57255 0.50196 0.40784
v 23.83961 37.8074 4.957217 0.54510 0.47451 0.39216
v 19.49401 37.97562 5.480179 0.56863 0.50196 0.41176
v 22.21546 38.17002 6.044412 0.60784 0.52157 0.41961
v 20.17544 38.76526 7.649498 0.56863 0.50588 0.41961
v 26.00223 38.79353 7.318167 0.55686 0.49804 0.42353
v 23.15029 38.86376 8.605581 0.55686 0.48235 0.39608
v 26.75343 39.36981 9.766798 0.57255 0.50588 0.40784
v 26.88693 36.74217 1.574537 0.60392 0.51373 0.41176
v 34.26123 36.05455 -0.4027413 0.52941 0.47843 0.41176
v 31.10097 38.07995 5.259265 0.52157 0.47059 0.40392
v 33.44589 37.70637 3.930618 0.56471 0.49412 0.40000
v 35.90229 38.32901 5.30473 0.57255 0.50196 0.40784
v 38.60658 37.41598 2.508927 0.56863 0.50196 0.40784
v 33.73057 38.6708 6.435721 0.59608 0.50980 0.40784
v 29.8519 38.55633 6.62 0.56471 0.49804 0.40784
v 30.67664 39.51723 9.392951 0.58431 0.50588 0.40392
v 40.04401 38.80501 5.934069 0.52941 0.47843 0.40784
v 37.18493 36.0044 -0.9962138 0.61176 0.53333 0.43922
v 40.35426 36.00606 -0.9883611 0.57255 0.50980 0.41961
v 45.14098 35.26626 -2.409151 0.59608 0.51765 0.41569
v 39.1504 34.56823 -3.834837 0.52941 0.47451 0.40392
v 41.93858 34.68895 -3.548864 0.59608 0.51765 0.41569
v -41.72928 33.642 3.451377 0.53725 0.46667 0.37255
v -44.56796 33.25658 2.595852 0.52549 0.46667 0.38824
v -49.04376 32.59491 2.24968 0.59608 0.50980 0.40392
v -45.73811 33.59263 4.168921 0.60392 0.52157 0.41961
v -43.66064 34.43048 5.747736 0.59216 0.50980 0.41961
v -48.39608 33.25858 4.318102 0.57255 0.49804 0.39608
v -49.57157 33.40112 5.015821 0.54510 0.47451 0.38824
v -45.60016 34.21343 5.794453 0.57255 0.50196 0.40000
v -41.99583 34.55563 6.514253 0.61961 0.52549 0.41961
v -39.98159 34.67188 6.491395 0.56863 0.49804 0.40392
v -43.81128 35.22191 9.475911 0.60392 0.51373 0.40392
v -50.36179 33.56038 5.769444 0.59216 0.50980 0.40784
v -50.89172 34.08587 7.961206 0.60000 0.51373 0.40392
v -49.10842 34.80466 10.3403 0.60392 0.52157 0.41961
v -47.47594 34.88072 8.949156 0.60000 0.52157 0.42353
v -40.66333 35.45247 9.986127 0.58431 0.50588 0.40784
v -39.60789 36.03588 12.22059 0.57647 0.50588 0.41176
v -33.42459 35.5837 8.300371 0.59216 0.52157 0.42745
v -32.95054 36.58036 12.70391 0.60392 0.51765 0.41569
v -35.92471 36.22648 12.26575 0.56078 0.49020 0.40784
v -24.04517 34.98282 2.952351 0.56471 0.49804 0.41961
v -22.06734 35.75954 4.527615 0.50980 0.45098 0.37255
v -17.82852 36.42813 5.047004 0.53333 0.46667 0.36863
v -23.36176 33.65534 -1.011989 0.59608 0.51373 0.41961
v -20.59089 34.41713 0.5411505 0.51373 0.47059 0.41961
v -13.06247 36.69293 4.976343 0.51765 0.47059 0.42353
v 3.466807 39.21901 12.2973 0.55294 0.49020 0.40000
v -0.6179846 39.47829 13.38303 0.61961 0.53333 0.43137
v -0.1405419 40.20057 16.64033 0.59608 0.51373 0.41569
v -3.733091 39.26391 12.6347 0.56471 0.49412 0.40392
v -6.048461 37.87068 7.298336 0.57255 0.50196 0.41569
v -7.612629 39.29213 13.44551 0.52157 0.46667 0.40784
v -6.780768 38.57462 10.83528 0.57255 0.49412 0.39608
v -4.028217 40.16644 16.73684 0.53333 0.47059 0.40392
v -8.054272 40.00349 16.19717 0.58431 0.51373 0.41569
v -5.742493 40.70165 19.72586 0.52941 0.46667 0.40392
v -10.35794 37.29617 6.178284 0.59608 0.51765 0.41961
v -15.25549 37.76653 9.214557 0.57647 0.50588 0.41176
v -20.34152 37.46395 9.533787 0.60392 0.52549 0.42745
v -18.07621 38.96478 13.97146 0.57255 0.50588 0.41961
v -20.26216 36.75288 6.683093 0.51373 0.46667 0.41176
v 16.33572 36.8081 2.941972 0.52549 0.46667 0.38824
v 19.83971 37.22728 3.335699 0.60000 0.51765 0.41569
v 14.5379 37.34317 4.457969 0.51373 0.46667 0.40392
v 16.55014 38.3662 6.553917 0.58039 0.51373 0.42745
v 24.99885 35.81475 -0.1895071 0.52941 0.48235 0.40784
v 12.05473 38.94964 10.02235 0.59608 0.51373 0.41569
v 10.09368 38.03861 6.560255 0.58431 0.50196 0.40000
v 8.483814 38.15366 7.867608 0.53725 0.47059 0.39216
v 7.681802 38.89257 10.0121 0.56471 0.48627 0.39216
v 9.620644 39.51434 11.65776 0.53725 0.48627 0.41961
v 6.250778 38.95347 10.90287 0.51765 0.46667 0.40392
v 4.454162 37.46318 5.629426 0.58039 0.50588 0.40784
v 6.645432 37.25342 5.518868 0.52549 0.46667 0.40000
v 6.697037 38.23328 8.465279 0.49020 0.43529 0.37255
v 4.587291 38.08976 7.681427 0.57647 0.49804 0.40000
v 16.26375 38.74879 7.932122 0.53725 0.47843 0.41176
v 13.48569 38.26222 7.846954 0.57255 0.49804 0.39608
v 15.9386 39.18936 10.11801 0.57255 0.49804 0.40392
v 15.57037 39.84044 12.55922 0.55294 0.49804 0.41961
v 11.85164 39.64396 12.68119 0.54510 0.48627 0.40392
v 13.73598 40.20933 13.80394 0.56471 0.50196 0.41176
v 17.30733 40.11929 13.93894 0.57647 0.50196 0.40000
v 17.00274 40.61349 15.48548 0.60000 0.50980 0.40392
v 10.85318 40.5085 16.53734 0.58431 0.51373 0.42745
v 11.53826 40.18033 14.78724 0.49412 0.45098 0.38824
v 14.54697 40.84601 16.66362 0.56863 0.50196 0.41961
v 17.39099 41.27379 18.66164 0.56471 0.50588 0.43137
v 14.32318 41.3825 19.91514 0.48627 0.45490 0.41961
v 19.95984 40.84021 16.4294 0.61176 0.51765 0.41569
v 18.36162 39.55621 11.6013 0.56078 0.49020 0.40392
v 21.08615 39.58286 11.34251 0.58824 0.51373 0.41569
v 10.3404 40.80834 18.13826 0.52549 0.47451 0.40784
v 10.54924 41.56382 22.18022 0.55294 0.50588 0.43922
v 17.09942 41.90015 23.01053 0.59216 0.51373 0.41569
v 25.93064 41.90069 20.43548 0.53333 0.48235 0.41961
v 21.80916 41.82404 20.52919 0.61176 0.52157 0.41569
v 23.25015 40.99786 16.44144 0.60784 0.50980 0.40784
v 25.92045 41.12559 15.68165 0.57647 0.51765 0.43137
v 19.68878 39.15743 9.906469 0.62353 0.52941 0.41961
v 24.85536 40.49155 14.22466 0.56078 0.50196 0.43137
v 29.23139 40.70866 14.48989 0.59608 0.50980 0.40784
v 23.70403 39.6294 11.51339 0.52549 0.46667 0.40392
v 33.85858 39.86978 10.14595 0.56471 0.50980 0.43529
v 38.41382 40.2801 10.85814 0.57255 0.50588 0.41176
v 35.84739 40.57099 13.15706 0.54118 0.47843 0.40392
v 38.8317 40.88243 12.9705 0.53725 0.48627 0.41176
v 38.60809 39.64148 8.674303 0.58824 0.50980 0.40784
v 42.59119 37.98546 3.343765 0.56863 0.50588 0.41176
v 42.03927 36.99348 1.065458 0.59216 0.50980 0.40784
v -8.162836 36.74035 3.757148 0.56863 0.49020 0.40000
v 60.01924 36.27908 2.09285 0.55294 0.47843 0.39608
v 61.98977 36.23879 1.677038 0.55686 0.47843 0.38431
v 60.49755 36.74374 1.848667 0.52941 0.46667 0.38431
v 44.31323 38.98031 6.13108 0.53725 0.48235 0.41569
v 41.79904 39.78194 8.46962 0.45490 0.42353 0.39608
v 44.20217 40.79851 12.45974 0.55294 0.49020 0.41176
v 39.39689 41.11972 15.25928 0.57255 0.49020 0.40000
v 36.12448 41.34033 16.00889 0.57255 0.50588 0.41961
v 39.53288 41.99092 18.67787 0.59216 0.52157 0.42353
v 39.6666 42.73503 23.23184 0.56471 0.49412 0.40784
v 33.24618 41.86116 18.53812 0.56471 0.49804 0.41176
v 35.91901 42.17717 19.58595 0.56863 0.49412 0.40000
v 31.16343 42.03947 19.39186 0.57255 0.50980 0.42745
v 32.98873 40.90603 14.64652 0.54902 0.49020 0.40784
v 28.39844 42.28284 21.41817 0.59608 0.51765 0.42353
v 34.35017 42.68837 22.86605 0.59608 0.52549 0.43137
v 36.37727 42.79478 23.76234 0.58431 0.50588 0.40000
v 32.40157 42.88182 26.04094 0.58824 0.51765 0.42353
v 35.94054 43.05214 26.69787 0.56078 0.49804 0.40784
v 42.36788 42.41217 20.66249 0.56863 0.49804 0.40784
v 44.00704 42.8575 21.20853 0.61961 0.52941 0.41569
v 47.42991 42.29836 20.13694 0.59216 0.51373 0.41569
v 43.8399 41.70175 16.14391 0.55686 0.48235 0.39216
v 48.22928 41.80966 17.15023 0.52941 0.47451 0.40784
v 43.10577 42.10066 18.50071 0.60392 0.52157 0.41569
v 44.76075 39.73044 8.542076 0.58431 0.51373 0.41176
v 46.84641 41.31881 13.67317 0.56471 0.49412 0.41176
v 52.54294 40.57376 12.35871 0.57647 0.50980 0.41176
v 56.53563 40.39467 12.55782 0.59608 0.50980 0.40784
v 50.55727 41.25735 14.92483 0.56078 0.49804 0.42353
v 50.94606 41.76819 16.90839 0.55294 0.49412 0.41569
v 51.23038 42.07546 18.85123 0.56863 0.49412 0.40392
v 54.2708 42.16115 19.95826 0.50980 0.46667 0.41176
v 54.82284 41.82875 18.19411 0.51765 0.46667 0.40784
v 51.62118 42.50381 22.20532 0.56863 0.50196 0.40784
v 48.35802 42.76226 22.87737 0.57647 0.50196 0.40784
v 56.43226 42.56765 22.74951 0.54510 0.48235 0.40784
v 53.67441 42.46428 21.83113 0.55294 0.49412 0.42353
v 52.86345 42.72165 24.60812 0.53725 0.47059 0.40392
v 53.50425 41.56119 16.15271 0.55294 0.49020 0.40784
v 60.41811 41.81558 19.56227 0.58431 0.50980 0.41961
v 58.51234 42.28977 21.64734 0.54510 0.49412 0.42353
v 61.70487 40.83723 15.04961 0.56863 0.50196 0.41176
v 64.34111 40.68059 15.43121 0.58824 0.51765 0.43137
v 64.03463 40.03104 12.87335 0.60784 0.52157 0.41569
v 60.60491 39.96199 11.39161 0.53333 0.47843 0.41961
v 58.31762 41.06406 15.40812 0.58824 0.51765 0.41961
v 57.84214 41.75533 18.28859 0.56471 0.50588 0.42745
v 55.51703 41.35165 15.7602 0.54902 0.49412 0.41569
v 58.81974 40.44379 12.9825 0.59608 0.50980 0.40784
v 46.36129 40.38965 10.8804 0.55294 0.48627 0.39608
v 128.2902 36.24423 13.77894 0.56078 0.49412 0.41569
v 137.6495 35.72008 15.76794 0.59608 0.50588 0.40000
v 136.8961 36.2023 18.9963 0.55294 0.48235 0.39608
v 131.3217 37.76179 22.51558 0.52157 0.46667 0.39608
v 131.1097 38.35219 25.8568 0.55686 0.49804 0.41961
v 108.6107 40.85594 28.27807 0.56078 0.49020 0.38824
v 103.988 40.83619 27.47284 0.49804 0.45098 0.38039
v 111.514 40.68553 26.66491 0.56863 0.49412 0.40392
v 99.13968 41.86433 39.1162 0.56078 0.50196 0.41961
v 101.5246 41.54179 36.07312 0.54902 0.49804 0.42353
v 89.98666 41.79148 32.41979 0.58039 0.50588 0.41176
v 83.85349 42.48806 35.20648 0.53725 0.48235 0.40784
v 83.60003 42.6958 40.54433 0.50980 0.48235 0.44314
v 80.78439 42.89048 43.3058 0.58431 0.51765 0.41961
v 83.17424 42.68087 37.74694 0.57255 0.51765 0.43922
v 81.45627 42.80488 40.52944 0.56078 0.49412 0.41961
v 85.22128 42.75478 44.84473 0.57255 0.50196 0.40392
v 78.49806 43.26453 40.62328 0.57255 0.50588 0.41176
v 78.06722 43.02986 43.60325 0.59216 0.51373 0.41961
v 80.90729 42.57403 46.17877 0.57647 0.50980 0.41569
v 81.5705 41.88216 53.05148 0.52941 0.47059 0.40000
v 79.90971 42.35222 50.34043 0.55686 0.50196 0.41961
v 76.02821 42.8482 46.00304 0.58039 0.50980 0.41961
v 75.83696 43.30928 40.18717 0.56078 0.49804 0.42353
v 79.82716 43.03532 38.80387 0.56471 0.50196 0.40784
v 81.14688 42.90081 37.26832 0.55686 0.50196 0.42353
v 77.07968 43.25838 37.3958 0.58824 0.51765 0.42745
v 75.23021 43.09444 44.07691 0.56863 0.49804 0.41569
v 74.01466 43.04732 46.00066 0.56078 0.49804 0.42353
v 77.29452 42.80256 47.62075 0.54902 0.49020 0.41961
v 74.68561 42.74682 49.69456 0.58431 0.51765 0.43529
v 76.86149 42.32298 51.95784 0.56863 0.49412 0.39608
v 78.77213 42.09782 52.79365 0.57255 0.49412 0.40784
v 77.64986 41.91514 54.65257 0.61961 0.53333 0.43137
v 85.41288 41.00959 58.91248 0.53725 0.48235 0.40000
v 84.26182 41.7107 55.96538 0.54118 0.48235 0.41176
v 82.56844 41.2555 57.74313 0.49804 0.45882 0.41176
v 101.0939 41.41545 33.60412 0.54510 0.47843 0.39608
v 96.05874 41.87008 35.20005 0.56863 0.50980 0.43137
v 91.66495 41.98751 31.7037 0.57255 0.49804 0.40392
v 90.56542 41.94722 35.32455 0.46275 0.41176 0.36863
v 87.44325 42.15604 35.04767 0.59608 0.52157 0.42745
v 91.55024 41.75736 30.16315 0.52549 0.47451 0.40000
v 94.45894 41.6325 33.35159 0.53725 0.48627 0.41569
v 97.99584 41.40531 34.0484 0.52941 0.46667 0.38431
v 98.83196 41.30813 30.91404 0.55686 0.49412 0.40392
v 95.22634 41.53286 30.72057 0.51373 0.45882 0.40392
v 92.87599 41.68304 27.5857 0.51765 0.47059 0.40392
v 90.2169 41.86015 28.15748 0.55294 0.47843 0.39608
v 88.43109 41.89206 27.84864 0.51765 0.46667 0.39608
v 89.49429 41.75882 25.64869 0.58039 0.50588 0.41961
v 88.23764 41.14635 20.53218 0.59216 0.51765 0.41961
v 91.34591 41.01965 20.16644 0.54510 0.49020 0.41569
v 92.83614 41.4082 24.46122 0.50588 0.46275 0.40000
v 94.1091 41.20829 21.88166 0.57647 0.50980 0.42745
v 97.22429 40.2209 18.13157 0.54902 0.49020 0.40784
v 94.96064 40.80639 19.81051 0.55686 0.49412 0.41176
v -60.08799 28.86881 -4.406079 0.61961 0.53333 0.43137
v -60.75045 29.87732 -1.89357 0.52941 0.46275 0.37647
v -60.91212 30.87417 0.8933015 0.57255 0.49804 0.39608
v -68.92974 32.08633 8.598495 0.58431 0.51373 0.41961
v -64.66796 32.68264 8.329752 0.61569 0.53333 0.43529
v -61.05755 31.62529 4.095745 0.55686 0.50196 0.41961
v -63.92202 32.00533 5.519783 0.61176 0.52157 0.41176
v -57.9515 30.87789 0.8433885 0.61569 0.51765 0.40392
v -56.29808 31.37868 1.400334 0.49804 0.46275 0.41176
v -58.08863 31.66804 2.998083 0.57647 0.50588 0.41961
v -71.44402 31.98106 9.545203 0.55294 0.49020 0.41176
v -72.95466 32.27 12.68445 0.54118 0.49412 0.40784
v -72.53229 32.6348 15.83452 0.55294 0.49020 0.40784
v -70.08666 33.46752 18.77576 0.54902 0.49412 0.41961
v -69.40537 32.86795 13.30854 0.58431 0.50196 0.40392
v -59.06997 32.67725 7.516098 0.57255 0.49804 0.40784
v -55.54665 32.60516 5.312527 0.57255 0.51373 0.42745
v -58.3845 32.44902 5.857379 0.55294 0.49804 0.41961
v -54.96229 33.68225 8.599227 0.58039 0.51373 0.41961
v -55.66834 34.09834 11.03472 0.60392 0.50980 0.40392
v -60.8896 33.6749 12.47673 0.57255 0.51373 0.43137
v -52.27648 34.018 8.855616 0.59216 0.50588 0.40392
v -59.85853 33.2983 10.18026 0.53725 0.47451 0.40392
v -63.62294 33.67346 14.29844 0.53333 0.48627 0.41176
v -63.57828 33.23757 10.97975 0.54510 0.49020 0.41569
v -65.46246 33.17585 10.96231 0.56863 0.51373 0.43922
v -67.92469 32.76493 10.6212 0.57647 0.50588 0.41961
v -66.06642 33.48359 14.45586 0.57255 0.50588 0.40784
v -63.01194 34.14631 17.53267 0.58039 0.50196 0.40392
v -59.83773 34.34466 16.21437 0.54118 0.48627 0.41176
v -83.99179 30.61707 18.35175 0.53333 0.48235 0.41176
v -85.38953 30.69687 21.08875 0.56863 0.50196 0.41569
v -82.61364 31.04481 23.93583 0.55686 0.49020 0.40392
v -82.41119 31.12563 26.67254 0.58824 0.51373 0.41176
v -79.96977 31.59416 26.89735 0.61569 0.52549 0.41176
v -82.0881 30.64103 31.05679 0.56078 0.50196 0.42745
v -84.8081 30.40512 27.89943 0.57255 0.50196 0.41961
v -87.16081 30.34061 23.12189 0.54118 0.48627 0.40784
v -85.90392 30.41783 25.10565 0.54902 0.48627 0.40392
v -88.13781 29.67768 27.5145 0.58039 0.50196 0.40392
v -84.14132 30.22099 29.82284 0.52157 0.46275 0.38431
v -79.25538 31.35522 31.62349 0.57647 0.50980 0.42745
v -75.43082 32.18866 30.16071 0.57255 0.50588 0.42353
v -73.84996 32.25158 33.01723 0.59216 0.51765 0.41961
v -73.23659 31.42024 37.48054 0.58824 0.52157 0.42745
v -70.29011 31.84416 37.95571 0.60000 0.50980 0.40392
v -79.03573 30.48457 36.25508 0.56863 0.50196 0.40392
v -79.20835 30.81708 34.522 0.57255 0.50588 0.41569
v -83.54844 29.75573 34.15906 0.56471 0.50588 0.42353
v -85.5689 27.96049 38.94693 0.54902 0.49412 0.41961
v -87.36851 28.75293 33.80255 0.54118 0.47451 0.39216
v -90.38493 26.80164 37.69004 0.55686 0.49412 0.40392
v -87.78727 27.99053 36.18984 0.60784 0.51765 0.41176
v -91.88651 27.21517 35.3436 0.56471 0.50588 0.41176
v -89.1358 26.52729 40.08636 0.47843 0.41961 0.36078
v -93.20553 26.02453 38.37054 0.49804 0.44706 0.40000
v -95.18297 25.94235 36.77636 0.52549 0.47451 0.38824
v -91.66191 23.44623 45.57214 0.52157 0.48235 0.41569
v -96.13964 25.34503 38.37145 0.58431 0.53333 0.44706
v -98.71342 23.72768 41.71681 0.48235 0.44706 0.40000
v -99.23171 24.96988 37.36297 0.53725 0.47843 0.40000
v -100.9598 25.10414 35.50442 0.48235 0.41961 0.34902
v -97.98365 25.66762 35.94492 0.54118 0.47843 0.38824
v -98.71339 26.13796 33.97718 0.53333 0.47451 0.40000
v -96.08993 26.77168 33.65128 0.56471 0.49804 0.39608
v -102.9158 24.84091 34.94022 0.49020 0.41569 0.33333
v -104.1505 24.56336 36.3375 0.57255 0.50196 0.41176
v -100.4323 22.12853 43.92676 0.55686 0.49412 0.40000
v -102.676 22.56062 41.96718 0.54118 0.48627 0.40784
v -106.2087 25.07583 32.98714 0.57255 0.50588 0.41176
v -108.9302 24.45046 33.72154 0.53725 0.47843 0.40392
v -110.8494 22.57683 37.99432 0.49412 0.44706 0.38431
v -111.3167 20.39608 42.35914 0.49804 0.44314 0.37647
v -112.5029 21.23234 40.22491 0.54118 0.47843 0.40392
v -109.1079 19.85615 44.33104 0.52157 0.46275 0.39216
v -111.9423 18.50864 45.35574 0.49804 0.45490 0.39608
v -115.2843 16.46813 46.62186 0.51373 0.46275 0.39608
v -114.4338 19.80016 41.61952 0.56078 0.48627 0.40000
v -115.6066 17.75891 44.47613 0.53333 0.47451 0.40392
v -117.08 19.34782 40.71562 0.48627 0.43529 0.36863
v -115.0868 20.93807 38.9264 0.49020 0.45490 0.40392
v -113.7989 22.40836 36.61452 0.56471 0.50196 0.42353
v -117.4513 16.99066 44.61849 0.50980 0.46667 0.40392
v -118.1289 15.49741 46.3291 0.49412 0.44706 0.38824
v -113.3397 15.21668 49.66993 0.57647 0.51373 0.41569
v -114.3209 14.1074 50.65286 0.48235 0.42745 0.36863
v -117.0995 13.75737 49.79388 0.49412 0.44706 0.38824
v -117.2551 15.00745 48.0622 0.48627 0.43137 0.37255
v -112.7287 13.37078 52.43604 0.52941 0.46275 0.38039
v -103.7364 14.58521 54.57988 0.50196 0.44314 0.37647
v -111.2245 16.37978 48.97225 0.58431 0.51373 0.42353
v -108.7576 16.25408 50.27958 0.53725 0.47451 0.38824
v -109.5255 17.49543 47.95936 0.54510 0.47451 0.38431
v -105.1154 19.49817 46.9982 0.52941 0.47843 0.40784
v -107.6669 20.93143 43.31584 0.53725 0.47451 0.38431
v -106.3576 21.73402 42.19442 0.47843 0.41961 0.34902
v -104.3065 21.08463 44.41828 0.50588 0.45882 0.40000
v -106.6499 22.47547 40.07667 0.49020 0.42353 0.34902
v -59.92404 34.60052 18.71921 0.56863 0.50980 0.42745
v -64.17099 34.29265 20.37083 0.54510 0.49412 0.42353
v -66.68711 34.08839 21.79825 0.52549 0.46667 0.38039
v -66.85792 33.91664 19.39919 0.51373 0.46275 0.40392
v -69.48417 33.72264 22.14353 0.60000 0.52549 0.43137
v -51.88533 34.67701 11.57934 0.52941 0.47451 0.40000
v -35.53831 36.91613 15.27728 0.58824 0.50980 0.41569
v -43.22531 35.80624 11.5465 0.57255 0.50980 0.41961
v -39.91766 37.03585 17.11315 0.54902 0.49020 0.41961
v -28.62418 39.5233 27.93309 0.54510 0.48627 0.40000
v -29.569 39.65428 34.19857 0.56078 0.49804 0.41569
v -31.32422 39.28058 32.19518 0.48235 0.43529 0.38431
v -32.27386 39.20945 29.52364 0.54902 0.49020 0.41569
v -34.65734 38.6072 26.54934 0.58039 0.50196 0.40000
v -35.01403 38.18907 23.17394 0.60000 0.51765 0.41176
v -38.46655 38.23604 26.12135 0.55294 0.48627 0.39608
v -34.60208 38.73263 30.62348 0.57255 0.49804 0.40392
v -32.54951 38.85837 37.52117 0.55294 0.49412 0.41569
v -34.65908 38.83426 34.2051 0.56471 0.49804 0.40000
v -41.81819 36.16948 44.16197 0.54902 0.48235 0.40000
v -41.86122 36.6362 41.85713 0.52941 0.47451 0.40000
v -31.61275 38.72364 40.05212 0.56078 0.49412 0.40784
v -53.5102 32.76341 4.274209 0.62745 0.53333 0.41569
v -52.70872 31.79692 1.225356 0.60784 0.53333 0.43137
v 29.82791 40.151 12.5855 0.58039 0.50588 0.40784
v 30.11722 41.5264 16.9206 0.59608 0.50588 0.40392
v 28.49783 41.84261 19.54881 0.59216 0.50588 0.40784
v 27.06824 42.35616 22.9671 0.56863 0.50196 0.41569
v 40.32306 43.16839 28.12949 0.54902 0.48627 0.40784
v 39.39982 42.97824 24.98853 0.61176 0.51765 0.40784
v 38.36339 43.32805 29.27832 0.56471 0.50196 0.41961
v 36.41206 43.28163 31.09632 0.59608 0.51765 0.41569
v 40.23112 43.4369 33.27188 0.53333 0.47843 0.40784
v 37.06538 43.38628 34.3397 0.59216 0.51373 0.41176
v 24.03779 42.60446 26.1136 0.58824 0.52157 0.41961
v 27.05156 42.63919 25.4356 0.57647 0.50980 0.43529
v 26.47201 42.88887 28.17317 0.56863 0.50588 0.42353
v 17.08445 42.27752 27.08579 0.53725 0.48235 0.41176
v 13.04777 41.79679 23.33856 0.52941 0.47451 0.40784
v 20.96974 42.57155 26.63222 0.57647 0.50980 0.43137
v 24.82482 42.93832 32.37466 0.55294 0.49020 0.41569
v 20.61266 42.69982 31.2651 0.56078 0.49804 0.41961
v 18.2789 42.45131 29.76834 0.54902 0.49412 0.41961
v 14.55846 42.08486 35.20963 0.58431 0.49020 0.38431
v 11.11506 41.95965 31.39666 0.50588 0.46275 0.39608
v 17.30736 42.21906 37.41287 0.51373 0.45882 0.39608
v 15.11711 42.28602 31.8992 0.58039 0.51765 0.43137
v 19.25997 42.54356 32.98762 0.54118 0.49020 0.41961
v 24.63858 42.92552 34.88605 0.54510 0.47843 0.40000
v 21.95553 42.55165 37.55511 0.47843 0.43529 0.37647
v 27.07731 42.86649 31.25299 0.53333 0.47843 0.41176
v 25.09635 42.90923 29.87452 0.57255 0.50980 0.43529
v 65.02744 39.40574 10.635 0.53725 0.48627 0.40784
v 101.3254 40.66635 22.05694 0.51765 0.47451 0.40784
v 99.78227 40.07831 17.46582 0.59216 0.50588 0.40784
v 97.39144 39.95847 16.96222 0.58824 0.51373 0.41176
v 98.11257 40.83542 20.89632 0.59216 0.50980 0.41176
v 96.70041 41.05573 22.54803 0.59216 0.51765 0.41961
v 95.98074 41.34435 24.64511 0.51765 0.45490 0.39216
v 89.30634 41.62115 23.69243 0.57647 0.50196 0.40784
v 97.11699 41.41701 28.16862 0.56078 0.49412 0.40784
v 99.97179 41.0293 26.94708 0.50588 0.45098 0.38039
v 100.9208 41.40887 28.7172 0.52941 0.45882 0.38039
v 95.55556 41.54792 27.62428 0.52549 0.47059 0.39608
v 102.7014 40.81155 24.22424 0.55294 0.47451 0.38039
v 100.9501 40.95327 25.56292 0.54510 0.48627 0.41569
v 99.71873 40.96955 23.4519 0.57255 0.49020 0.39608
v 97.8374 41.21867 24.98412 0.60784 0.52549 0.41961
v 79.2257 42.9456 35.72529 0.52157 0.47843 0.40784
v 84.52257 42.34206 32.83373 0.51373 0.46667 0.40392
v 85.28384 42.2742 30.56419 0.55686 0.48235 0.39608
v 88.18301 41.97914 30.20264 0.53333 0.47843 0.41961
v 85.3994 41.98607 27.52196 0.49020 0.44706 0.38824
v 83.25573 41.98884 26.43888 0.55686 0.49412 0.41176
v 86.36666 41.44575 21.92277 0.53725 0.47059 0.39608
v 82.16223 41.29336 19.56155 0.55294 0.49020 0.40392
v 83.98066 41.78636 23.14343 0.55686 0.49020 0.40000
v 86.24259 40.82074 18.34129 0.59608 0.51765 0.41961
v 82.23184 40.84938 17.72132 0.60000 0.51765 0.41569
v 81.01028 41.47379 21.73623 0.58039 0.50980 0.41176
v 79.91821 42.43705 28.88358 0.55294 0.48627 0.39608
v 78.35381 41.68796 21.89084 0.56078 0.49804 0.41569
v 79.75755 40.70685 16.83632 0.54510 0.48627 0.40784
v 76.19393 41.49192 20.31917 0.55686 0.49804 0.42353
v 78.73787 41.98484 24.92917 0.56471 0.49412 0.40784
v 76.69664 42.0575 23.93013 0.54510 0.49020 0.40784
v 71.91186 42.05416 23.79425 0.53333 0.47843 0.41569
v 71.70203 41.58752 21.17872 0.58431 0.51373 0.41961
v 70.40437 42.57909 26.47076 0.56863 0.50196 0.41569
v 68.5665 42.19682 23.81431 0.53333 0.47843 0.40000
v 65.20947 42.57182 25.66982 0.59608 0.51765 0.41961
v 68.21377 41.38087 19.73897 0.60784 0.52157 0.41569
v 63.35908 41.76346 20.67139 0.60000 0.51373 0.40784
v 64.72565 41.46763 18.77606 0.59608 0.51373 0.41569
v 82.9103 37.79321 7.525695 0.58039 0.50980 0.41569
v 80.58895 42.03341 25.91573 0.52941 0.47059 0.39608
v 77.21101 42.40136 26.90054 0.56471 0.49412 0.40000
v 74.47486 42.32974 25.56236 0.58824 0.51765 0.41569
v 77.78795 42.5766 29.69104 0.56471 0.49804 0.40392
v 74.99949 42.637 27.77521 0.57255 0.50980 0.41176
v 71.49661 42.93408 28.84996 0.58039 0.50980 0.40784
v 75.25769 42.82805 29.95333 0.53725 0.47843 0.39608
v 80.70183 42.51175 31.00816 0.58039 0.50588 0.41569
v 83.6253 42.25687 29.92489 0.56078 0.48235 0.38824
v 81.7608 42.60585 34.40535 0.54902 0.49020 0.40000
v 74.18551 43.48867 38.14876 0.56863 0.50588 0.41961
v 72.28539 43.25754 33.42888 0.60000 0.52549 0.42745
v 75.24475 43.28073 41.90138 0.54510 0.48627 0.40784
v 72.93579 43.27529 37.65791 0.59216 0.50588 0.40392
v 71.22675 43.38239 41.36504 0.58039 0.51765 0.44314
v 71.44753 43.29371 43.88789 0.57647 0.50588 0.43137
v 69.91665 43.26104 45.67801 0.58431 0.51373 0.42745
v 68.52165 43.19117 48.87791 0.53333 0.49804 0.45882
v 65.93971 43.48744 45.9942 0.54118 0.49020 0.42353
v 63.46476 43.59669 44.20229 0.56863 0.50196 0.41961
v 60.34308 43.60108 46.06218 0.56863 0.49804 0.40392
v 57.49463 43.7857 44.24188 0.59216 0.51765 0.41961
v 61.21855 43.61118 43.68938 0.54902 0.48627 0.41569
v 60.90421 43.69679 41.37646 0.57255 0.50196 0.40000
v 63.87067 43.74025 40.98914 0.57255 0.50588 0.42745
v 68.35003 43.41933 41.98653 0.57255 0.50196 0.42353
v 59.57466 43.77922 38.41456 0.58039 0.51373 0.41569
v 61.97552 43.64685 37.96002 0.58039 0.50980 0.41569
v 69.20607 43.50063 38.58188 0.52157 0.47451 0.41961
v 64.85497 43.54068 37.94824 0.55294 0.49804 0.41961
v 60.37231 43.67804 36.02198 0.58824 0.50980 0.41569
v 56.96685 43.67985 38.73574 0.52941 0.47059 0.40392
v 63.03981 43.51046 34.50034 0.59216 0.50980 0.40392
v 66.03557 43.55312 34.65458 0.54510 0.48627 0.41569
v 60.44722 43.42667 33.62696 0.56078 0.49804 0.40784
v 57.55107 43.4111 31.43844 0.56471 0.49412 0.40784
v 64.67782 43.26701 32.28282 0.52941 0.48235 0.41176
v 59.69404 43.19221 30.34756 0.52157 0.47059 0.40392
v 62.39232 43.09471 31.11734 0.51765 0.46667 0.40000
v 62.32638 42.71998 27.41639 0.54118 0.49020 0.41569
v 55.03613 43.58187 37.73899 0.56471 0.49020 0.40000
v 54.58761 43.49644 32.21124 0.55686 0.48627 0.39216
v 56.21143 43.59392 35.43091 0.53725 0.47059 0.38824
v 56.3236 43.57552 33.86579 0.56863 0.49412 0.40392
v 52.74435 43.78849 37.27904 0.57647 0.50196 0.40392
v 51.05375 43.47881 33.7844 0.51765 0.45882 0.38824
v 52.9817 43.63335 34.5031 0.55294 0.48235 0.39608
v 52.35882 43.21672 31.01163 0.54902 0.48235 0.40000
v 52.08551 43.02016 28.61421 0.56078 0.49804 0.41176
v 54.21778 43.06637 28.98387 0.59216 0.51373 0.42353
v 57.59758 42.92606 27.67114 0.59608 0.50980 0.40784
v 55.19992 42.88193 25.86525 0.51765 0.47059 0.40784
v 50.60158 42.96217 26.94637 0.60000 0.51765 0.42353
v 47.72962 42.90117 24.85561 0.59608 0.52157 0.42745
v 43.85766 43.00439 23.83645 0.60392 0.53725 0.43529
v 43.78806 43.19524 26.13671 0.58824 0.50196 0.40784
v 48.37119 43.2173 29.86267 0.57647 0.51373 0.42353
v 46.64113 43.12413 29.00065 0.53725 0.47843 0.39608
v 48.93563 43.39135 32.9094 0.58824 0.49804 0.40000
v 42.89414 43.45345 31.3894 0.54510 0.47843 0.40000
v 39.45007 43.65598 38.35101 0.56078 0.48235 0.39608
v 37.14171 43.51622 36.49118 0.55294 0.49020 0.40392
v 36.47277 43.48373 38.96249 0.53725 0.47843 0.40392
v 34.91605 43.29609 34.90528 0.52941 0.47451 0.40000
v 34.90901 43.03714 29.55967 0.59608 0.51765 0.42353
v 32.58913 43.14792 32.57954 0.55686 0.49412 0.40784
v 30.48442 43.05704 34.39787 0.57647 0.50980 0.41961
v 32.56822 43.17783 37.95806 0.56863 0.49412 0.40784
v 30.84808 42.91008 40.59646 0.58039 0.50980 0.41176
v 36.18648 43.25834 41.38522 0.52549 0.46667 0.39608
v 41.80484 43.52092 35.62816 0.57647 0.50588 0.42745
v 45.12863 43.45253 35.44041 0.57647 0.49412 0.40392
v 41.22927 43.66285 40.5636 0.53333 0.47059 0.40000
v 46.09779 43.41779 32.52081 0.57647 0.50588 0.40784
v 48.13953 43.54744 35.90895 0.62745 0.53725 0.43137
v 44.0544 43.71613 38.79481 0.55294 0.49020 0.40392
v 37.80805 43.20462 43.83843 0.53725 0.48235 0.41569
v 35.15165 43.21224 43.15549 0.57647 0.50588 0.41176
v 39.65791 43.26898 45.96805 0.58039 0.50196 0.41176
v 43.7004 43.70664 40.68834 0.54510 0.47843 0.39608
v 42.64167 43.48824 44.37737 0.52157 0.46667 0.39608
v 45.34685 43.57615 42.60022 0.50196 0.45098 0.38824
v 48.0207 43.64882 39.70534 0.56471 0.49804 0.41176
v 51.55223 43.79488 38.93929 0.58824 0.51373 0.41176
v 54.93416 43.70131 41.16092 0.56078 0.49412 0.40000
v 58.58583 43.48495 47.3939 0.52941 0.47451 0.40000
v 58.34222 43.30254 51.04147 0.52941 0.47843 0.41176
v 61.81041 43.87822 49.67796 0.54118 0.45882 0.36863
v 64.93941 43.17523 51.97485 0.56078 0.49412 0.40392
v 62.38181 43.07555 53.55808 0.58039 0.49412 0.40392
v 62.49404 43.64339 46.96774 0.57647 0.50196 0.41569
v 65.87184 43.23488 50.25233 0.53333 0.47059 0.40392
v 80.72362 39.84506 13.19331 0.56863 0.49412 0.40392
v 80.10875 40.1301 14.61121 0.51765 0.46275 0.39216
v 75.22236 40.0398 14.80427 0.61176 0.52157 0.41961
v 78.96963 41.17795 18.71319 0.54510 0.48627 0.40784
v 72.18066 41.24284 19.07779 0.59216 0.51373 0.41569
v 76.0674 40.93695 17.8412 0.56471 0.49412 0.40000
v 74.61768 40.53051 16.95787 0.59608 0.51765 0.42353
v 69.23611 40.59922 16.68279 0.59608 0.51765 0.41961
v 71.47862 40.54008 15.99995 0.60392 0.52549 0.42745
v 63.23283 42.13884 23.29542 0.57647 0.49412 0.40392
v 60.76355 42.37426 23.89185 0.56863 0.50196 0.40784
v 69.44713 43.02762 30.39857 0.50196 0.45490 0.40392
v 66.39159 42.88956 29.16667 0.55686 0.48627 0.40784
v 74.78005 42.91852 32.34341 0.54902 0.48627 0.40784
v 77.2338 43.04899 34.95478 0.54902 0.49020 0.40392
v 68.2627 42.91939 27.90116 0.58824 0.51765 0.41569
v 66.78454 43.22121 31.62031 0.56471 0.49804 0.41961
v 78.54829 42.7851 32.88248 0.58824 0.49804 0.40000
v 82.05259 42.37223 32.57715 0.54118 0.47843 0.40000
v -1.652512 57.4353 31.75481 0.50980 0.45098 0.38824
v -52.19624 43.33924 61.45344 0.49412 0.44314 0.38824
v -54.18683 24.96325 79.83843 0.57255 0.49020 0.40000
v -53.74716 23.33059 78.00005 0.61176 0.51373 0.40392
v -55.53654 18.13636 69.0475 0.52157 0.46275 0.39608
v -50.73236 32.53232 2.541358 0.54510 0.48627 0.40392
v -54.18372 35.02551 14.78007 0.60000 0.51373 0.41569
v -50.37036 35.45778 13.78591 0.57255 0.51373 0.43922
v -56.11903 34.62467 13.87598 0.59608 0.51765 0.41961
v -47.28157 36.09122 14.61602 0.56863 0.49804 0.41176
v -47.11756 36.71723 19.13848 0.54510 0.49020 0.40784
v -44.80823 36.09183 13.76387 0.56471 0.50196 0.43137
v -40.82838 36.53048 14.6174 0.56863 0.50588 0.41961
v -44.44945 36.67615 16.35204 0.56863 0.51373 0.42745
v -36.96891 37.66588 19.40577 0.60000 0.52157 0.42745
v -37.67504 37.98651 22.9868 0.57647 0.50980 0.41569
v -39.8963 37.60476 21.59408 0.52941 0.47451 0.40784
v -41.59075 37.95265 28.00164 0.55294 0.49020 0.40392
v -42.96922 37.5092 22.89577 0.59216 0.51765 0.41569
v -43.38371 37.27599 20.53779 0.51765 0.47059 0.40392
v -46.84454 36.94711 22.26077 0.56471 0.50196 0.41961
v -49.1191 36.79588 23.83084 0.55686 0.49804 0.42745
v -42.66578 36.8305 17.48715 0.51765 0.47843 0.41569
v -13.77613 37.4 6.960501 0.57255 0.50588 0.41961
v -12.4275 38.04994 9.480543 0.58824 0.51373 0.41176
v -17.9494 37.59842 8.832099 0.60392 0.52941 0.43137
v -19.23168 38.23999 11.50682 0.57255 0.50588 0.40784
v -13.00488 38.63039 11.76007 0.54902 0.49412 0.41176
v -8.342203 38.08661 8.549376 0.58824 0.51765 0.41961
v -11.30032 39.46253 13.69682 0.55686 0.49804 0.42353
v -9.685711 38.51017 10.2622 0.56471 0.50196 0.41961
v -14.37302 39.10231 13.25953 0.58039 0.51765 0.42745
v -11.54126 40.05564 16.35074 0.58039 0.51373 0.43137
v -9.346188 40.37485 18.8548 0.58824 0.50980 0.40392
v 1.036884 40.69571 19.79898 0.60784 0.52157 0.41961
v -2.435295 40.62209 19.86557 0.57647 0.50588 0.41176
v -10.01032 40.78245 21.44636 0.55294 0.49020 0.40784
v -9.373787 41.33766 27.85313 0.58431 0.51373 0.42745
v -9.932568 41.11497 24.82779 0.57647 0.51373 0.42353
v -6.321186 41.08847 25.98247 0.56863 0.49020 0.39608
v 2.846981 40.33794 17.29179 0.53333 0.46667 0.39608
v 6.179859 41.32117 22.36102 0.56471 0.48235 0.38824
v -0.8954314 41.21716 25.53199 0.55686 0.49412 0.41961
v 6.446833 39.56469 12.86237 0.55686 0.49412 0.40784
v 9.069338 40.30035 15.334 0.58824 0.50980 0.41176
v 5.753979 40.05924 15.40942 0.54510 0.48627 0.40784
v 5.228345 40.47795 17.06273 0.54510 0.49020 0.41569
v 7.0523 41.08998 18.66857 0.60000 0.52157 0.41961
v 2.841186 41.22787 24.64771 0.56078 0.49804 0.41176
v -0.3427706 41.23998 28.32378 0.53333 0.47451 0.40784
v -5.08611 41.4056 31.45383 0.54118 0.48235 0.41176
v -3.707158 41.36072 29.4699 0.56471 0.50588 0.42353
v 3.850943 41.38846 30.64306 0.55686 0.49412 0.42745
v 5.166373 41.65997 29.0532 0.57255 0.50980 0.43137
v -8.733629 41.33315 32.23717 0.61176 0.52157 0.41569
v -11.77439 41.25047 34.88667 0.59608 0.50980 0.41176
v 0.8186076 41.30677 32.90413 0.54902 0.48627 0.39608
v -6.572797 41.04052 35.74315 0.55686 0.49020 0.40784
v -2.760491 41.06987 34.72605 0.54510 0.48627 0.41961
v 3.197367 41.203 34.56805 0.55294 0.48627 0.40000
v 2.7868 39.404 49.11748 0.52157 0.46275 0.38824
v 0.6064855 38.64064 52.04024 0.55294 0.49020 0.40784
v 1.156749 39.80583 46.37349 0.51765 0.45882 0.38431
v 0.3175177 40.46539 41.54271 0.56078 0.49412 0.41176
v -1.309726 39.9001 43.7487 0.57255 0.50196 0.40784
v 0.4240925 40.96041 37.1538 0.54118 0.47451 0.40392
v -2.83914 40.63595 38.61039 0.51765 0.46667 0.40000
v 1.353444 40.80443 39.75624 0.56078 0.49412 0.40000
v -88.11252 30.05074 19.55369 0.52941 0.47451 0.40392
v -90.68718 29.3996 20.78467 0.49804 0.43922 0.36471
v -90.0835 29.61348 23.8942 0.50588 0.46275 0.40784
v -91.11707 28.97218 27.73483 0.57255 0.50196 0.41176
v -92.35731 28.70987 25.4315 0.54902 0.48627 0.41176
v -38.22965 32.01403 57.55306 0.47451 0.41569 0.36078
v 118.8473 40.4587 31.57795 0.56471 0.50196 0.40784
v 44.24847 43.20687 28.29664 0.55294 0.47451 0.39216
v 12.40509 41.97091 28.90469 0.58431 0.50588 0.41176
v 8.917103 41.28943 20.33659 0.58431 0.50980 0.42353
v 8.282459 41.44088 24.14982 0.58431 0.49804 0.40392
v 5.370171 41.44447 25.60688 0.56863 0.50588 0.41569
v 6.37235 41.4209 33.10768 0.51765 0.45882 0.40000
v 8.521428 41.69691 27.74924 0.55686 0.48235 0.39608
v 11.31685 41.93465 26.15329 0.56078 0.49412 0.41569
v 14.4822 42.05494 25.57514 0.54118 0.49020 0.42353
v 30.95581 42.98742 29.5286 0.56863 0.50980 0.42745
v 29.70338 42.98413 36.75285 0.56471 0.49412 0.39608
v 24.77964 42.67667 40.41821 0.52157 0.46275 0.40000
v 21.93468 42.33381 41.02507 0.55686 0.48235 0.40000
v 27.15392 42.77673 38.83516 0.57647 0.50196 0.40392
v 26.92689 42.46422 43.67889 0.50588 0.44706 0.38431
v 30.4803 42.90567 42.53854 0.49020 0.44314 0.38039
v 30.7663 42.57209 45.78506 0.56078 0.49020 0.40392
v 32.40276 42.60036 48.36451 0.50588 0.45882 0.40000
v 34.73232 42.17022 52.17126 0.56471 0.49804 0.41569
v 34.87666 42.58316 49.75279 0.52549 0.47059 0.39608
v 36.51499 42.8081 48.34318 0.55294 0.48627 0.40000
v 33.8516 43.03142 44.74795 0.51373 0.45882 0.39608
v 37.50403 43.19525 45.74702 0.55686 0.49804 0.41176
v 44.53765 43.44834 45.59108 0.49804 0.44314 0.38431
v 41.67036 43.27991 47.53454 0.50196 0.45490 0.39216
v 43.13167 43.1172 50.20003 0.52157 0.46275 0.39216
v 44.18889 43.51715 47.67199 0.54902 0.47451 0.39216
v 45.84248 43.56517 45.46533 0.55294 0.49020 0.40784
v 47.40174 43.66824 41.5479 0.52157 0.47059 0.40000
v 50.67947 43.92341 42.34363 0.54510 0.48627 0.39608
v 46.9727 43.37309 48.62878 0.55686 0.48627 0.39216
v 48.48889 43.58579 46.48821 0.54118 0.47843 0.40392
v 50.56175 43.30515 50.48422 0.47843 0.44314 0.39216
v 48.15592 42.73023 53.61113 0.54118 0.47451 0.40000
v 50.38335 42.76511 54.72693 0.53725 0.47843 0.40000
v 47.97808 41.98125 56.97387 0.52157 0.45098 0.37255
v 50.82789 43.03701 53.27559 0.53333 0.47451 0.40392
v 54.30773 43.14 52.86455 0.52941 0.47843 0.40392
v 55.56695 43.56375 48.64287 0.54510 0.47843 0.39608
v 51.19267 43.5454 47.39145 0.52549 0.47843 0.40784
v 60.05313 42.94058 54.06659 0.53725 0.47843 0.40392
v 57.63006 42.43676 56.7908 0.55294 0.48235 0.39608
v 54.83629 42.5699 55.91058 0.55294 0.49020 0.40000
v 54.37089 43.36059 50.67669 0.55294 0.48235 0.40784
v 53.55458 43.74717 45.35122 0.57647 0.50588 0.41176
v 54.84856 43.71668 44.19534 0.61176 0.52549 0.41569
v 51.1197 43.71328 44.62943 0.55686 0.48235 0.39608
v -12.29173 40.33807 18.41344 0.56078 0.50196 0.42745
v -11.63253 41.27781 29.89383 0.55686 0.49412 0.41569
v -15.27093 41.12155 29.61858 0.56471 0.50588 0.41961
v -5.673348 40.91934 22.73786 0.54510 0.48627 0.41176
v -104.7397 27.39182 14.89511 0.58431 0.51765 0.43137
v -106.5572 27.34582 20.26743 0.52549 0.46667 0.38039
v -105.9139 26.53787 26.45293 0.51373 0.45882 0.38431
v -108.7475 26.74689 22.05162 0.55686 0.49804 0.40784
v -112.1981 26.39845 21.60284 0.54118 0.47451 0.39216
v -100.2825 27.29787 26.4876 0.42745 0.38431 0.33725
v -103.126 27.07725 26.20692 0.56471 0.50196 0.42353
v -97.39785 28.06147 25.07914 0.54902 0.49804 0.43137
v -94.06858 28.84784 23.57019 0.53725 0.48235 0.40784
v -93.30866 29.15056 21.31341 0.56471 0.50196 0.41961
v -96.58087 27.9029 27.73437 0.55294 0.48235 0.38824
v -94.46075 28.26119 26.99913 0.57647 0.50588 0.40784
v -94.6926 28.4717 25.3745 0.46667 0.42353 0.37255
v -87.35681 30.32205 30.22151 0.62353 0.52549 0.40392
v -86.71531 29.37904 31.92778 0.57255 0.49804 0.40000
v -88.89518 29.51881 30.24864 0.61176 0.53333 0.42353
v -89.734 28.62443 32.60176 0.56078 0.49412 0.41176
v -91.50085 28.35586 31.19395 0.51765 0.44706 0.36078
v -93.25096 27.43475 32.84325 0.53725 0.47059 0.39608
v -97.55824 26.8223 31.62487 0.54902 0.49020 0.40392
v -100.3495 26.48138 30.80004 0.50196 0.44706 0.39216
v -101.4858 25.77046 33.08151 0.56863 0.50980 0.41961
v -103.057 25.32102 33.59022 0.54902 0.49020 0.41176
v -101.1817 26.68647 29.05046 0.47451 0.44706 0.41176
v -103.5454 26.70171 27.7899 0.52549 0.48627 0.42745
v -103.1903 26.43042 29.60205 0.48235 0.45490 0.41961
v -102.3214 26.10288 30.44265 0.47451 0.43922 0.40000
v -103.9321 25.84999 31.28636 0.52941 0.47843 0.40784
v -99.85602 27.19187 28.21682 0.46667 0.43922 0.40000
v -99.76027 26.95466 29.70907 0.49412 0.44314 0.38824
v -97.5774 27.27916 30.28508 0.52549 0.47059 0.39216
v -94.6769 27.72066 30.71113 0.57255 0.50196 0.40392
v -106.5865 25.83191 29.55337 0.52941 0.47843 0.41569
v -107.8854 25.09104 32.52768 0.52941 0.47451 0.41569
v -108.2364 26.00946 28.02416 0.56078 0.50588 0.43137
v -109.4047 25.10048 31.1662 0.57647 0.51765 0.42745
v -107.1134 26.58411 25.2961 0.58431 0.52157 0.43137
v -109.6647 26.05623 26.84138 0.58039 0.51765 0.43137
v -113.2063 24.09156 32.69648 0.50196 0.47059 0.43922
v -121.8493 21.75228 32.74437 0.47843 0.46275 0.42353
v -125.232 21.48275 31.0164 0.48235 0.43922 0.38824
v -122.8773 19.51914 36.44624 0.49020 0.45490 0.39608
v -122.094 18.42806 38.93876 0.49412 0.44706 0.38431
v -121.3857 23.29536 28.70557 0.50980 0.47451 0.42745
v -125.1618 20.60818 32.58397 0.47843 0.44314 0.40784
v -124.4883 19.87573 34.58797 0.49804 0.46667 0.41569
v -127.6132 16.93377 37.72486 0.52941 0.47451 0.39608
v -126.829 18.12925 35.95833 0.51765 0.45882 0.38824
v -127.4519 19.58956 32.96836 0.50980 0.46667 0.40000
v -130.6298 16.32443 36.89094 0.50980 0.45098 0.38824
v -128.3593 15.60936 39.4433 0.55294 0.48235 0.40000
v -128.3443 14.32456 41.609 0.48627 0.43922 0.38431
v -131.1882 14.60743 39.27244 0.53725 0.47843 0.40784
v -124.4963 18.59676 37.08864 0.50196 0.45098 0.38824
v -124.6423 17.71815 38.58912 0.50196 0.45490 0.38431
v -125.4752 16.17946 40.81528 0.49020 0.44706 0.39216
v -120.4874 18.47491 40.19412 0.45490 0.41176 0.36078
v -122.5552 16.67315 41.91404 0.50588 0.44706 0.37255
v -119.9678 16.45565 43.8528 0.54902 0.49020 0.40784
v -117.8127 18.05417 42.37093 0.53333 0.48235 0.40392
v -121.4396 15.6942 44.18837 0.53333 0.47843 0.40000
v -125.0411 22.8087 27.02209 0.51765 0.46667 0.40784
v -126.8474 22.68649 26.30909 0.50588 0.46275 0.41569
v -130.3951 21.26599 26.45577 0.54902 0.50196 0.43529
v -128.75 20.57824 29.87228 0.54510 0.47843 0.39608
v -132.3367 16.46822 35.05114 0.51765 0.46275 0.39608
v -130.2075 17.51073 35.05983 0.52941 0.47059 0.40000
v -129.8715 18.70291 32.69981 0.50980 0.46275 0.39608
v -138.5963 16.24734 30.51685 0.51373 0.45882 0.39216
v -136.4119 17.17644 29.832 0.50980 0.44706 0.38431
v -131.3326 19.19221 30.62209 0.50588 0.46275 0.41176
v -132.2178 19.63856 28.71614 0.54510 0.47059 0.38039
v -120.5237 20.5374 36.17985 0.47843 0.43529 0.39216
v -117.9856 21.8531 35.23768 0.54118 0.48627 0.41176
v -118.8157 19.82049 38.95916 0.48627 0.43529 0.38039
v -130.1733 23.59304 15.05033 0.57647 0.51765 0.43922
v -121.4941 24.46516 24.22538 0.56078 0.49804 0.41569
v -127.8578 23.2757 21.51263 0.49020 0.45098 0.40000
v -134.0299 15.15463 35.7814 0.53725 0.47843 0.41176
v -135.2991 14.61823 35.7278 0.55294 0.49020 0.41176
v -135.0429 13.48492 37.75813 0.50196 0.45882 0.40392
v -132.6197 13.81161 39.1805 0.51765 0.46275 0.39608
v -134.4863 16.62408 33.1295 0.53725 0.48235 0.41569
v -130.8223 13.45139 41.37018 0.48627 0.44706 0.40000
v -127.7969 12.25085 44.99061 0.56863 0.50196 0.40784
v -126.1096 14.44033 42.98962 0.50588 0.45882 0.38824
v -123.3846 14.67259 44.60946 0.50588 0.44706 0.36471
v -119.696 14.5865 47.2875 0.49412 0.44314 0.38431
v -119.9136 13.39978 48.81831 0.51373 0.46275 0.39216
v -121.5579 13.87434 47.1964 0.50980 0.45098 0.38039
v -121.0113 11.85731 50.46783 0.44706 0.40000 0.34118
v -124.082 10.80059 49.91881 0.50588 0.45098 0.36863
v -121.0939 13.1072 48.52673 0.50588 0.44706 0.36078
v -117.9918 12.28182 51.43707 0.47059 0.41176 0.34118
v -139.722 13.68942 33.92883 0.48627 0.43529 0.38039
v -146.7442 9.448414 35.61626 0.53725 0.48235 0.41176
v -149.2284 8.723606 35.17037 0.55294 0.48235 0.39216
v -149.867 9.359285 33.5802 0.52941 0.46667 0.40000
v -147.0292 10.96043 33.29107 0.52941 0.47843 0.40000
v -145.1748 10.91935 34.61316 0.51373 0.45882 0.39608
v -149.833 10.48493 31.98465 0.50980 0.44314 0.38824
v -151.9909 9.098181 32.54662 0.52941 0.46275 0.38431
v -156.7958 7.789972 30.82232 0.52941 0.46667 0.38824
v -154.4592 8.317507 31.55949 0.54118 0.47059 0.39608
v -153.3009 9.677421 30.72368 0.52941 0.46667 0.40000
v -151.0975 10.70239 30.71492 0.56863 0.50588 0.41569
v -152.3283 11.16966 28.98561 0.52941 0.46667 0.40392
v -150.1135 11.53212 30.12715 0.54118 0.47451 0.39608
v -153.9184 11.37855 27.38588 0.56863 0.49804 0.40392
v -156.087 8.878206 30.18545 0.55294 0.48627 0.40392
v -140.626 16.72193 27.80132 0.50588 0.46275 0.40784
v -141.5434 17.44612 25.49988 0.49804 0.45098 0.38824
v -142.6325 15.90426 27.91201 0.55686 0.50196 0.43137
v -140.9951 15.49383 29.91706 0.54902 0.49020 0.40784
v -144.1478 16.5029 25.38525 0.55686 0.50196 0.43137
v -144.7617 15.45813 26.91711 0.50588 0.45490 0.39608
v -142.0346 13.92718 31.74242 0.53725 0.48235 0.41176
v -142.5744 12.36133 34.12088 0.50196 0.45490 0.40392
v -148.4033 11.97014 31.05558 0.52941 0.47451 0.40392
v -146.8422 12.63925 30.73108 0.49020 0.45098 0.40392
v -148.4005 13.08044 29.14546 0.52941 0.48627 0.43137
v -150.5718 12.15049 28.75951 0.52157 0.45490 0.38431
v -150.9341 13.16252 26.6748 0.52549 0.46275 0.40392
v -151.1007 13.87521 25.04657 0.54902 0.49020 0.41961
v -147.1267 14.23822 27.65084 0.47451 0.44314 0.40000
v -147.1007 15.26613 25.54396 0.52549 0.47843 0.41176
v -147.3664 15.89949 24.33165 0.61176 0.53725 0.43922
v -140.1659 14.87981 31.65 0.51765 0.47059 0.40392
v -145.3467 17.16201 22.45202 0.50980 0.46275 0.40000
v -152.6738 14.38728 22.53696 0.51765 0.46275 0.40000
v -152.6125 12.67644 26.16752 0.54510 0.48627 0.40000
v -156.7667 8.972392 28.99433 0.54510 0.47059 0.39216
v -156.082 9.646333 28.14824 0.50980 0.44314 0.37647
v -156.7589 10.3897 27.02822 0.58039 0.49804 0.40392
v -161.1747 4.731624 31.82468 0.56078 0.49020 0.40000
v -160.6625 6.033895 30.60203 0.56863 0.49412 0.41176
v -158.9844 8.231255 28.5902 0.56863 0.49412 0.40000
v -160.2442 8.687345 27.27506 0.56471 0.49412 0.40392
v -160.6456 7.231856 29.23607 0.58039 0.49804 0.40392
v -164.5402 5.244512 28.78019 0.53333 0.45882 0.38039
v -165.5723 4.153479 29.46165 0.53725 0.46667 0.40000
v -165.4586 6.17977 26.72015 0.54118 0.47451 0.39608
v -162.5616 6.291953 28.9045 0.57255 0.49412 0.40000
v -141.2254 18.1875 24.16265 0.54510 0.49412 0.42745
v -145.0739 17.62794 20.51243 0.48627 0.44314 0.39608
v -56.74691 24.61414 61.31807 0.52941 0.46667 0.38431
v -62.36948 20.96561 63.94561 0.56863 0.48627 0.38824
v -4.686886 37.059 56.07725 0.50980 0.45490 0.38824
v -6.642065 37.53325 53.39003 0.54118 0.47843 0.39608
v -9.15883 36.63404 55.65269 0.50980 0.45882 0.39608
v -3.109066 40.25165 40.87164 0.49804 0.44314 0.37647
v -37.7431 37.38061 40.33606 0.59608 0.51373 0.41176
v -35.67773 38.31448 38.33937 0.57255 0.50196 0.41569
v -50.73461 35.64094 39.17115 0.60392 0.51765 0.41961
v -45.77037 37.1683 35.57673 0.57255 0.49804 0.40000
v -42.62975 37.10331 38.29854 0.59608 0.51373 0.41961
v -39.74829 37.73312 37.51132 0.59608 0.51373 0.42353
v -37.02918 38.19929 35.64595 0.55686 0.49804 0.41961
v -41.54053 37.70154 36.10353 0.52157 0.47059 0.40392
v -40.66809 38.03797 32.42044 0.54118 0.47451 0.39608
v -45.43727 37.59155 31.77594 0.54902 0.49804 0.42745
v -48.30399 36.19044 37.92124 0.56863 0.49412 0.40392
v -53.20051 34.99302 39.95218 0.55686 0.48235 0.38431
v -51.7947 29.60568 55.11508 0.48627 0.43922 0.38039
v -53.52363 30.5797 52.84704 0.52941 0.47451 0.40392
v -47.63842 28.75528 58.91522 0.43529 0.37647 0.32157
v -50.23797 28.85678 57.36727 0.47451 0.43922 0.38039
v -53.20676 28.93424 55.89894 0.52157 0.46275 0.39608
v -56.32993 29.55856 53.33513 0.51765 0.46667 0.40000
v -57.19564 27.48725 56.72324 0.54510 0.48235 0.40392
v -54.73509 26.6431 58.78294 0.58824 0.50588 0.38824
v -57.82368 31.64617 46.8767 0.45882 0.40000 0.34902
v -59.8066 29.90931 50.87352 0.48627 0.42353 0.34902
v -64.48988 28.66254 50.85692 0.49804 0.45490 0.40000
v -58.14537 32.34255 47.32391 0.56078 0.50588 0.42745
v -60.28097 31.81982 45.70419 0.49020 0.44314 0.38039
v -66.5747 30.88148 45.37604 0.56863 0.51765 0.44706
v -61.70246 28.10663 53.48813 0.53333 0.47059 0.39216
v -69.95308 27.6167 49.67222 0.53725 0.47059 0.38824
v -64.67985 27.57244 53.18562 0.52157 0.46275 0.38824
v -59.09933 28.34984 54.14436 0.51373 0.45490 0.38039
v -64.39202 22.93074 60.77224 0.58431 0.50588 0.39608
v -59.52959 24.91204 59.88478 0.57255 0.49412 0.39608
v -63.06724 25.7503 57.10739 0.50980 0.45098 0.38824
v -64.7108 26.22762 55.58402 0.50980 0.45882 0.39608
v -70.60391 21.05794 60.96886 0.52549 0.45098 0.36863
v -70.0536 22.68551 58.49339 0.52549 0.45882 0.37255
v -67.24111 24.22569 57.66083 0.51373 0.45490 0.39216
v -69.38476 25.8108 53.88285 0.49020 0.44314 0.39216
v -67.28682 22.96638 59.51091 0.55686 0.49412 0.40784
v -49.57488 36.37637 18.99025 0.58039 0.51765 0.43137
v -51.07309 36.31865 20.89654 0.56078 0.49804 0.41569
v -54.20033 35.33045 18.01664 0.61176 0.52549 0.42353
v -57.20486 35.08988 20.12468 0.54118 0.48235 0.41961
v -48.56076 37.04983 27.76157 0.59216 0.51373 0.41961
v -52.23784 36.39032 25.03861 0.56471 0.49804 0.40784
v -50.53763 36.61197 34.14907 0.58824 0.50980 0.41176
v -54.12038 36.04329 27.95055 0.58824 0.51373 0.40784
v -52.88661 35.6168 36.50034 0.56863 0.49804 0.40392
v -56.12453 34.92693 37.05095 0.57647 0.50588 0.41569
v -58.25215 35.17269 31.50413 0.58039 0.51765 0.41961
v -55.64169 35.57645 23.54663 0.58039 0.50980 0.41961
v -59.10963 35.11873 23.32891 0.54510 0.49020 0.42353
v -67.10985 34.13426 24.57102 0.57255 0.50980 0.43137
v -61.90713 34.39361 31.58216 0.52941 0.48235 0.41961
v -59.80959 35.00754 26.07348 0.58039 0.51373 0.42745
v -61.6596 34.76808 28.90341 0.54118 0.49412 0.42353
v -44.71988 37.59753 26.54487 0.58824 0.50980 0.41176
v -13.34968 40.65245 21.06984 0.54902 0.49412 0.40784
v -14.67418 41.15187 26.65912 0.51765 0.47451 0.41176
v -14.40656 41.18222 33.6145 0.59216 0.50588 0.40784
v -14.109 40.88849 36.75096 0.53333 0.47843 0.41176
v -17.71858 40.74701 38.08428 0.56078 0.49020 0.41176
v -21.92235 40.43414 37.68758 0.53725 0.47451 0.39216
v -39.38137 38.26725 30.76887 0.59608 0.51373 0.41176
v -19.38098 40.82691 36.49154 0.56863 0.49020 0.40000
v -18.02054 41.04666 34.20953 0.54902 0.48235 0.40000
v -163.1878 10.48868 20.39348 0.55294 0.48627 0.40392
v -166.6196 8.660463 20.96844 0.54902 0.47843 0.39608
v -163.3795 9.893038 22.69522 0.56863 0.49020 0.40392
v -165.8112 6.877487 25.21753 0.56078 0.49412 0.40784
v -167.8845 5.524758 25.42647 0.46275 0.40784 0.34510
v -164.559 8.627175 23.2697 0.52941 0.46667 0.39608
v -159.8423 11.89619 21.03697 0.55294 0.49804 0.42353
v -159.3354 13.40506 16.41336 0.52941 0.46275 0.38824
v -154.9097 13.73009 21.90526 0.53725 0.47843 0.40784
v -152.4869 15.10213 20.61484 0.53725 0.48235 0.39608
v -158.9034 9.537805 26.71191 0.58824 0.51373 0.41569
v -159.5302 10.52572 24.35482 0.54510 0.47843 0.41569
v -158.2278 11.56508 23.55153 0.54902 0.48235 0.40392
v -156.837 11.37989 25.08123 0.56471 0.49020 0.40784
v -161.4424 10.68409 22.49362 0.56863 0.49804 0.41176
v -162.2619 7.954574 26.79538 0.54902 0.48235 0.39608
v -68.16931 33.53405 16.58 0.58431 0.51373 0.43529
v -64.1789 34.41446 25.9451 0.58824 0.52157 0.42745
v -71.77963 33.26601 28.05657 0.51373 0.45882 0.38431
v -68.91429 33.67633 28.82609 0.57255 0.49412 0.39216
v -66.07422 34.11675 28.79003 0.57647 0.50980 0.41569
v -65.79136 33.71238 32.7924 0.57255 0.50980 0.41961
v -59.97248 34.32991 35.4904 0.60784 0.52941 0.41569
v -59.47487 33.44156 40.71888 0.54510 0.48627 0.41569
v -54.81641 35.74675 33.07989 0.60784 0.51765 0.40784
v -54.98839 34.14606 42.50745 0.56863 0.49412 0.40000
v -63.4455 32.61892 40.12559 0.57647 0.50980 0.42745
v -65.3121 32.46897 38.79176 0.57647 0.50196 0.40000
v -62.81602 33.6594 35.88194 0.57647 0.50980 0.41961
v -70.3313 32.8719 33.25647 0.55686 0.49804 0.42353
v 68.72738 43.3197 35.1905 0.53333 0.47451 0.40784
v -83.06513 28.82049 38.2915 0.55686 0.49020 0.40392
v -87.80143 27.11919 41.05827 0.51373 0.46667 0.40784
v -80.1007 26.4178 46.54446 0.49020 0.45490 0.40392
v -83.65386 25.02405 47.58439 0.51765 0.45882 0.39216
v -82.16186 25.01604 48.52538 0.56078 0.48235 0.38431
v -85.7504 23.40778 49.4235 0.50980 0.45098 0.38039
v -76.7459 29.84305 39.98508 0.60784 0.52941 0.41961
v -80.35463 28.94862 40.21956 0.56471 0.50196 0.41569
v -81.53172 28.1211 41.38262 0.52157 0.46275 0.39216
v -71.01204 30.12522 43.39284 0.50980 0.44706 0.38039
v -74.35445 29.12283 43.08789 0.52549 0.46667 0.38824
v -73.45901 29.73541 43.7885 0.53333 0.49412 0.43529
v -76.72614 28.98874 42.62933 0.59608 0.51765 0.41961
v -70.83643 30.94938 40.46895 0.56471 0.49020 0.40000
v -62.5871 32.08004 42.63166 0.57255 0.49804 0.41569
v -57.29357 32.56132 45.9359 0.57255 0.49804 0.40392
v -67.74523 32.77075 36.21536 0.61961 0.52941 0.41961
v -158.6358 12.68988 20.37905 0.55294 0.49412 0.41961
v -163.1491 7.932819 26.00258 0.58431 0.50588 0.41569
v -162.3126 9.124555 24.41367 0.56471 0.49412 0.40784
v -156.5548 12.38876 22.93962 0.56078 0.49804 0.41176
v -153.7213 13.25851 23.93535 0.59216 0.50980 0.40784
v -154.8703 12.45894 24.43501 0.57255 0.50588 0.41569
v -144.8477 12.41361 32.63693 0.49412 0.44314 0.38431
v -146.2106 13.44067 29.58044 0.49020 0.45882 0.40784
v -144.2963 13.71564 30.8809 0.54118 0.49020 0.42745
v -142.8383 14.64184 30.09631 0.51373 0.46275 0.39608
v -144.9364 14.56897 28.66818 0.52157 0.47059 0.41569
v -156.1332 4.914959 35.06515 0.53725 0.46667 0.39608
v -157.0258 3.496693 36.04481 0.54118 0.46667 0.39608
v -155.6348 3.023659 37.37657 0.52941 0.45490 0.37255
v -155.7519 1.216863 39.46439 0.55294 0.47059 0.38824
v -153.3193 5.337763 36.76401 0.56471 0.48235 0.39608
v -154.1979 3.959658 37.67879 0.54118 0.46667 0.39608
v -150.2971 3.324973 40.81602 0.55686 0.47843 0.38824
v -148.461 4.545795 40.89639 0.53725 0.47451 0.39608
v -151.1271 4.00167 38.94904 0.54902 0.46667 0.38431
v -154.6795 5.791983 35.29779 0.52157 0.45490 0.39216
v -153.3387 6.464535 35.25809 0.54902 0.48235 0.39608
v -153.0611 7.694892 33.46376 0.53333 0.46275 0.38431
v -167.4459 3.152331 50.58587 0.33333 0.29804 0.26275
v -165.9914 4.825589 49.73909 0.33333 0.28627 0.25490
v -161.5402 2.635103 34.28523 0.53725 0.46667 0.39608
v -162.2554 3.469301 32.56593 0.54902 0.47843 0.40000
v -162.8828 4.333207 31.23338 0.53725 0.47059 0.38824
v 56.92366 42.91272 53.92597 0.53725 0.47843 0.39608
v 35.10995 42.93036 46.07123 0.55686 0.50196 0.41569
v 65.70421 41.51561 60.20365 0.56863 0.49804 0.40000
v 75.74604 41.37902 57.50338 0.57255 0.50196 0.42353
v 71.7373 41.6088 57.49108 0.55686 0.49804 0.41961
v 68.12357 41.45299 59.9242 0.52157 0.45882 0.39608
v 67.27841 41.9583 57.83532 0.53333 0.48627 0.42353
v 67.48136 42.34337 55.47884 0.49412 0.45490 0.40784
v 70.97263 42.23027 55.45302 0.56471 0.50980 0.43137
v 65.86381 42.66171 53.85483 0.55294 0.49804 0.41569
v 70.72971 42.73614 52.84965 0.52157 0.48235 0.43922
v 74.26715 42.30452 53.8892 0.57647 0.50588 0.41176
v 76.27092 41.79001 55.76869 0.57647 0.51373 0.41961
v 72.66539 42.89476 47.29481 0.55294 0.49412 0.43137
v 72.55017 42.575 50.94827 0.59608 0.52941 0.47059
v -81.05875 28.52257 42.19643 0.53725 0.47451 0.40000
v -72.95345 27.05767 49.3104 0.51373 0.47059 0.40784
v -67.538 26.19661 54.40836 0.52941 0.46667 0.38824
v -72.74599 24.93567 53.6144 0.53333 0.47059 0.38431
v -74.98675 19.0245 61.14469 0.54902 0.47843 0.38824
v -76.2416 22.80428 55.60999 0.59216 0.51373 0.40784
v -72.87909 23.11455 56.68051 0.56078 0.49412 0.40000
v -77.58184 21.15585 57.38242 0.60392 0.50980 0.40000
v -80.19126 21.44471 55.809 0.49804 0.42353 0.33333
v -79.45293 23.51375 52.61382 0.49804 0.42745 0.34510
v -76.23161 20.74039 58.85211 0.55686 0.48235 0.38039
v -84.67233 17.8985 58.49813 0.47451 0.41176 0.33333
v -86.12416 16.43722 59.59474 0.45490 0.39216 0.32157
v -95.87961 15.81845 56.26844 0.48627 0.44314 0.37647
v -98.79465 17.09412 53.57007 0.51373 0.46275 0.40392
v -97.74627 18.28921 52.25071 0.47843 0.41569 0.35294
v -95.67365 18.17895 53.21715 0.52157 0.47059 0.38431
v -93.59248 17.4167 55.25707 0.53725 0.47059 0.37647
v -91.69918 16.93745 56.31386 0.43137 0.38039 0.31765
v -88.96416 17.7921 56.38775 0.45098 0.39608 0.33725
v -111.4981 14.19877 51.88233 0.49412 0.43922 0.37255
v -109.4858 14.18818 52.39103 0.45882 0.40784 0.34902
v -106.9837 15.66904 51.78512 0.50588 0.45098 0.38039
v -106.0054 14.28806 53.93224 0.52157 0.46667 0.39216
v -106.0628 17.26346 49.80034 0.57255 0.49804 0.40000
v -106.9869 18.4263 47.85257 0.53333 0.46667 0.39216
v -102.1224 21.19821 44.80757 0.50980 0.45490 0.38431
v -99.47271 21.52796 45.69282 0.51765 0.46667 0.40000
v -101.8433 20.09819 47.02312 0.52941 0.47059 0.39216
v -95.5979 23.95491 42.76582 0.41176 0.38431 0.35294
v -90.69029 22.74837 47.25052 0.54902 0.49020 0.39608
v -94.91634 22.22848 46.13316 0.50980 0.44706 0.38039
v -93.23301 21.67426 48.2306 0.50196 0.45098 0.38039
v -95.89574 20.78746 48.35396 0.49412 0.43137 0.35686
v -93.58993 20.01341 51.04447 0.47059 0.42353 0.36078
v -97.08942 19.53364 50.37972 0.50196 0.45098 0.37647
v -91.12194 20.00195 51.92456 0.49804 0.43137 0.36471
v -91.20197 21.29743 49.7052 0.47843 0.41961 0.35686
v -90.56417 19.14684 53.58961 0.47451 0.40784 0.33725
v -92.69301 18.87896 53.41687 0.49804 0.43529 0.37647
v -91.09521 18.09132 54.88564 0.54118 0.47451 0.37647
v -88.16969 24.27086 46.22949 0.50196 0.45490 0.38824
v -76.46736 26.36279 48.98679 0.46667 0.41176 0.34902
v -71.91541 25.81584 52.5669 0.55686 0.49804 0.41961
v -74.79031 24.05962 54.28187 0.54118 0.48627 0.40000
v -76.36175 25.18964 51.28253 0.53333 0.47843 0.40000
v -80.01612 24.97822 49.52769 0.51765 0.45882 0.38824
v -82.49697 19.27208 57.74041 0.49804 0.42353 0.33725
v -82.68515 23.52775 51.11555 0.50196 0.43922 0.36078
v -83.45559 22.3623 52.54594 0.51373 0.44706 0.35686
v -85.06537 21.05947 53.985 0.53725 0.47059 0.38039
v -84.63 19.49967 56.44163 0.55294 0.47843 0.37647
v -88.08603 21.14461 51.8574 0.50980 0.44706 0.37255
v -85.07579 23.00268 50.61826 0.52157 0.45490 0.37255
v -85.56844 25.22139 45.94076 0.50588 0.44706 0.37647
v -67.42282 31.16108 42.31581 0.58039 0.50980 0.41569
v -66.79109 30.52262 44.48955 0.52157 0.45882 0.38039
v -88.51415 22.8723 48.70162 0.51765 0.45490 0.38431
v -98.38894 19.95566 49.03604 0.50588 0.45882 0.39608
v -102.6152 18.32193 50.07966 0.54902 0.47843 0.38824
v -104.7405 16.28842 52.04656 0.54902 0.48235 0.40000
v -101.6467 17.04111 52.47384 0.56078 0.49020 0.39608
v -100.7205 15.47345 54.79935 0.49804 0.44314 0.37647
v -97.35458 22.15324 45.20638 0.54902 0.49020 0.40784
v -88.00454 19.67765 54.22508 0.50980 0.44706 0.35294
v -109.692 21.35739 41.31712 0.52157 0.46667 0.39216
v -59.5283 26.35309 57.68401 0.54118 0.47843 0.39608
f 1 3 2
f 6 2 3
f 1 7 3
f 4 2 6
f 7 1 9
f 6 3 5
f 3 12 5
f 7 12 3
f 14 7 8
f 7 81 8
f 61 7 9
f 1 62 9
f 4 10 2
f 2 10 34
f 1 2 34
f 34 62 1
f 5 11 6
f 7 17 55
f 17 7 14
f 14 15 17
f 8 25 14
f 8 26 13
f 13 25 8
f 16 15 14
f 14 25 22
f 13 28 25
f 16 17 15
f 19 17 16
f 16 18 19
f 20 18 16
f 19 18 21
f 55 17 19
f 41 18 20
f 16 22 20
f 14 22 16
f 41 20 40
f 40 20 24
f 20 22 24
f 22 23 24
f 24 23 42
f 25 28 29
f 27 13 26
f 81 26 8
f 28 76 29
f 13 30 28
f 27 30 13
f 30 76 28
f 80 30 27
f 31 30 80
f 77 31 32
f 31 33 32
f 80 33 31
f 99 33 80
f 26 80 27
f 61 81 7
f 9 62 61
f 35 34 10
f 50 34 35
f 50 35 51
f 6 36 4
f 6 11 36
f 4 36 38
f 10 4 49
f 11 38 36
f 39 11 5
f 48 11 37
f 11 48 38
f 4 38 49
f 35 10 49
f 5 12 39
f 39 55 11
f 11 55 37
f 55 21 37
f 19 21 55
f 41 21 18
f 41 37 21
f 41 40 37
f 40 47 37
f 24 47 40
f 46 24 42
f 42 43 45
f 45 43 44
f 42 45 46
f 47 24 46
f 48 37 47
f 35 49 51
f 49 38 52
f 38 48 52
f 48 54 52
f 47 53 48
f 47 46 53
f 53 54 48
f 53 44 54
f 53 45 44
f 53 46 45
f 12 55 39
f 7 55 12
f 34 50 56
f 56 50 51
f 49 63 51
f 51 63 57
f 57 60 58
f 58 60 59
f 59 160 58
f 59 86 84
f 86 59 60
f 60 57 63
f 82 60 63
f 83 86 82
f 82 86 60
f 34 56 62
f 62 171 61
f 58 56 57
f 51 57 56
f 52 63 49
f 65 54 64
f 54 44 64
f 44 68 64
f 64 68 67
f 64 83 65
f 83 64 67
f 66 87 67
f 68 66 67
f 69 70 68
f 44 69 68
f 44 43 69
f 23 71 43
f 42 23 43
f 43 71 69
f 200 192 69
f 73 72 29
f 71 29 72
f 76 75 29
f 75 73 29
f 73 74 72
f 75 74 73
f 77 30 31
f 30 77 76
f 217 77 32
f 79 217 78
f 78 217 32
f 33 78 32
f 214 79 78
f 80 167 99
f 80 26 81
f 174 81 61
f 59 84 166
f 54 63 52
f 63 54 65
f 82 191 83
f 165 85 183
f 85 92 183
f 87 84 83
f 83 84 86
f 65 82 63
f 82 65 191
f 191 65 83
f 87 83 67
f 92 87 66
f 68 89 66
f 68 88 89
f 68 70 88
f 193 88 70
f 69 192 70
f 192 195 70
f 89 88 66
f 87 92 90
f 90 92 91
f 84 87 90
f 91 84 90
f 91 85 84
f 91 92 85
f 94 183 92
f 92 93 94
f 95 94 93
f 93 96 95
f 92 98 93
f 183 94 95
f 97 183 95
f 96 97 95
f 156 183 97
f 671 672 96
f 672 97 96
f 98 96 93
f 198 98 66
f 66 98 92
f 167 80 81
f 99 100 33
f 101 100 99
f 206 33 100
f 104 103 101
f 101 99 168
f 102 101 168
f 104 101 102
f 168 99 167
f 102 168 107
f 364 102 107
f 106 107 168
f 168 105 106
f 106 105 169
f 169 110 106
f 106 364 107
f 364 106 365
f 110 108 106
f 344 106 108
f 344 365 106
f 109 108 111
f 110 111 108
f 189 110 169
f 170 178 169
f 189 111 110
f 189 124 111
f 124 120 111
f 111 114 109
f 120 112 347
f 111 120 347
f 112 120 113
f 113 116 112
f 117 116 113
f 117 113 120
f 116 117 115
f 117 118 115
f 117 3329 118
f 118 348 115
f 122 3675 118
f 137 356 3675
f 122 137 3675
f 137 122 119
f 131 119 122
f 123 130 122
f 122 118 3329
f 120 3329 117
f 122 3329 120
f 120 124 190
f 122 120 121
f 131 122 130
f 131 130 129
f 123 122 121
f 190 121 120
f 190 124 189
f 189 178 190
f 125 121 190
f 125 126 121
f 121 130 123
f 130 121 126
f 180 127 190
f 127 125 190
f 128 129 126
f 129 130 126
f 133 131 129
f 133 129 132
f 131 133 119
f 187 129 128
f 187 132 129
f 135 132 187
f 187 134 135
f 135 144 136
f 133 132 135
f 135 136 133
f 119 133 137
f 139 138 144
f 144 138 136
f 139 140 138
f 136 375 3330
f 375 136 138
f 3887 141 140
f 147 3887 140
f 142 147 139
f 139 147 140
f 143 142 139
f 145 143 139
f 145 139 144
f 154 144 135
f 144 155 145
f 146 143 145
f 143 149 142
f 143 146 149
f 3305 148 142
f 142 148 147
f 3305 142 152
f 149 152 142
f 149 151 3304
f 146 150 149
f 149 150 151
f 3304 152 149
f 2904 151 153
f 151 150 153
f 153 150 157
f 150 146 157
f 145 157 146
f 157 145 155
f 154 155 144
f 186 155 154
f 155 186 156
f 155 156 157
f 153 157 156
f 167 81 158
f 174 158 81
f 158 173 167
f 56 161 62
f 56 58 160
f 161 56 162
f 160 162 56
f 59 163 160
f 163 162 160
f 162 163 175
f 59 164 163
f 59 166 164
f 165 179 166
f 166 85 165
f 84 85 166
f 105 168 167
f 188 105 167
f 172 171 188
f 188 171 184
f 105 188 185
f 105 185 170
f 105 170 169
f 170 185 175
f 159 171 173
f 173 171 172
f 173 158 159
f 158 174 61
f 158 61 159
f 171 159 61
f 62 161 171
f 162 171 161
f 162 175 176
f 163 177 175
f 164 177 163
f 164 166 179
f 164 179 180
f 181 180 179
f 182 165 183
f 165 182 179
f 181 179 182
f 182 183 156
f 162 184 171
f 162 176 184
f 185 188 184
f 175 177 170
f 177 178 170
f 178 177 164
f 182 156 186
f 154 135 134
f 186 154 134
f 181 134 187
f 181 186 134
f 186 181 182
f 181 127 180
f 181 187 127
f 127 187 125
f 128 125 187
f 125 128 126
f 172 167 173
f 172 188 167
f 175 185 176
f 176 185 184
f 164 180 178
f 178 180 190
f 70 195 193
f 195 196 193
f 66 88 194
f 194 198 66
f 197 198 194
f 194 199 197
f 193 194 88
f 193 199 194
f 193 196 199
f 651 199 202
f 71 200 69
f 200 71 72
f 252 201 74
f 201 72 74
f 201 200 72
f 196 195 409
f 196 202 199
f 196 409 202
f 437 202 409
f 195 192 409
f 409 192 200
f 200 201 408
f 252 247 201
f 217 203 77
f 33 206 207
f 78 33 207
f 101 206 100
f 103 204 101
f 206 101 204
f 205 206 204
f 228 205 204
f 206 205 208
f 206 208 207
f 212 208 211
f 212 207 208
f 208 209 211
f 208 205 209
f 211 209 210
f 213 207 212
f 213 214 207
f 213 212 216
f 216 223 222
f 222 213 216
f 214 78 207
f 216 224 223
f 211 216 212
f 215 211 210
f 211 215 216
f 216 215 226
f 257 226 215
f 216 225 224
f 222 223 221
f 213 222 214
f 203 217 218
f 203 76 77
f 76 203 75
f 218 219 203
f 203 219 75
f 79 218 217
f 218 79 214
f 222 218 214
f 219 218 245
f 221 223 220
f 221 220 222
f 248 220 249
f 224 225 223
f 226 225 216
f 210 209 270
f 209 228 262
f 228 227 262
f 227 228 233
f 205 228 209
f 103 231 204
f 103 104 231
f 104 366 231
f 366 229 231
f 229 230 231
f 231 230 233
f 228 231 233
f 232 262 227
f 233 234 227
f 235 236 230
f 235 230 229
f 236 233 230
f 300 236 235
f 299 300 235
f 235 229 299
f 299 229 237
f 342 337 229
f 237 229 337
f 237 240 299
f 243 238 237
f 238 305 237
f 239 241 238
f 240 237 305
f 242 239 238
f 238 339 242
f 337 243 237
f 75 219 74
f 74 246 252
f 246 251 252
f 245 244 246
f 222 248 244
f 218 222 245
f 245 222 244
f 219 245 246
f 219 246 74
f 408 409 200
f 273 408 201
f 201 247 273
f 363 247 252
f 244 251 246
f 222 220 248
f 249 250 248
f 220 223 249
f 250 253 248
f 244 248 253
f 251 244 253
f 253 363 251
f 252 251 363
f 274 253 250
f 249 223 275
f 254 249 275
f 275 278 254
f 225 275 223
f 225 226 259
f 258 226 257
f 259 226 258
f 261 259 258
f 270 215 210
f 270 257 215
f 257 270 255
f 255 270 263
f 263 270 256
f 270 262 256
f 263 264 261
f 255 263 261
f 257 255 258
f 276 259 261
f 261 260 276
f 255 261 258
f 265 263 256
f 266 256 268
f 266 295 256
f 267 266 268
f 298 266 297
f 267 297 266
f 234 297 267
f 268 269 267
f 269 234 267
f 269 227 234
f 227 268 232
f 227 269 268
f 232 268 262
f 262 270 209
f 274 272 247
f 274 271 272
f 247 272 273
f 272 410 273
f 412 271 274
f 274 247 363
f 274 281 412
f 250 281 274
f 254 281 250
f 250 249 254
f 276 288 277
f 259 276 277
f 277 225 259
f 225 277 275
f 287 279 278
f 254 278 280
f 280 281 254
f 281 280 412
f 412 414 271
f 412 280 282
f 280 278 279
f 280 279 282
f 282 279 283
f 279 285 283
f 283 285 411
f 279 284 285
f 289 286 285
f 284 289 285
f 275 277 278
f 287 278 277
f 288 276 260
f 260 291 288
f 277 288 2912
f 287 277 2912
f 290 284 2912
f 290 568 284
f 2912 284 287
f 287 284 279
f 284 568 289
f 569 290 574
f 2912 574 290
f 291 2912 288
f 263 265 264
f 265 294 264
f 294 292 264
f 264 292 261
f 261 292 293
f 292 294 576
f 265 295 294
f 295 265 256
f 296 266 298
f 297 234 236
f 301 298 297
f 298 588 587
f 236 301 297
f 299 240 300
f 594 300 305
f 305 300 240
f 236 300 301
f 300 302 301
f 594 302 300
f 301 302 588
f 588 594 303
f 588 302 594
f 594 304 303
f 241 306 309
f 3802 306 241
f 3802 241 239
f 3802 307 306
f 306 307 308
f 307 310 308
f 3802 311 307
f 3802 314 5701
f 314 3802 239
f 3802 312 311
f 3802 3678 312
f 239 313 314
f 314 313 315
f 314 321 5702
f 315 321 314
f 317 321 315
f 321 317 316
f 319 316 317
f 321 316 320
f 319 333 316
f 315 319 317
f 315 318 319
f 315 313 334
f 334 388 315
f 315 388 318
f 319 318 388
f 316 333 331
f 316 331 320
f 331 322 321
f 323 322 331
f 331 321 320
f 323 325 322
f 322 325 326
f 322 326 324
f 327 326 325
f 329 326 327
f 3704 328 329
f 329 3705 3710
f 327 3705 329
f 3705 327 330
f 330 327 3706
f 3706 327 325
f 332 3756 333
f 333 390 332
f 370 390 333
f 387 371 370
f 333 319 388
f 387 333 388
f 334 313 242
f 242 313 239
f 389 334 242
f 242 340 389
f 335 389 340
f 340 242 339
f 238 243 339
f 243 337 339
f 342 368 341
f 341 337 342
f 336 337 341
f 337 338 339
f 114 338 337
f 336 114 337
f 339 338 114
f 335 340 339
f 335 339 114
f 109 336 341
f 366 342 229
f 343 342 367
f 367 342 366
f 366 344 367
f 344 366 345
f 344 109 367
f 114 111 347
f 346 347 112
f 116 346 112
f 371 347 346
f 369 347 371
f 115 370 346
f 116 115 346
f 350 372 115
f 348 354 350
f 348 350 115
f 349 348 118
f 349 118 3675
f 355 349 353
f 348 349 354
f 350 354 355
f 352 350 351
f 355 351 350
f 355 354 349
f 353 362 355
f 353 349 373
f 356 373 349
f 353 373 360
f 357 373 356
f 359 373 358
f 358 376 382
f 358 382 359
f 360 373 361
f 359 361 373
f 353 360 362
f 361 362 360
f 355 362 361
f 355 361 351
f 253 274 363
f 29 71 25
f 22 25 71
f 23 22 71
f 231 228 204
f 268 256 262
f 344 345 365
f 345 366 365
f 104 365 366
f 104 102 364
f 364 365 104
f 189 169 178
f 109 344 108
f 114 336 109
f 389 114 369
f 347 369 114
f 389 335 114
f 343 367 109
f 368 343 109
f 368 109 341
f 342 343 368
f 371 387 369
f 346 370 371
f 115 391 370
f 391 115 372
f 350 352 372
f 352 391 372
f 374 358 373
f 373 357 374
f 375 374 357
f 375 357 356
f 141 375 138
f 141 3882 374
f 3882 358 374
f 376 358 377
f 378 376 377
f 377 380 378
f 378 380 383
f 378 383 376
f 392 376 383
f 376 392 382
f 380 4236 383
f 392 383 384
f 384 386 392
f 392 386 385
f 383 4236 384
f 380 4235 4236
f 380 379 4235
f 379 3897 4235
f 380 381 379
f 377 3884 380
f 369 387 389
f 387 370 333
f 388 389 387
f 389 388 334
f 390 370 391
f 352 5263 391
f 352 351 402
f 361 402 351
f 359 402 361
f 392 359 382
f 399 385 395
f 386 395 385
f 4236 393 384
f 4237 393 4236
f 4237 4238 393
f 393 407 386
f 384 393 386
f 395 386 394
f 386 407 394
f 395 396 399
f 395 394 396
f 385 399 397
f 392 385 397
f 392 397 359
f 400 359 397
f 399 400 397
f 398 396 394
f 396 398 399
f 399 398 400
f 398 405 400
f 400 404 401
f 400 401 403
f 401 5267 5266
f 400 5265 359
f 402 359 5265
f 400 403 5265
f 403 401 5266
f 404 5267 401
f 400 405 404
f 394 407 406
f 273 436 408
f 410 436 273
f 417 410 272
f 420 435 410
f 435 436 410
f 409 408 436
f 271 417 272
f 412 282 283
f 286 411 285
f 622 411 286
f 283 414 412
f 283 411 413
f 622 413 411
f 283 415 414
f 415 417 414
f 415 283 419
f 413 419 283
f 419 416 415
f 417 415 416
f 414 417 271
f 417 418 410
f 410 418 420
f 413 422 419
f 425 420 416
f 417 420 418
f 417 416 420
f 416 421 425
f 419 422 416
f 421 416 422
f 421 422 486
f 486 423 421
f 426 423 486
f 421 428 424
f 423 428 421
f 424 428 430
f 424 425 421
f 420 432 435
f 420 425 432
f 432 425 434
f 425 424 430
f 425 430 434
f 423 427 428
f 428 429 430
f 427 429 428
f 654 429 449
f 429 654 430
f 431 434 430
f 433 432 434
f 432 433 435
f 431 439 434
f 436 437 409
f 437 436 435
f 435 433 438
f 435 438 437
f 438 433 492
f 439 433 434
f 492 433 439
f 431 430 439
f 439 430 654
f 429 427 449
f 426 427 423
f 426 440 441
f 442 440 426
f 441 427 426
f 440 443 441
f 441 443 427
f 442 426 486
f 482 440 442
f 443 440 444
f 443 451 427
f 445 427 451
f 427 445 449
f 445 446 447
f 451 446 445
f 446 451 460
f 445 447 449
f 446 448 447
f 446 460 448
f 450 460 451
f 444 451 443
f 450 444 452
f 444 450 451
f 450 452 457
f 454 452 444
f 456 457 452
f 453 452 454
f 455 453 454
f 456 452 453
f 457 471 450
f 450 471 458
f 459 450 458
f 458 462 459
f 450 459 460
f 448 515 447
f 504 449 447
f 515 504 447
f 463 517 515
f 515 448 463
f 460 463 448
f 460 459 463
f 458 461 462
f 459 462 463
f 461 466 462
f 462 464 463
f 466 464 462
f 461 465 466
f 466 465 521
f 473 461 458
f 458 471 473
f 456 453 468
f 468 469 456
f 467 468 453
f 528 468 467
f 470 467 481
f 529 467 470
f 527 468 528
f 456 469 471
f 472 471 469
f 456 471 457
f 473 465 461
f 474 473 472
f 471 472 473
f 478 474 472
f 474 465 473
f 476 465 474
f 476 523 475
f 475 465 476
f 476 477 523
f 477 476 474
f 479 478 472
f 472 469 479
f 526 4813 479
f 526 479 469
f 468 527 469
f 526 469 527
f 529 528 467
f 470 480 529
f 481 485 470
f 467 453 481
f 455 481 453
f 482 444 440
f 454 444 482
f 454 482 483
f 482 442 483
f 489 483 442
f 489 442 486
f 489 491 483
f 484 454 483
f 455 454 484
f 481 455 484
f 485 481 484
f 485 627 470
f 483 491 484
f 489 486 488
f 422 488 486
f 488 422 487
f 490 491 489
f 438 492 494
f 493 437 438
f 438 494 493
f 498 494 497
f 498 496 494
f 493 202 437
f 494 495 493
f 500 495 494
f 494 496 500
f 501 500 496
f 503 496 498
f 494 492 497
f 496 512 499
f 496 499 501
f 502 500 501
f 502 505 643
f 505 502 501
f 496 503 512
f 512 513 499
f 501 499 505
f 513 505 499
f 506 505 513
f 504 513 512
f 505 506 507
f 510 507 506
f 508 507 666
f 514 506 513
f 516 506 514
f 509 511 506
f 510 666 507
f 510 506 511
f 514 513 504
f 514 504 516
f 516 504 517
f 504 515 517
f 464 516 517
f 463 464 517
f 506 516 3327
f 3327 509 506
f 516 518 3327
f 518 516 464
f 518 519 3327
f 520 519 518
f 518 464 520
f 520 522 519
f 521 4802 520
f 4802 522 520
f 521 465 475
f 523 4803 475
f 479 524 478
f 524 474 478
f 524 477 474
f 524 479 4814
f 4813 4814 479
f 525 4813 526
f 527 525 526
f 530 4821 529
f 4821 528 529
f 533 4821 530
f 532 529 480
f 532 530 529
f 531 530 532
f 533 530 531
f 534 531 532
f 534 536 531
f 547 534 535
f 537 536 534
f 537 534 547
f 535 532 480
f 534 532 535
f 480 470 627
f 480 627 535
f 536 537 540
f 537 547 538
f 540 537 539
f 540 4822 536
f 542 544 539
f 542 539 537
f 550 537 538
f 541 537 550
f 537 541 542
f 543 542 541
f 544 540 539
f 545 544 542
f 553 545 542
f 543 553 542
f 543 541 558
f 551 541 550
f 550 538 546
f 550 546 548
f 546 538 2916
f 548 546 2916
f 547 2916 538
f 626 548 2916
f 550 548 549
f 552 541 551
f 552 551 549
f 4823 4822 540
f 554 540 544
f 545 554 544
f 558 541 552
f 552 559 558
f 558 553 543
f 555 553 558
f 556 545 553
f 8157 554 545
f 8157 545 556
f 556 553 555
f 555 557 556
f 558 557 555
f 8162 557 558
f 8176 558 559
f 559 552 561
f 549 551 550
f 560 549 2921
f 552 549 560
f 561 552 560
f 560 8175 561
f 562 8175 560
f 5857 562 560
f 549 548 2921
f 2921 5857 560
f 564 2921 548
f 564 548 563
f 564 563 2920
f 563 565 566
f 566 567 563
f 623 566 565
f 566 568 569
f 569 567 566
f 566 623 624
f 566 624 568
f 568 290 569
f 2920 563 567
f 570 2920 567
f 567 569 570
f 572 569 573
f 2924 571 570
f 2924 570 569
f 572 2924 569
f 569 574 573
f 291 574 2912
f 2927 574 291
f 575 2927 291
f 3836 2927 575
f 260 293 291
f 575 291 293
f 293 577 575
f 261 293 260
f 292 577 293
f 577 292 576
f 577 576 578
f 578 576 294
f 578 294 295
f 585 579 578
f 578 579 577
f 579 3836 577
f 579 585 580
f 580 3824 579
f 583 580 585
f 581 3811 582
f 3811 581 583
f 584 3811 583
f 295 586 578
f 298 587 296
f 266 296 621
f 621 296 587
f 301 588 298
f 303 590 588
f 588 3810 587
f 589 592 590
f 589 591 592
f 591 589 593
f 590 592 603
f 303 589 590
f 303 593 589
f 304 593 303
f 593 595 598
f 595 593 304
f 594 595 304
f 594 305 595
f 238 595 305
f 241 595 238
f 309 595 241
f 601 306 308
f 308 310 601
f 596 597 310
f 3714 597 596
f 3731 597 3728
f 601 310 3731
f 597 3731 310
f 306 601 599
f 591 593 598
f 598 595 599
f 598 599 600
f 599 595 309
f 309 306 599
f 591 598 600
f 599 605 600
f 599 601 605
f 601 3731 605
f 600 3730 592
f 600 605 3730
f 3730 602 592
f 602 603 592
f 602 611 617
f 603 602 617
f 590 3810 588
f 612 611 602
f 602 3730 612
f 605 604 3730
f 604 605 606
f 607 604 606
f 3729 608 607
f 3729 607 606
f 608 3757 609
f 609 607 608
f 3730 604 612
f 607 609 604
f 609 610 604
f 612 604 610
f 611 612 610
f 611 616 617
f 610 614 611
f 610 609 614
f 613 614 609
f 615 614 3778
f 611 614 615
f 611 615 616
f 590 603 617
f 587 3809 621
f 617 3810 590
f 616 618 617
f 3810 617 618
f 619 616 582
f 582 616 615
f 583 581 620
f 583 620 580
f 620 3833 3824
f 582 620 581
f 3826 3832 3833
f 3833 620 3826
f 620 582 3826
f 295 621 586
f 621 295 266
f 583 586 621
f 583 585 586
f 585 578 586
f 622 631 413
f 286 635 622
f 289 568 624
f 623 2917 624
f 635 624 2917
f 2917 623 565
f 625 565 563
f 548 625 563
f 625 2914 565
f 565 2914 2917
f 625 626 2914
f 548 626 625
f 2916 2913 626
f 547 535 2915
f 535 629 2915
f 535 627 629
f 628 629 627
f 630 629 628
f 628 632 630
f 632 628 490
f 490 489 632
f 422 413 487
f 413 631 487
f 633 487 631
f 633 488 487
f 633 489 488
f 632 489 633
f 632 633 634
f 635 634 633
f 2917 634 635
f 631 635 633
f 631 622 635
f 624 635 286
f 624 286 289
f 640 636 98
f 636 637 639
f 637 670 639
f 639 98 636
f 96 98 639
f 670 638 639
f 637 646 670
f 670 646 656
f 98 653 640
f 98 198 653
f 199 653 197
f 493 495 202
f 502 650 500
f 502 643 650
f 642 643 505
f 505 641 642
f 507 641 505
f 644 643 642
f 643 644 650
f 644 642 2906
f 645 644 2906
f 650 644 645
f 647 650 645
f 645 2906 658
f 647 645 646
f 648 647 646
f 648 649 647
f 655 649 648
f 650 647 649
f 650 495 500
f 495 650 649
f 649 651 202
f 495 649 202
f 652 636 640
f 651 652 640
f 653 651 640
f 197 653 198
f 651 653 199
f 652 651 649
f 439 497 492
f 439 654 497
f 497 654 449
f 485 484 491
f 490 485 491
f 490 627 485
f 628 627 490
f 655 652 649
f 652 655 637
f 652 637 636
f 655 648 646
f 637 655 646
f 646 645 657
f 646 657 656
f 645 658 657
f 2906 642 677
f 678 642 641
f 641 659 678
f 507 659 641
f 507 508 659
f 508 660 659
f 667 659 660
f 659 667 662
f 679 659 662
f 662 664 661
f 661 663 662
f 680 661 664
f 662 2910 664
f 665 2910 662
f 667 665 662
f 666 660 508
f 667 660 666
f 666 511 667
f 511 509 668
f 668 669 511
f 666 510 511
f 657 673 656
f 670 656 673
f 638 670 673
f 96 639 671
f 638 671 639
f 671 638 672
f 672 638 673
f 3297 672 673
f 672 2904 97
f 97 2904 156
f 2904 153 156
f 673 657 676
f 3297 673 675
f 675 674 3297
f 676 675 673
f 2906 677 2907
f 659 679 678
f 642 678 677
f 679 662 663
f 663 678 679
f 677 678 680
f 678 663 680
f 663 661 680
f 686 682 681
f 716 686 681
f 683 682 686
f 683 686 684
f 684 686 685
f 686 716 688
f 687 686 688
f 689 716 681
f 712 716 689
f 712 714 716
f 712 713 714
f 681 683 706
f 683 681 682
f 704 706 683
f 684 704 683
f 691 684 690
f 691 704 684
f 691 690 692
f 690 737 694
f 690 694 692
f 696 692 694
f 696 694 693
f 738 693 694
f 693 738 695
f 693 695 697
f 697 695 727
f 697 696 693
f 698 696 697
f 698 697 701
f 699 696 698
f 699 691 696
f 701 769 698
f 701 727 728
f 727 701 697
f 701 728 767
f 701 767 700
f 769 701 702
f 770 702 701
f 699 698 769
f 769 744 699
f 703 699 743
f 691 692 696
f 703 704 691
f 707 704 703
f 704 707 708
f 706 689 681
f 704 708 706
f 708 709 712
f 689 706 708
f 708 712 689
f 709 756 712
f 708 707 709
f 709 707 705
f 756 709 705
f 712 756 750
f 750 749 712
f 712 749 713
f 713 749 748
f 714 713 748
f 714 748 715
f 746 716 714
f 688 716 735
f 720 688 719
f 717 719 688
f 720 719 806
f 806 721 720
f 719 718 806
f 722 720 721
f 723 688 720
f 688 723 724
f 723 720 722
f 724 723 725
f 687 688 724
f 732 726 725
f 726 724 725
f 695 724 726
f 695 726 727
f 730 728 727
f 730 727 726
f 730 726 729
f 732 729 726
f 728 730 729
f 765 763 729
f 729 732 765
f 766 765 732
f 732 731 766
f 892 731 732
f 725 723 893
f 723 722 893
f 722 721 892
f 803 721 806
f 733 721 803
f 718 734 806
f 717 736 868
f 736 747 868
f 735 736 717
f 688 735 717
f 690 684 685
f 686 737 685
f 690 685 737
f 737 686 738
f 738 686 687
f 695 687 724
f 737 738 694
f 738 687 695
f 707 703 705
f 742 711 710
f 711 742 705
f 705 740 739
f 742 740 705
f 740 774 739
f 773 740 742
f 710 711 741
f 742 710 745
f 710 741 745
f 742 745 772
f 711 744 741
f 703 711 705
f 711 703 743
f 744 711 743
f 741 744 769
f 769 745 741
f 703 691 699
f 744 743 699
f 746 735 716
f 735 747 736
f 735 746 747
f 752 747 746
f 714 715 746
f 746 715 751
f 746 751 752
f 753 751 715
f 715 749 753
f 715 748 749
f 754 749 750
f 754 753 749
f 750 755 754
f 753 754 755
f 755 750 756
f 755 1060 753
f 1058 753 1060
f 753 1058 751
f 1060 755 757
f 705 739 756
f 755 756 758
f 758 757 755
f 758 756 739
f 758 739 760
f 759 758 760
f 759 760 761
f 739 774 760
f 762 1172 759
f 762 759 761
f 762 761 788
f 761 760 774
f 700 767 768
f 700 768 771
f 770 701 700
f 770 700 771
f 763 728 729
f 728 763 764
f 763 766 764
f 766 763 765
f 764 767 728
f 702 745 769
f 745 702 770
f 772 745 770
f 775 772 770
f 770 771 775
f 768 767 771
f 771 767 764
f 775 771 777
f 773 772 775
f 773 742 772
f 775 774 740
f 773 775 740
f 775 761 774
f 776 792 775
f 777 776 775
f 776 777 787
f 777 771 764
f 777 764 778
f 778 779 777
f 777 779 780
f 779 781 780
f 731 892 779
f 779 778 731
f 766 731 778
f 779 892 781
f 780 781 784
f 892 782 781
f 784 781 782
f 891 804 783
f 782 891 783
f 782 783 784
f 780 784 785
f 785 784 783
f 796 780 785
f 786 796 785
f 786 785 802
f 796 964 780
f 787 780 964
f 787 777 780
f 787 792 776
f 761 775 792
f 788 761 792
f 788 790 762
f 788 1079 790
f 789 762 790
f 1172 762 789
f 792 791 788
f 791 1079 788
f 786 795 796
f 797 796 795
f 798 797 801
f 797 894 796
f 894 1085 796
f 798 894 797
f 795 800 797
f 800 801 797
f 800 799 801
f 817 801 799
f 800 875 799
f 795 786 800
f 800 786 814
f 786 802 814
f 785 783 802
f 802 783 812
f 783 804 812
f 805 891 803
f 804 891 805
f 805 803 806
f 808 806 734
f 868 866 717
f 717 866 719
f 718 719 807
f 719 866 807
f 718 807 734
f 871 807 858
f 872 808 734
f 810 804 809
f 812 810 811
f 811 813 812
f 814 802 812
f 812 813 814
f 800 813 874
f 814 813 800
f 874 875 800
f 875 815 799
f 816 817 799
f 801 817 819
f 801 819 895
f 820 817 816
f 817 818 819
f 896 818 817
f 820 821 830
f 816 821 820
f 821 816 815
f 822 820 830
f 830 825 822
f 825 830 823
f 817 820 896
f 822 825 828
f 825 823 824
f 824 823 831
f 827 824 826
f 824 827 825
f 902 828 827
f 825 827 828
f 826 5052 827
f 826 824 829
f 824 831 829
f 829 831 835
f 842 830 821
f 823 830 842
f 823 842 831
f 831 839 832
f 832 835 831
f 826 829 833
f 833 829 835
f 834 833 835
f 837 832 839
f 837 839 836
f 837 836 844
f 836 839 838
f 839 840 838
f 840 839 842
f 840 841 838
f 840 1157 841
f 857 841 1157
f 842 839 831
f 816 799 815
f 821 815 842
f 842 1157 840
f 815 1157 842
f 875 876 815
f 1157 815 876
f 836 838 856
f 844 836 856
f 841 843 838
f 843 856 838
f 846 837 844
f 845 846 844
f 849 846 845
f 853 845 847
f 4845 4851 853
f 848 853 4851
f 853 848 845
f 837 846 5262
f 5262 846 849
f 849 845 848
f 4851 7058 848
f 849 848 850
f 5262 849 850
f 851 5184 850
f 850 5184 5262
f 851 7054 5184
f 851 850 852
f 5191 4864 7058
f 854 4845 853
f 853 847 854
f 4761 854 847
f 4848 854 4846
f 854 4761 4846
f 855 4761 847
f 845 844 855
f 855 844 856
f 847 845 855
f 855 4760 4761
f 857 843 841
f 843 857 4762
f 778 764 766
f 865 747 752
f 868 747 865
f 866 859 807
f 807 870 858
f 870 807 867
f 867 807 859
f 859 866 867
f 865 752 860
f 751 860 752
f 751 861 860
f 751 1058 861
f 862 860 861
f 861 1055 862
f 865 860 862
f 863 862 1066
f 862 863 864
f 865 862 1052
f 1052 862 864
f 865 869 870
f 867 865 870
f 868 865 867
f 866 868 867
f 871 858 1031
f 734 807 871
f 1034 808 872
f 1078 1034 872
f 808 810 809
f 810 873 811
f 808 1034 810
f 879 811 873
f 874 813 811
f 875 874 876
f 874 877 878
f 876 878 1156
f 876 874 878
f 877 1156 878
f 1156 877 1164
f 874 888 877
f 880 874 811
f 874 880 889
f 811 879 880
f 882 880 873
f 879 873 880
f 882 883 880
f 882 873 881
f 873 810 881
f 881 810 1034
f 885 882 1035
f 882 881 1035
f 885 1035 1039
f 885 883 882
f 883 885 887
f 883 887 890
f 885 884 887
f 885 1039 884
f 884 1039 1086
f 884 1086 886
f 1086 1087 886
f 888 884 886
f 888 887 884
f 887 889 890
f 803 721 733
f 892 891 782
f 803 891 721
f 892 721 891
f 892 893 722
f 732 725 893
f 893 892 732
f 964 796 1085
f 894 990 1085
f 801 895 798
f 897 818 896
f 896 898 897
f 896 820 822
f 897 819 818
f 899 898 896
f 905 900 898
f 900 897 898
f 900 901 978
f 900 968 897
f 968 970 897
f 1262 909 901
f 901 900 905
f 905 898 899
f 905 899 902
f 899 896 822
f 899 822 828
f 902 899 828
f 827 5052 903
f 902 827 903
f 904 905 902
f 905 904 1262
f 902 903 904
f 906 904 903
f 908 1262 904
f 904 906 908
f 907 906 903
f 906 907 910
f 911 907 5053
f 911 910 907
f 910 913 906
f 913 908 906
f 1262 908 909
f 914 909 908
f 909 914 985
f 914 917 985
f 985 901 909
f 917 922 985
f 914 908 913
f 7301 913 910
f 911 5053 5054
f 912 910 911
f 912 916 910
f 910 916 7301
f 917 914 913
f 7301 917 913
f 918 922 917
f 7301 918 917
f 921 922 918
f 919 920 918
f 922 979 985
f 922 921 923
f 921 983 923
f 983 924 928
f 924 983 921
f 926 928 924
f 918 920 924
f 3219 924 920
f 3220 920 919
f 915 919 918
f 915 916 912
f 924 921 918
f 925 924 3219
f 3215 926 924
f 926 927 928
f 3215 924 925
f 930 927 929
f 929 927 926
f 932 931 930
f 934 932 930
f 934 933 932
f 939 933 934
f 940 933 939
f 934 930 936
f 936 930 929
f 936 929 935
f 937 936 935
f 3215 937 935
f 938 937 3215
f 938 3216 937
f 937 934 936
f 939 934 937
f 939 3216 3212
f 3216 939 937
f 932 933 943
f 942 943 933
f 932 943 945
f 945 941 932
f 943 944 945
f 959 945 944
f 932 999 931
f 928 927 931
f 930 931 927
f 999 932 941
f 947 946 941
f 999 941 946
f 941 945 947
f 947 945 959
f 947 960 948
f 948 946 947
f 961 960 947
f 961 947 959
f 949 944 943
f 950 949 943
f 3202 942 933
f 3212 940 939
f 944 949 959
f 959 949 951
f 959 951 952
f 957 952 954
f 953 954 952
f 953 952 1023
f 951 1023 952
f 1023 951 1025
f 956 1015 955
f 957 954 955
f 957 963 958
f 955 963 957
f 1015 963 955
f 958 952 957
f 959 952 958
f 958 962 961
f 963 962 958
f 965 990 894
f 990 965 989
f 965 894 966
f 894 798 966
f 895 966 798
f 986 895 819
f 967 900 978
f 968 971 969
f 970 968 969
f 897 970 988
f 970 969 987
f 972 969 971
f 967 971 968
f 967 968 900
f 972 973 980
f 973 972 971
f 967 973 971
f 967 975 973
f 974 973 975
f 974 980 973
f 977 995 974
f 974 995 980
f 978 975 967
f 978 974 975
f 977 978 976
f 977 974 978
f 976 901 979
f 976 978 901
f 985 979 901
f 997 980 995
f 982 995 977
f 982 977 981
f 976 981 977
f 984 981 976
f 983 998 982
f 982 981 983
f 983 981 984
f 976 979 984
f 923 983 984
f 804 805 809
f 808 805 806
f 805 808 809
f 810 812 804
f 819 897 986
f 897 988 986
f 987 965 970
f 970 965 988
f 987 989 965
f 972 987 969
f 991 990 989
f 990 991 793
f 991 992 793
f 990 793 1085
f 989 987 991
f 980 1084 972
f 1261 1084 980
f 1261 1183 1084
f 993 994 980
f 980 994 1261
f 1261 994 1183
f 997 993 980
f 993 997 1007
f 995 996 997
f 996 995 982
f 996 1007 997
f 982 998 996
f 928 931 998
f 931 1000 1004
f 1003 999 946
f 948 1003 946
f 1000 931 999
f 960 1002 948
f 960 1001 1002
f 999 1003 1000
f 931 996 998
f 1007 994 993
f 1005 1006 994
f 1008 1178 1005
f 994 1006 1183
f 1178 1186 1005
f 1006 1005 1186
f 1007 1005 994
f 1008 1005 1007
f 931 1004 996
f 1004 1007 996
f 1007 1004 1011
f 1011 1008 1007
f 1009 1008 1011
f 1010 1008 1009
f 1009 1003 1010
f 1003 1009 1011
f 1003 1011 1000
f 1010 948 1002
f 1002 1001 1010
f 1001 1178 1010
f 960 1012 1001
f 961 962 960
f 962 1012 960
f 962 1014 1012
f 1012 1177 1001
f 1001 1177 1178
f 1177 1012 1013
f 1012 1014 1013
f 962 963 1014
f 963 1059 1014
f 955 954 1018
f 1018 1017 955
f 1017 956 955
f 1019 1017 1018
f 1018 1020 1019
f 1022 1020 1018
f 1018 954 1192
f 953 1192 954
f 1020 1022 1199
f 1019 1077 1124
f 1019 1075 1077
f 1019 1020 1075
f 1020 1021 3556
f 1021 1020 1199
f 1021 1203 3558
f 1021 1199 1203
f 1024 1025 951
f 1025 1024 1026
f 949 1024 951
f 1027 1025 1026
f 1214 1023 1025
f 1023 1214 1192
f 1216 1025 1027
f 1028 1027 1026
f 1026 950 1028
f 950 1029 1028
f 965 966 988
f 986 966 895
f 986 988 966
f 1030 871 1031
f 1030 1031 1033
f 1031 858 1048
f 1031 1032 1033
f 1030 872 871
f 1031 1048 1032
f 1105 1032 1048
f 1033 1032 1036
f 1038 1034 1078
f 1034 1038 1035
f 1034 1035 881
f 1078 1037 1038
f 1030 1033 1037
f 1036 1032 1047
f 1037 1036 1045
f 1037 1033 1036
f 1037 1044 1038
f 1035 1038 1040
f 1039 1035 1040
f 1040 1086 1039
f 1040 1038 1041
f 1038 1044 1042
f 1038 1042 1043
f 1038 1043 1090
f 1038 1090 1041
f 1088 1040 1041
f 1090 1088 1041
f 1045 1044 1037
f 1044 1045 1092
f 1036 1046 1045
f 1032 1105 1047
f 1105 1048 1047
f 1047 1048 1049
f 858 869 1048
f 869 858 870
f 865 1052 869
f 1048 1051 1049
f 1051 1112 1049
f 1048 1050 1051
f 1050 1053 1051
f 1052 1258 1050
f 1053 1050 1258
f 1063 1066 862
f 1063 862 1054
f 1054 862 1055
f 1055 861 1058
f 1058 1057 1055
f 1057 1056 1055
f 1054 1062 1063
f 1062 1054 1055
f 1062 1055 1056
f 1061 1062 1056
f 1060 1057 1058
f 1190 1061 1057
f 1190 1057 1060
f 1059 1060 757
f 1060 1059 1190
f 963 1190 1059
f 1056 1057 1061
f 1067 1062 1061
f 1066 1063 1065
f 1064 1063 1062
f 1064 1065 1063
f 1065 1064 1068
f 1067 1068 1064
f 1067 1064 1062
f 1067 1061 1190
f 1190 1074 1067
f 1065 1068 1070
f 1066 1065 1191
f 1067 1069 1068
f 1069 1067 1074
f 1070 1068 1069
f 1070 1069 1071
f 1065 1070 1191
f 1070 1071 1191
f 1191 1071 1120
f 1074 1071 1069
f 1125 1072 1074
f 1072 1071 1074
f 1071 1072 1120
f 1120 1072 1119
f 1121 1119 1072
f 1072 1125 1073
f 1072 1073 1128
f 1074 1015 956
f 956 1016 1074
f 1016 1125 1074
f 1017 1016 956
f 1019 1124 1017
f 1075 1076 1077
f 1075 1020 1076
f 734 871 872
f 872 1030 1078
f 1078 1030 1037
f 1083 789 790
f 1080 1079 992
f 992 1079 793
f 790 1079 1080
f 1083 1080 1081
f 1080 1083 790
f 1081 1082 1083
f 1182 789 1083
f 1172 789 1182
f 1189 1082 1081
f 1183 1081 1080
f 1084 1183 1080
f 1080 992 1084
f 1084 992 991
f 972 991 987
f 972 1084 991
f 791 792 793
f 787 793 792
f 964 794 787
f 1085 794 964
f 787 794 793
f 793 1079 791
f 1085 793 794
f 1040 1087 1086
f 1088 1087 1040
f 1087 1088 1091
f 1089 1090 1043
f 1091 1088 4428
f 1089 1088 1090
f 1093 1089 1043
f 4427 1089 1093
f 1094 1093 1043
f 1042 1044 1092
f 1092 1043 1042
f 1043 1095 1094
f 1095 1043 1092
f 1092 1099 1095
f 1094 1095 3903
f 1095 1102 3903
f 1095 1099 1100
f 1092 1097 1099
f 1045 1097 1092
f 1046 1097 1045
f 1098 1097 3665
f 3665 1046 1107
f 1097 1046 3665
f 1104 1097 1098
f 1099 1101 1100
f 1100 1102 1095
f 1102 1100 3859
f 1102 3859 3903
f 3903 3859 3902
f 1099 1103 1101
f 1099 1097 1104
f 1099 1104 1103
f 1101 1103 1100
f 1103 3858 1100
f 1103 3661 3858
f 1098 3665 4015
f 1047 1046 1036
f 1049 1046 1047
f 1112 1106 1049
f 1046 1049 1107
f 1049 1106 1107
f 1053 1108 1051
f 1109 1053 1258
f 1051 1108 1111
f 1053 1109 1108
f 1109 863 1108
f 1108 863 1111
f 1113 863 1066
f 1110 1114 1111
f 1116 1111 1114
f 1051 1111 1115
f 1051 1115 1112
f 1111 1116 1115
f 1111 863 1110
f 1118 1113 1066
f 1155 1114 1110
f 1116 1114 1155
f 1115 1116 1259
f 1116 1155 1117
f 1122 1113 1118
f 1066 1191 1118
f 1119 1118 1120
f 1072 1128 1122
f 1121 1072 1122
f 1119 1121 1118
f 1128 1073 1123
f 1123 1073 1125
f 1016 1017 1124
f 1124 1126 1016
f 1126 1123 1016
f 1123 1125 1016
f 1129 1128 1126
f 1129 1127 1128
f 1138 1127 1129
f 1126 1128 1123
f 1132 1128 1127
f 1132 1127 1135
f 1127 1131 1135
f 1130 1131 1127
f 1130 1127 1138
f 1136 1131 1130
f 1131 1136 1135
f 1133 1132 1135
f 1133 1134 1113
f 1135 1153 1134
f 1133 1135 1134
f 1137 1135 1136
f 1145 1153 1135
f 1137 1145 1135
f 1137 1144 1145
f 1142 1137 1136
f 1138 3550 1130
f 1138 1129 1126
f 3552 1138 1126
f 1126 1077 3552
f 1124 1077 1126
f 3552 1077 1076
f 3556 3552 1076
f 1130 3550 1139
f 1139 2942 1130
f 1136 1130 2942
f 2942 1140 1136
f 1140 1141 1136
f 1141 1142 1136
f 1143 1137 1142
f 1143 1144 1137
f 1142 1141 1143
f 1146 1145 1144
f 1146 1144 2949
f 2949 2948 1146
f 1147 1146 2948
f 1147 1149 1154
f 1149 1147 1148
f 2948 1148 1147
f 1150 1148 2948
f 1151 1148 1150
f 3185 1150 2948
f 1150 3183 1151
f 1145 1146 1152
f 1152 1146 1154
f 1146 1147 1154
f 1153 1145 1152
f 1153 1152 1154
f 1117 1153 1154
f 1153 1117 1155
f 1155 1110 1153
f 1153 1110 1134
f 863 1134 1110
f 1113 1134 863
f 1132 1133 1113
f 889 880 883
f 889 883 890
f 877 888 1165
f 1164 877 1165
f 1157 876 1156
f 1157 4762 857
f 4762 1157 4756
f 4756 1157 1156
f 1156 1158 4756
f 1158 1156 1159
f 1159 1160 1158
f 1162 4757 1158
f 1158 1160 1162
f 1159 1164 1160
f 1156 1164 1159
f 1160 1161 1162
f 1162 1161 4757
f 1163 1161 1168
f 1161 1163 4757
f 1163 1169 4758
f 1163 1168 1169
f 1160 1167 1161
f 1160 1164 1167
f 1167 1164 1165
f 1166 1165 888
f 1165 1166 1167
f 1167 1166 886
f 1161 1170 1168
f 1170 1161 1167
f 1168 4436 1169
f 4436 1168 1170
f 1167 1171 1170
f 1171 1167 886
f 888 886 1166
f 1087 1171 886
f 1091 1171 1087
f 4428 4434 1091
f 1088 4427 4428
f 4427 1088 1089
f 1050 869 1052
f 1050 1048 869
f 757 1173 1187
f 757 758 1173
f 758 759 1173
f 1173 759 1172
f 1172 1174 1173
f 1174 1182 1189
f 1174 1185 1173
f 1187 1173 1185
f 1181 757 1187
f 1181 1059 757
f 1059 1181 1175
f 1059 1175 1014
f 1014 1175 1013
f 1176 1013 1175
f 1008 1010 1178
f 1177 1176 1178
f 1013 1176 1177
f 1176 1175 1180
f 1175 1179 1180
f 1179 1188 1180
f 1187 1179 1181
f 1175 1181 1179
f 1174 1172 1182
f 1082 1182 1083
f 1189 1182 1082
f 1184 1081 1183
f 1184 1189 1081
f 1006 1184 1183
f 1006 1189 1184
f 1189 1188 1174
f 1188 1189 1006
f 1006 1186 1188
f 1176 1186 1178
f 1186 1180 1188
f 1174 1188 1185
f 1186 1176 1180
f 1179 1187 1188
f 1185 1188 1187
f 1000 1011 1004
f 1190 963 1015
f 1074 1190 1015
f 958 961 959
f 1191 1120 1118
f 1023 1192 953
f 1018 1192 1022
f 1214 1193 1192
f 1193 1200 1192
f 1195 1194 1193
f 1194 1200 1193
f 1219 1196 1195
f 1195 1196 1194
f 1219 1197 1196
f 1198 1194 1196
f 1198 1200 1194
f 1201 1192 1198
f 1192 1201 1022
f 1199 1022 1201
f 1196 1202 1198
f 1202 1201 1198
f 1199 1201 1203
f 3589 1202 1196
f 3589 1196 1205
f 1209 3589 1205
f 1204 1202 3589
f 1204 1203 1202
f 1202 1203 1201
f 1196 1206 1205
f 1197 1206 1196
f 1206 1197 1212
f 1211 1206 1212
f 1211 1205 1206
f 1207 1205 1211
f 1208 1207 1211
f 1208 1210 1207
f 1210 1205 1207
f 1205 1210 1209
f 1243 3591 1210
f 1243 1210 1228
f 1230 1243 1228
f 1210 1208 1228
f 1228 1208 1227
f 1208 1211 1226
f 1211 1212 1213
f 1197 1220 1212
f 1214 1216 1195
f 1214 1025 1216
f 1027 1028 1216
f 1028 1215 1216
f 1215 1195 1216
f 1195 1215 1219
f 1219 1215 1217
f 1217 1215 1218
f 1215 1028 1218
f 1220 1197 1219
f 1220 1219 1217
f 1218 1222 1217
f 1028 1029 1218
f 1218 1029 1221
f 1221 1029 942
f 1218 1221 1222
f 1223 1217 1222
f 1222 3214 1223
f 3203 1223 3214
f 1223 3203 3204
f 3921 1223 3204
f 3921 1224 1223
f 1223 1224 1217
f 3921 1225 1224
f 3921 3912 1225
f 1212 1217 1224
f 1213 1212 1224
f 1211 1213 1226
f 1208 1226 1227
f 1227 1229 1228
f 1230 1228 1229
f 1236 1243 1230
f 1229 1227 1232
f 1227 1226 1231
f 1227 1231 1232
f 1229 1232 1235
f 1226 3910 1231
f 1232 1231 1234
f 1226 1213 3911
f 3910 1226 3911
f 3933 1231 3910
f 1232 1233 1235
f 1233 1232 1234
f 3933 1234 1231
f 1238 1233 1234
f 1235 1233 1239
f 1236 1230 1237
f 1229 1237 1230
f 1237 1229 1235
f 1235 3935 1237
f 3935 1235 1239
f 1237 3934 1241
f 1239 1233 1238
f 3935 3934 1237
f 1240 1241 3934
f 1242 1241 1240
f 1241 1236 1237
f 1244 1241 1242
f 1249 1246 1242
f 1240 1249 1242
f 1241 1245 1236
f 1243 1236 1245
f 1245 1241 1244
f 1247 1244 1246
f 1246 1244 1242
f 1248 3594 1247
f 1250 1246 1249
f 1256 3934 1255
f 1240 1256 1249
f 1240 3934 1256
f 1252 3613 1249
f 1251 1249 3613
f 1256 1252 1249
f 1253 1252 1256
f 3629 1252 1253
f 1253 1256 1254
f 1255 1257 1256
f 1254 1256 1257
f 1026 1024 949
f 1026 949 950
f 1029 950 943
f 1029 943 942
f 1121 1122 1118
f 1128 1132 1122
f 1122 1132 1113
f 1109 864 863
f 1052 864 1109
f 1258 1052 1109
f 1115 1259 3667
f 1116 1117 1260
f 1149 1260 1117
f 1117 1154 1149
f 888 874 889
f 889 887 888
f 1262 901 905
f 979 923 984
f 923 979 922
f 928 998 983
f 948 1010 1003
f 1270 1289 1263
f 1270 1263 1264
f 1289 1270 1269
f 1265 1289 1268
f 1265 1268 1266
f 1290 1272 1266
f 1267 1290 1266
f 1267 1266 1268
f 1269 1268 1289
f 1270 1264 1311
f 1304 1270 1311
f 1311 1264 1312
f 1312 1264 1309
f 1289 1265 1263
f 1309 1264 1263
f 1272 1273 1266
f 1273 1277 1275
f 1272 1288 1273
f 1272 1271 1288
f 1273 1276 1277
f 1274 1265 1433
f 1265 1275 1433
f 1287 1277 1276
f 1277 1287 1284
f 1287 1279 1284
f 1287 1280 1279
f 1287 1286 1280
f 1281 1283 1280
f 1280 1283 1279
f 1279 1282 1284
f 1277 1319 1278
f 1279 1283 1282
f 1320 1284 1282
f 1282 1285 1320
f 1283 1285 1282
f 1283 1321 1285
f 1281 1321 1283
f 1280 1321 1281
f 1325 1286 1287
f 1276 1325 1287
f 1276 1273 1288
f 1271 1497 1288
f 1302 1272 1290
f 1271 1272 1302
f 1295 1302 1290
f 1305 1268 1269
f 1305 1267 1268
f 1267 1295 1290
f 1291 1267 1305
f 1295 1267 1292
f 1267 1291 1292
f 1293 1296 1292
f 1296 1295 1292
f 1293 1292 1291
f 1293 1291 1294
f 1362 1294 1291
f 1297 1293 1294
f 1296 1293 1297
f 1301 1295 1298
f 1298 1295 1296
f 1298 1296 1297
f 1297 1300 1298
f 1300 1297 1299
f 1344 1300 1299
f 1298 1300 1301
f 1332 1333 1300
f 1332 1341 1333
f 1328 1300 1333
f 1300 1328 1301
f 1328 1303 1301
f 1303 1295 1301
f 1295 1303 1302
f 1303 1326 1302
f 1304 1306 1270
f 1439 1306 1304
f 1308 1306 1439
f 1305 1269 1306
f 1306 1269 1270
f 1439 1307 1308
f 1308 1362 1306
f 1291 1306 1362
f 1306 1291 1305
f 1312 1309 1316
f 1316 1313 1312
f 1312 1313 1314
f 1373 1311 1312
f 1314 1373 1312
f 1314 1313 1378
f 1313 1315 1378
f 1315 1313 1382
f 1309 1317 1316
f 1317 1263 1310
f 1310 1263 1274
f 1263 1265 1274
f 1310 1274 1317
f 1318 1433 1275
f 1278 1275 1277
f 1444 1318 1278
f 1318 1275 1278
f 1319 1277 1284
f 1319 1284 1320
f 1280 1487 1321
f 1321 1487 1323
f 1321 1323 1285
f 1285 1323 1322
f 1323 1324 1322
f 1487 1324 1323
f 1288 1325 1276
f 1325 1498 1286
f 1497 1325 1288
f 1271 1329 1497
f 1271 1327 1329
f 1271 1302 1327
f 1326 1303 1328
f 1302 1326 1327
f 1331 1326 1328
f 1327 1330 1329
f 1326 1330 1327
f 1331 1330 1326
f 1329 1330 1497
f 1330 1331 1505
f 1331 1335 1505
f 1331 1334 1335
f 1334 1331 1337
f 1331 1328 1337
f 1337 1328 1333
f 1341 1340 1333
f 1332 1343 1341
f 1343 1332 1344
f 1337 1333 1338
f 1335 1506 1505
f 1336 1335 1334
f 1335 1336 1506
f 1338 1333 1340
f 1920 1340 1341
f 1920 1341 1342
f 1343 1353 1341
f 1353 1342 1341
f 1354 1353 1343
f 1299 1345 1344
f 1345 1350 1344
f 1344 1350 1343
f 1345 1346 1350
f 1346 1345 1299
f 1889 1343 1350
f 1350 1346 1349
f 1348 1346 1299
f 1297 1348 1299
f 1297 1294 1362
f 1362 1347 1297
f 1308 1368 1347
f 1347 1348 1297
f 1346 1348 1349
f 1387 1350 1367
f 1349 1351 1350
f 1348 1351 1349
f 1350 1351 1367
f 1352 1350 1387
f 1350 1352 1889
f 1352 1387 1392
f 1352 1356 1889
f 1343 1889 1354
f 1889 1355 1354
f 1889 1356 1357
f 1992 1352 1993
f 1992 1356 1352
f 1891 1357 1356
f 1358 1356 1992
f 1993 1352 1919
f 1913 1358 1992
f 1358 1359 1356
f 1352 1392 1919
f 1392 1387 1390
f 1390 1977 1360
f 1977 1390 1387
f 1361 1348 1347
f 1361 1347 1368
f 1308 1347 1362
f 1266 1273 1265
f 1273 1275 1265
f 1361 1368 1363
f 1368 1370 1363
f 1363 1348 1361
f 1363 1365 1364
f 1366 1367 1363
f 1366 1363 1364
f 1365 1363 1370
f 1387 1366 1364
f 1366 1387 1367
f 1348 1363 1367
f 1367 1351 1348
f 1371 1368 1308
f 1370 1368 1369
f 1423 1369 1372
f 1307 1371 1308
f 1375 1374 1307
f 1374 1371 1307
f 1369 1368 1371
f 1369 1371 1372
f 1373 1375 1304
f 1307 1439 1375
f 1375 1439 1304
f 1373 1304 1311
f 1375 1373 1376
f 1377 1373 1314
f 1376 1373 1377
f 1314 1378 1377
f 1315 1379 1378
f 1417 1379 1315
f 1380 1417 1315
f 1377 1378 1379
f 1380 1315 1381
f 1564 1381 1315
f 1564 1315 1382
f 1564 1382 1542
f 1313 1316 1382
f 1385 1382 1316
f 1383 1385 1316
f 1316 1317 1383
f 1383 1384 1385
f 1384 1443 1386
f 1370 1411 1365
f 1364 1365 1411
f 1387 1364 1389
f 1987 1389 1364
f 1364 1411 1987
f 1389 1987 1388
f 1977 1387 1389
f 1977 1389 1388
f 1977 1996 1360
f 1390 1360 1409
f 1390 1391 1392
f 1407 1391 1409
f 1407 1915 1391
f 1915 1407 1393
f 1395 1393 1401
f 1395 1401 1394
f 1398 1395 1394
f 1394 1396 1398
f 1918 1395 1398
f 1396 1394 1399
f 1397 1398 1396
f 2012 1397 1396
f 2012 1396 1402
f 1401 1399 1394
f 1400 1401 1393
f 1401 1400 1403
f 1404 1399 1401
f 1399 1402 1396
f 1404 1402 1399
f 1403 1404 1401
f 1403 1400 1405
f 1403 2004 2005
f 1403 2006 1404
f 1404 2006 2007
f 2004 1403 1405
f 1400 1406 1405
f 1400 1393 1408
f 1393 1407 1408
f 1408 1407 1409
f 1391 1390 1409
f 1409 1410 1408
f 1410 1406 1408
f 1411 1424 1983
f 1370 1424 1411
f 1369 1423 1370
f 1423 1372 1415
f 1374 1375 1416
f 1374 1372 1371
f 1372 1374 1414
f 1414 1374 1416
f 1416 1412 1414
f 1412 1416 1574
f 1413 1414 1412
f 1413 1415 1414
f 1416 1375 1376
f 1416 1376 1377
f 1377 1379 1417
f 1566 1377 1417
f 1418 1377 1566
f 1419 1418 1566
f 1858 1566 1710
f 1419 1566 1858
f 1859 1419 1858
f 1431 1419 1859
f 1431 1412 1419
f 1420 1413 1431
f 1421 1415 1413
f 1420 1421 1413
f 1421 1420 1432
f 1428 1415 1421
f 1428 1423 1415
f 1427 1423 1606
f 1427 1424 1370
f 1427 1370 1423
f 1983 1424 1425
f 1426 1424 1427
f 1429 1427 1606
f 1606 1423 1428
f 1428 1421 1422
f 1430 1428 1422
f 1606 1428 1430
f 1720 1430 1422
f 1432 1422 1421
f 1711 1420 1431
f 1431 1605 1711
f 1432 1420 1711
f 1605 1431 1859
f 1317 1309 1263
f 1317 1274 1433
f 1317 1433 1383
f 1444 1278 1434
f 1278 1319 1434
f 1441 1434 1446
f 1434 1441 1444
f 1434 2594 1435
f 2594 1434 1436
f 1436 1434 1319
f 1436 1319 1437
f 1436 1437 1484
f 1437 1319 1320
f 1437 1320 1322
f 1437 1322 1438
f 1484 1437 1438
f 1285 1322 1320
f 1318 1440 1433
f 1440 1318 1444
f 1440 1444 1441
f 1440 1441 1445
f 1445 1443 1440
f 1433 1440 1443
f 1443 1383 1433
f 1443 1445 1458
f 1383 1443 1384
f 1386 1443 1458
f 1458 1445 1442
f 1449 1458 1442
f 1448 1442 1447
f 1442 1445 1447
f 1435 1446 1434
f 1480 1479 2594
f 1435 2594 1479
f 1435 1447 1446
f 1441 1446 1447
f 1447 1445 1441
f 1448 1449 1442
f 1449 1448 1470
f 1448 1447 1472
f 1447 1450 1472
f 1447 1435 1450
f 1450 1475 1472
f 1450 1451 1475
f 1450 1435 1479
f 1458 1449 1452
f 1452 1456 1458
f 1452 1453 1454
f 1452 1449 1453
f 1454 1453 1455
f 1452 1457 1456
f 1456 1457 1537
f 1386 1456 1537
f 1386 1458 1456
f 1385 1541 1382
f 1385 1384 1386
f 1385 1386 1459
f 1459 1386 1537
f 1452 1460 1457
f 1461 1452 1454
f 1454 1455 1462
f 1461 1460 1452
f 1461 1465 1460
f 1462 1461 1454
f 1461 1462 1463
f 1469 1462 1471
f 1463 1462 1469
f 1460 1537 1457
f 1538 1537 1460
f 1460 1464 1538
f 1460 1465 1464
f 1465 1461 1467
f 1467 1461 1466
f 1466 1461 1463
f 1465 1468 1598
f 1465 1467 1468
f 1468 1467 1466
f 1462 1455 1470
f 1455 1449 1470
f 1455 1453 1449
f 1462 1470 1548
f 1462 1548 1471
f 1469 1471 3498
f 1548 3499 1471
f 1448 1472 1473
f 1474 1473 1472
f 1472 1475 1474
f 1448 1473 1470
f 1550 1474 1475
f 1476 1475 1477
f 1477 1475 1451
f 1476 1477 1478
f 2616 1478 1477
f 1477 2615 2616
f 2594 1436 1481
f 1436 1484 1482
f 1481 1436 1482
f 1484 1483 1482
f 1485 1481 1482
f 1482 1483 1485
f 1484 1438 1483
f 1483 1438 1485
f 1485 2644 1481
f 1438 1324 1485
f 1322 1324 1438
f 1490 1485 1324
f 1492 1485 1490
f 1486 1485 1492
f 1485 1486 2302
f 1485 2302 1491
f 1491 2644 1485
f 1324 1487 1489
f 1286 1487 1280
f 1286 1499 1488
f 1286 1488 1487
f 1489 1487 1488
f 1488 1493 1489
f 1492 1490 1495
f 1495 1490 1324
f 1486 2715 2302
f 2302 2613 1491
f 1492 1495 2714
f 1324 1494 1495
f 1324 1489 1494
f 1488 2568 1493
f 1493 2568 2567
f 1494 1489 2296
f 2297 1495 1494
f 1494 2296 2297
f 2296 1489 1493
f 1493 2567 1496
f 1498 1499 1286
f 1497 1498 1325
f 1500 1497 1330
f 1513 1498 1497
f 1499 1498 2570
f 2570 2566 1499
f 1498 1513 2570
f 1513 2559 2570
f 1497 1500 1512
f 1330 1505 1500
f 1500 1505 1501
f 1502 1500 1501
f 1501 1503 1502
f 1502 1503 1510
f 1510 1503 1509
f 1504 1501 1505
f 1504 1505 1506
f 1504 1508 1501
f 1508 1504 1507
f 1506 1507 1504
f 1507 1506 1336
f 1508 1503 1501
f 1509 1503 1518
f 1503 1508 1518
f 1512 1513 1497
f 1500 1510 1512
f 1502 1510 1500
f 1512 1510 1511
f 1513 1512 2557
f 1510 1514 1511
f 1510 1509 1514
f 1518 1516 1509
f 1516 1515 1509
f 1514 1509 2546
f 2540 2546 1515
f 2546 1509 1515
f 1516 1518 1517
f 1515 1516 1519
f 1521 1519 1516
f 1520 1519 1521
f 1517 1521 1516
f 1521 1517 1520
f 1522 1520 1517
f 1523 1520 1522
f 1523 1522 2545
f 1527 1517 1518
f 1508 1527 1518
f 1507 1527 1508
f 1336 1527 1507
f 1528 1336 1334
f 1337 1338 1339
f 1531 1339 1338
f 1339 1524 1337
f 1524 1536 1337
f 1525 1337 1536
f 1334 1337 1525
f 1528 1526 1336
f 1527 1336 1526
f 1529 1526 1528
f 1529 1528 1530
f 1530 1528 1525
f 1525 1528 1334
f 1532 1531 1338
f 1339 1531 1533
f 1339 1533 1524
f 1524 1534 1536
f 1524 2564 1535
f 1524 1535 1534
f 1534 2565 1536
f 1536 2545 1529
f 2565 2545 1536
f 2545 2565 2560
f 1529 1530 1536
f 1536 1530 1525
f 1542 1382 1540
f 1541 1540 1382
f 1541 1385 1459
f 1537 1538 1540
f 1540 1538 1539
f 1541 1537 1540
f 1537 1541 1459
f 1542 1540 1543
f 1543 1540 1539
f 1539 1544 1543
f 1539 1546 1544
f 1546 1571 1544
f 1539 1464 1545
f 1545 1546 1539
f 1546 1545 1590
f 1546 1590 1579
f 1590 1547 1579
f 1545 1464 1590
f 1539 1538 1464
f 1548 1470 1549
f 1474 1549 1470
f 1474 1470 1473
f 2646 1475 1476
f 1550 1475 2646
f 1550 2646 1554
f 1551 1548 1549
f 1550 1549 1474
f 1550 1551 1549
f 3499 1548 1551
f 3499 1551 1552
f 1558 1551 1550
f 1552 1553 3499
f 2666 1553 1552
f 1552 1561 2666
f 1556 1558 1555
f 1550 1554 1558
f 1558 1554 1555
f 1556 1555 1557
f 1559 1556 1557
f 1556 1560 1558
f 1556 1559 1560
f 1559 1557 2664
f 1562 1559 2664
f 1559 1562 1560
f 1551 1558 1560
f 1561 1552 1551
f 1561 1551 1560
f 2663 2662 2664
f 1557 2663 2664
f 1554 1557 1555
f 1554 2663 1557
f 1554 2646 2663
f 2663 2646 2647
f 1415 1372 1414
f 1563 1564 1542
f 1543 1563 1542
f 1417 1380 1565
f 1381 1565 1380
f 1566 1417 1565
f 1567 1565 1568
f 1568 1569 1575
f 1568 1381 1569
f 1568 1565 1381
f 1569 1381 1577
f 1381 1564 1577
f 1577 1564 1563
f 1571 1563 1543
f 1570 1563 1571
f 1544 1571 1543
f 1574 1416 1377
f 1377 1418 1574
f 1412 1574 1418
f 1419 1412 1418
f 1413 1412 1431
f 1570 1577 1563
f 1576 1575 1584
f 1575 1569 1584
f 1584 1569 1578
f 1577 1578 1569
f 1578 1570 1571
f 1578 1571 1573
f 1578 1573 1572
f 1573 1571 1546
f 1573 1546 1579
f 1579 1547 1617
f 1573 1579 1580
f 1580 1581 1573
f 1581 1580 1589
f 1589 1580 1579
f 1589 1588 1581
f 1583 1582 1584
f 1581 1583 1572
f 1573 1581 1572
f 1572 1583 1578
f 1584 1578 1583
f 1603 1576 1584
f 1603 1584 1582
f 1582 1581 1585
f 1587 1586 1582
f 1587 1582 1585
f 1582 1583 1581
f 1581 1613 1585
f 1613 1588 1614
f 1588 1613 1581
f 1589 1579 1617
f 1590 1464 1465
f 1598 1590 1465
f 1468 1466 1463
f 1468 1463 1597
f 1463 1469 1597
f 3504 1597 1469
f 1469 3498 3504
f 1591 1597 3504
f 1597 1591 1594
f 1592 1594 1591
f 1592 1593 1594
f 3506 1593 1592
f 1593 1596 1594
f 1596 1593 4241
f 1598 1468 1599
f 1601 1617 1547
f 1601 1547 1590
f 1617 1601 4243
f 1618 1600 1617
f 1618 1617 4243
f 1598 1601 1590
f 1570 1578 1577
f 1602 1568 1575
f 1602 1567 1568
f 1602 1575 1576
f 1604 1602 1576
f 1576 1603 1604
f 1603 1586 1604
f 1861 1567 1602
f 1602 1862 1861
f 1862 1602 1604
f 1582 1586 1603
f 1610 1862 1604
f 1862 1610 1865
f 1710 1566 1565
f 1859 1868 1605
f 1714 1432 1711
f 1714 1422 1432
f 1720 1422 1717
f 1430 1429 1606
f 1426 1427 1429
f 1424 1426 1607
f 1757 1426 1429
f 1821 1607 1608
f 1608 1607 1820
f 1607 1426 1820
f 1610 1604 1586
f 1586 1609 1610
f 1610 1609 1612
f 1610 1612 1867
f 1609 1586 1587
f 1611 1587 1585
f 1627 1649 1613
f 1585 1613 1649
f 1626 1585 1649
f 1626 1611 1585
f 1587 1611 1609
f 1611 1656 1609
f 1612 1609 1656
f 1615 1613 1614
f 1627 1613 1615
f 1614 1616 1629
f 1629 1615 1614
f 1614 1588 1600
f 1616 1614 1600
f 1588 1617 1600
f 1588 1589 1617
f 1620 1618 4243
f 1619 1618 1620
f 1600 1618 1619
f 4245 1620 4244
f 1620 1622 1621
f 1621 1622 1623
f 1620 4246 1622
f 1622 1624 1623
f 1624 4378 1623
f 1622 4246 4247
f 1622 4247 1624
f 5283 1623 4378
f 1628 1654 1627
f 1654 1649 1627
f 1628 1627 1631
f 1627 1615 1631
f 1629 1631 1615
f 1629 1633 1631
f 1631 1633 1632
f 1635 1628 1631
f 1635 1630 1628
f 5277 1708 1632
f 1632 1633 5277
f 5277 6806 1708
f 1708 1709 1632
f 1634 1632 1709
f 1634 1709 1673
f 1636 1635 1634
f 1640 1634 1673
f 1634 1640 1641
f 1641 1636 1634
f 1650 1635 1636
f 1636 1641 1637
f 1648 1637 1641
f 1640 1673 1638
f 1639 1640 1638
f 1648 1641 1640
f 1648 1640 1642
f 1640 1639 1643
f 1642 1640 1643
f 1670 1643 1639
f 1670 1639 1667
f 1637 1648 1642
f 1637 1642 1647
f 1645 1642 1643
f 1644 1645 1643
f 1646 1664 1645
f 1647 1642 1645
f 1645 1664 1647
f 1666 1645 1644
f 1665 1646 1645
f 1634 1631 1632
f 1631 1634 1635
f 1655 1611 1626
f 1649 1655 1626
f 1653 1657 1655
f 1655 1657 1611
f 1630 1654 1628
f 1650 1630 1635
f 1650 1655 1630
f 1651 1650 1636
f 1653 1650 1651
f 1636 1637 1651
f 1647 1651 1637
f 1647 1652 1651
f 1652 1661 1651
f 1661 1660 1651
f 1653 1651 1660
f 1649 1654 1655
f 1654 1630 1655
f 1655 1650 1653
f 1653 1660 1657
f 1888 1611 1657
f 1888 1656 1611
f 1658 1888 1657
f 1660 1658 1657
f 1661 1652 1659
f 3398 1661 1659
f 3398 1659 3387
f 1652 1663 1659
f 1663 1652 1664
f 1664 1652 1647
f 1665 1664 1646
f 1665 3442 1664
f 8502 3442 1665
f 1670 1667 1668
f 3459 1669 1668
f 1668 1672 3459
f 1644 1643 1670
f 1671 1668 3423
f 3415 1668 1671
f 1668 3415 1670
f 3413 3415 1671
f 1671 3423 3422
f 3423 1668 1669
f 1667 1672 1668
f 1672 1667 1638
f 8503 1672 1638
f 1638 1667 1639
f 8503 1638 1673
f 8503 1673 1675
f 1683 1674 8503
f 1709 1675 1673
f 1675 1709 1676
f 1683 1675 1678
f 1678 1679 1683
f 1676 1677 1675
f 1678 1675 1677
f 8503 1675 1683
f 1683 1679 1682
f 1680 1682 1681
f 1679 1681 1682
f 1674 1683 1682
f 1678 1706 1689
f 1677 1706 1678
f 1689 1706 1684
f 1677 6366 1706
f 1677 6367 6366
f 1686 1684 1685
f 1689 1684 1686
f 1686 1691 1687
f 1686 1687 1689
f 1687 1691 1690
f 1679 1678 1681
f 1678 1689 1681
f 1681 1689 1687
f 1681 1687 5842
f 5842 1687 1688
f 1690 1688 1687
f 1685 1691 1686
f 1692 1690 1691
f 1690 6313 1688
f 1690 1696 6313
f 1685 1692 1691
f 1690 1692 1694
f 1694 1693 1690
f 1693 1695 1697
f 1693 1697 1690
f 1697 1696 1690
f 1698 6315 1696
f 1696 1697 1698
f 1700 1698 1697
f 1697 1695 1700
f 1695 1699 1700
f 1698 1701 6314
f 1700 1701 1698
f 1700 1699 1701
f 1702 1699 1695
f 1695 6364 1702
f 6364 1695 1693
f 1693 6889 6364
f 6889 1693 1694
f 1694 1704 6889
f 1704 1703 6889
f 1703 1704 1705
f 6847 6365 1705
f 1694 6847 1705
f 6847 1694 1692
f 1684 1706 1685
f 6367 1677 1707
f 1707 1677 1676
f 1707 1676 6806
f 1676 1708 6806
f 1676 1709 1708
f 1567 1858 1710
f 1567 1710 1565
f 1864 1567 1861
f 1870 1605 1868
f 1870 1711 1605
f 1715 1422 1714
f 1860 1714 1711
f 1860 1711 1870
f 1712 1714 1860
f 1714 1712 1713
f 1713 1715 1714
f 1713 1712 2717
f 2717 1716 1717
f 1716 2717 1712
f 2717 1715 1713
f 1721 1430 1720
f 1721 1429 1430
f 1429 1719 1757
f 1719 1429 1721
f 1718 1719 1721
f 1814 1719 1718
f 1813 1814 1718
f 1722 1718 1721
f 1722 1763 1718
f 1763 1813 1718
f 1813 1763 1788
f 1722 1725 1763
f 1721 1723 1722
f 1723 1721 1720
f 1717 1422 1715
f 1717 1715 2717
f 1717 1723 1720
f 1724 1723 1717
f 1728 1722 1723
f 1730 1728 1723
f 1725 1728 1726
f 1728 1725 1722
f 1763 1725 1762
f 1760 1725 1726
f 1726 1728 1727
f 1729 1728 1730
f 1727 1728 1729
f 1723 1734 1730
f 1724 1734 1723
f 1734 1724 1731
f 1717 1731 1724
f 1731 1717 1716
f 1731 1716 1732
f 1732 1733 1731
f 1736 1733 1732
f 1731 1733 1734
f 1737 1736 1756
f 1734 1733 1744
f 1735 1733 1736
f 1735 1744 1733
f 1756 1739 1737
f 1735 1736 1738
f 1741 1735 1738
f 1736 1737 1738
f 1740 1737 1739
f 2839 1740 1739
f 1740 1738 1737
f 1740 1741 1738
f 1735 1741 1742
f 1744 1735 1742
f 1749 1730 1734
f 1730 1749 1747
f 1729 1730 1747
f 1727 1729 1743
f 1743 1729 1747
f 1747 1768 1743
f 1744 1749 1734
f 2957 1746 1744
f 2957 1744 1742
f 1742 1750 2929
f 1751 1750 1742
f 1751 1742 1741
f 1751 1741 1745
f 2957 1742 2929
f 2928 2957 2929
f 1769 1747 1749
f 1746 1749 1744
f 2955 1749 1746
f 2954 2955 1746
f 1746 2957 2953
f 1751 1745 1753
f 1745 1741 1752
f 1745 1752 1753
f 1753 1752 1740
f 1740 1752 1741
f 1753 1740 2839
f 1756 2779 1739
f 1756 1754 2779
f 2779 1754 2778
f 1755 2778 1754
f 1712 1755 1754
f 1756 1732 1754
f 1736 1732 1756
f 1732 1716 1712
f 1754 1732 1712
f 1719 1814 1757
f 1758 1757 1814
f 1758 1815 1757
f 1816 1757 1815
f 1727 1760 1726
f 1727 1761 1760
f 1761 1727 1759
f 1765 1766 1767
f 1764 1759 1766
f 1764 1761 1759
f 1761 1762 1760
f 1763 1762 1788
f 1789 1762 1761
f 1764 1789 1761
f 1766 1765 1782
f 1766 1759 1727
f 1766 1727 1743
f 1768 1767 1743
f 1766 1743 1767
f 1767 1778 1765
f 1768 1769 1777
f 1768 1747 1769
f 1767 1768 1778
f 1783 1782 1765
f 1779 1783 1765
f 1765 1778 1779
f 1770 1775 1769
f 1777 1769 1775
f 1776 1775 1770
f 1769 1749 1770
f 1770 1749 1748
f 1771 1770 1748
f 1770 1771 1776
f 1748 1772 1771
f 1771 1772 1784
f 1748 1749 2955
f 1748 2955 1773
f 1772 1748 1773
f 1773 2970 1772
f 1774 1773 2955
f 1773 1774 2970
f 2956 2970 1774
f 1784 1772 1785
f 1772 2970 1785
f 1775 1776 1771
f 1777 1775 1778
f 1778 1768 1777
f 1775 1784 1778
f 1782 1783 1780
f 1766 1782 1781
f 1764 1766 1781
f 1782 1808 1781
f 1781 1808 1798
f 1798 1808 1806
f 1808 1782 1780
f 1784 1783 1779
f 1786 1783 1784
f 1778 1784 1779
f 1784 1775 1771
f 2970 2976 1785
f 1786 1784 1785
f 1787 1786 1785
f 1812 1786 1787
f 2978 1787 1785
f 1760 1762 1725
f 1790 1762 1789
f 1788 1762 1790
f 1791 1789 1764
f 1790 1789 1791
f 1790 1813 1788
f 1791 1764 1795
f 1795 1764 1794
f 1791 1795 1823
f 1764 1781 1794
f 1781 1798 1794
f 1798 1796 1794
f 1796 1795 1794
f 1795 1796 1830
f 1830 1796 1797
f 1798 1799 1796
f 1801 1800 1799
f 1802 1801 1799
f 1802 1798 1806
f 1803 1801 1855
f 1801 1802 1855
f 1802 3021 1855
f 1803 1804 1801
f 1805 1803 1856
f 1803 1855 1856
f 1805 1836 1803
f 1837 1805 1839
f 1838 1839 1805
f 1805 1857 1838
f 1857 1805 1856
f 1802 1806 3021
f 1806 1808 1807
f 3031 1808 1780
f 1810 1808 3031
f 1807 1808 3020
f 1810 1809 1808
f 1808 1809 3023
f 3023 1809 3024
f 1809 1810 1811
f 1780 3036 3031
f 3036 1780 1812
f 1780 1786 1812
f 1780 1783 1786
f 1791 1793 1792
f 1791 1792 1813
f 1791 1813 1790
f 1814 1813 1758
f 1815 1758 1813
f 1792 1815 1813
f 1818 1792 1793
f 1815 1792 1818
f 1818 1816 1815
f 1819 1816 1818
f 1757 1816 1819
f 1819 1426 1757
f 2407 1426 1819
f 1426 2407 1820
f 1608 1820 1821
f 1990 1821 1820
f 1822 1607 1821
f 1982 1822 1821
f 1425 1424 1982
f 1982 1424 1822
f 1822 1424 1607
f 1823 1824 1791
f 1824 1793 1791
f 1830 1823 1795
f 1824 1823 1825
f 1824 1825 1991
f 1825 1828 1991
f 1828 2413 1991
f 2413 1826 1991
f 1825 1827 1828
f 1828 2412 2413
f 1827 1825 1831
f 1825 1830 1829
f 1823 1830 1825
f 1834 1830 1797
f 1833 1831 1825
f 1830 1832 1829
f 1832 1833 1829
f 1829 1833 1825
f 1799 1800 1796
f 1796 1800 1797
f 1801 1804 1800
f 1800 1804 1797
f 1804 1803 1836
f 1837 1836 1805
f 1841 1838 1843
f 1838 1840 1839
f 1840 1841 1842
f 1838 1841 1840
f 2525 1840 1842
f 1838 1857 1843
f 1844 1843 1857
f 3192 1843 1844
f 1854 3192 1844
f 1851 1841 1843
f 1843 3192 1853
f 1851 1843 1853
f 1845 1841 1851
f 1842 1841 1845
f 2525 1842 3195
f 1850 1842 1845
f 1842 1848 3195
f 1842 1850 1848
f 1850 1845 1847
f 1845 1846 1847
f 1847 1846 4700
f 1849 1847 4700
f 1847 1849 3201
f 1847 3201 1850
f 1846 3029 4700
f 3085 4700 3029
f 1846 1852 3029
f 1846 1845 1851
f 1852 1853 3027
f 1854 3022 3192
f 3020 3022 1854
f 1857 1854 1844
f 1857 1855 1854
f 1857 1856 1855
f 1864 1858 1567
f 1859 1858 1863
f 1859 1871 1868
f 1712 1860 1755
f 1870 1755 1860
f 1864 1861 1862
f 1864 1863 1858
f 1876 1863 1864
f 1866 1867 1612
f 1866 1879 1867
f 1867 1879 1610
f 1865 1864 1862
f 1876 1864 1865
f 1871 1859 1863
f 1868 1871 1869
f 1870 1868 1869
f 2778 1870 1869
f 2778 1869 1874
f 1869 1871 1872
f 1871 1863 1872
f 1872 1863 1873
f 2770 1872 1873
f 1873 1863 1876
f 2770 1873 1878
f 2789 1874 1872
f 1872 1875 2789
f 1872 2770 1875
f 1878 1873 1876
f 1876 1865 1878
f 2770 1878 1877
f 1880 1877 1878
f 1865 1879 1878
f 1610 1879 1865
f 1866 1881 1879
f 1878 1879 1881
f 2720 1878 1881
f 2720 1880 1878
f 1882 1866 1886
f 1881 1866 1882
f 1886 2722 1882
f 2722 1886 1883
f 2769 1883 1884
f 2723 1883 2769
f 1884 3390 2769
f 3390 1884 3392
f 1884 1883 1887
f 1658 1887 1883
f 1888 1883 1886
f 1883 1888 1658
f 1886 1866 1888
f 1866 1612 1888
f 1656 1888 1612
f 1300 1344 1332
f 1895 1354 1355
f 1922 1895 1894
f 1890 1355 1889
f 1890 1889 1357
f 1357 1892 1890
f 1890 1893 1355
f 1895 1355 1893
f 1893 1894 1895
f 1892 1357 1891
f 1891 1356 1359
f 1359 1903 1891
f 1897 1893 1890
f 1898 1893 1897
f 1890 1892 1897
f 1899 1893 1898
f 1899 1894 1893
f 1896 1922 1894
f 1895 1922 1921
f 1896 1894 1899
f 1899 1923 1896
f 1892 1891 1903
f 1892 1905 1897
f 1902 1897 1905
f 1897 1902 1898
f 1898 1900 1899
f 1900 1901 1899
f 1901 1900 2198
f 1902 1900 1898
f 1905 1892 1903
f 1910 1905 1903
f 1910 1903 1359
f 1910 1904 1905
f 1359 1358 1910
f 1358 1913 1910
f 1904 1902 1905
f 1904 2199 1902
f 1906 1907 1904
f 1904 1911 1906
f 2199 1904 1907
f 2199 1907 1908
f 1908 1907 2204
f 1909 2035 2204
f 2204 2036 1909
f 2036 2204 1907
f 1906 2036 1907
f 1910 1911 1904
f 1910 4501 1911
f 1911 1912 1906
f 4501 1910 1913
f 1911 4501 1912
f 1914 1912 4501
f 1913 1914 4501
f 1392 1391 1919
f 1393 1395 1918
f 1393 1918 1915
f 1918 1916 1915
f 1917 1916 1918
f 1914 1398 1397
f 1398 1914 1917
f 1917 1918 1398
f 2037 1397 2012
f 1913 1992 1914
f 1917 1914 1992
f 1917 1993 1916
f 1919 1916 1993
f 1916 1919 1391
f 1915 1916 1391
f 1921 1974 1353
f 1921 1353 1354
f 1895 1921 1354
f 1932 1920 1342
f 1974 1930 1342
f 1353 1974 1342
f 1922 1975 1921
f 1922 1896 1925
f 1923 1926 1896
f 1924 1925 1896
f 1926 1924 1896
f 2230 1929 1924
f 1924 1929 1925
f 1923 1899 2209
f 1901 2209 1899
f 2209 1901 2208
f 1926 2232 1927
f 1926 2230 1924
f 1929 2230 1928
f 1931 1929 1928
f 1928 1933 1931
f 1925 1929 1974
f 1922 1925 1975
f 1925 1974 1975
f 1974 1929 1930
f 1931 1933 1935
f 1930 1929 1932
f 1932 1929 1931
f 1937 1933 1928
f 1933 1937 1935
f 1928 2230 1938
f 1938 1937 1928
f 1935 1942 1934
f 1942 1935 1937
f 1942 1936 1934
f 1942 1944 1936
f 1942 1937 1941
f 1937 1938 1940
f 1938 2229 1939
f 1939 1940 1938
f 1937 1940 1941
f 1954 1936 1943
f 1936 1944 1943
f 1946 1943 1944
f 1953 1943 1946
f 1965 1944 1942
f 1948 1944 1965
f 1964 1948 1965
f 1964 1947 1948
f 1949 1948 1947
f 1950 1948 1949
f 1946 1950 1951
f 1950 1944 1948
f 1944 1950 1946
f 1932 1342 1930
f 1952 1931 1935
f 1934 1952 1935
f 1952 1934 1954
f 1954 1934 1936
f 1955 1954 1943
f 1943 1953 1955
f 1945 1953 1946
f 1945 1946 1951
f 1956 1953 1945
f 1955 2533 1954
f 1952 1954 2532
f 2537 1955 1953
f 1953 1957 2537
f 1957 1953 1956
f 1958 1956 1945
f 1950 1959 1951
f 1958 1945 1951
f 1960 1958 1951
f 1951 1959 1960
f 1950 2236 1959
f 1949 2236 1950
f 1949 1947 1963
f 1963 1947 1961
f 1963 1961 1962
f 1961 2239 1962
f 1961 1947 1964
f 1961 1964 1972
f 1972 1964 1970
f 1942 1941 1965
f 1939 2893 1940
f 1969 1940 2893
f 1940 1965 1941
f 1970 1965 1940
f 1969 1970 1940
f 2893 1939 1966
f 2893 1966 1967
f 1966 2231 2344
f 2345 1966 2344
f 1967 1966 2345
f 1968 2893 1967
f 1968 1967 2359
f 1969 2894 1970
f 2894 1971 1970
f 1965 1970 1964
f 1972 1970 1971
f 1961 1972 1973
f 1973 2239 1961
f 1971 1973 1972
f 1975 1974 1921
f 1976 1920 1932
f 1976 1932 1931
f 2228 1920 1976
f 2532 1976 1952
f 1977 1388 1978
f 2027 1978 1388
f 1979 1388 1988
f 2027 1388 1979
f 1979 1988 1980
f 1987 1411 1983
f 1982 1821 1981
f 1982 1983 1425
f 1983 1982 1981
f 1983 1981 1985
f 1981 1821 1984
f 1981 1984 1986
f 1987 1983 1985
f 1981 1986 1985
f 1986 1984 1989
f 1388 1987 1988
f 1989 1984 2077
f 2077 1984 1990
f 1990 1984 1821
f 1990 1820 2077
f 1820 2408 2077
f 1820 2407 1819
f 2408 1820 1826
f 1820 1819 1817
f 1819 1818 1793
f 1817 1826 1820
f 1819 1793 1817
f 1991 1826 1817
f 1817 1793 1824
f 1992 1993 1917
f 1410 1360 1996
f 1410 1409 1360
f 1400 1408 1406
f 1994 1406 2025
f 2025 1406 1410
f 1995 1410 1996
f 1405 1994 2019
f 1994 2025 2021
f 2025 1410 1995
f 1996 1977 1995
f 1995 1977 1978
f 2027 1979 1997
f 1979 1980 1997
f 1998 1997 1980
f 1987 1999 1988
f 2000 1999 1987
f 1985 2000 1987
f 1989 1985 1986
f 2000 2001 1999
f 2001 2000 2003
f 2048 1999 2001
f 1988 1999 2048
f 2003 2000 2075
f 2003 2075 2049
f 2002 2049 2075
f 2049 2050 2003
f 2001 2003 2051
f 2003 2050 2051
f 2001 2051 2048
f 1988 2048 1980
f 1402 1404 2007
f 1403 2005 2006
f 2004 1405 2019
f 2004 2019 2018
f 2006 2005 2011
f 2009 2007 2006
f 2007 2028 1402
f 2006 2008 2009
f 2009 2008 2010
f 2082 2009 2039
f 2010 2039 2009
f 2010 2013 2040
f 2011 2005 2004
f 2006 2011 2008
f 2009 2028 2007
f 2028 2009 2082
f 2010 2008 2013
f 2008 2011 2013
f 2011 2014 2013
f 2011 2015 2014
f 2194 2013 2014
f 2016 2011 2004
f 2015 2011 2016
f 2017 2016 2004
f 2004 2018 2017
f 1405 1406 1994
f 2045 2019 1994
f 2021 2025 2020
f 2045 1994 2021
f 2022 2021 2020
f 2022 1997 2046
f 1997 2022 2024
f 2025 2026 2020
f 1995 2026 2025
f 2024 1978 2027
f 1978 2024 2026
f 1995 1978 2026
f 1997 2024 2027
f 2022 2020 2024
f 2024 2020 2026
f 2030 1402 2028
f 2082 2083 2028
f 2030 2028 2083
f 2029 2030 2083
f 2030 2029 2031
f 2038 2030 2031
f 1909 2038 2031
f 2032 2031 2029
f 2033 2029 2087
f 2032 2029 2033
f 2032 2033 2206
f 2034 2031 2032
f 2034 1909 2031
f 1909 2034 2035
f 2036 1906 2037
f 1906 1912 2037
f 1397 2037 1912
f 1397 1912 1914
f 2012 2038 2037
f 2038 2012 1402
f 2036 2038 1909
f 2036 2037 2038
f 2039 2010 2079
f 2079 2010 2040
f 2040 2013 2041
f 2042 2040 2041
f 2043 2017 2018
f 2018 2019 2044
f 3375 2043 2044
f 2043 2018 2044
f 2044 2019 2045
f 2045 2021 2022
f 2023 2045 2022
f 2023 2022 2046
f 2046 1997 2047
f 2047 1997 1998
f 1998 1980 2048
f 2052 2048 2051
f 2048 2052 2059
f 2059 1998 2048
f 2052 2051 2053
f 2052 2053 2054
f 2051 2050 2053
f 2054 2053 2061
f 2053 2055 2061
f 2050 2055 2053
f 2055 2050 2049
f 2055 2049 2073
f 2049 2056 2073
f 2056 2049 2002
f 2057 2054 2061
f 2058 2054 2057
f 2057 2066 2058
f 2052 2054 2058
f 2059 2052 2058
f 2060 2059 2067
f 1998 2059 2060
f 2060 2047 1998
f 2059 2058 2067
f 2061 2062 2057
f 2057 2062 2063
f 2063 2065 2057
f 2064 2063 2062
f 2064 2062 2527
f 3333 2063 2064
f 2069 2063 3333
f 2063 2069 2065
f 2066 2057 2065
f 2068 2066 2065
f 2068 2065 2069
f 2069 2070 2068
f 2070 2069 3334
f 2070 3334 2071
f 2527 3331 2064
f 2062 2072 2527
f 2072 2055 2073
f 2072 2062 2061
f 2002 2076 2056
f 2000 1985 2075
f 2075 1985 2409
f 1985 1989 2409
f 2075 2409 2074
f 2075 2074 2002
f 2074 2076 2002
f 2409 1989 2077
f 2079 2040 2042
f 2079 2042 2078
f 2080 2082 2039
f 2039 2081 2080
f 2081 2039 2079
f 2082 2080 2083
f 2029 2083 2087
f 2087 2083 2080
f 2206 2033 2205
f 2084 2205 2033
f 2205 2084 2090
f 2092 2091 2084
f 2084 2088 2092
f 2084 2033 2087
f 2087 2080 2088
f 2085 2080 2081
f 2080 2085 2088
f 2086 2085 2081
f 2084 2087 2088
f 2084 2091 2090
f 2205 2090 2089
f 2096 2101 2090
f 2091 2092 2095
f 2095 2092 2094
f 2088 2085 2092
f 2085 2086 2093
f 2092 2085 2093
f 2092 2093 2094
f 2095 2094 2153
f 2090 2091 2096
f 2097 2091 2095
f 2101 2096 2098
f 2096 2097 2098
f 2096 2091 2097
f 2098 2100 2101
f 2098 2099 2100
f 2100 2099 2111
f 2100 2102 2101
f 2089 2102 2105
f 2103 2105 2102
f 2104 2103 2102
f 2104 2102 2100
f 2107 2103 2104
f 2106 2105 2103
f 2107 2104 2112
f 2100 2111 2104
f 2098 2108 2149
f 2097 2108 2098
f 2149 2099 2098
f 2110 2099 2149
f 2109 2110 2149
f 2147 2110 2109
f 2111 2099 2110
f 2104 2111 2116
f 2117 2116 2111
f 2116 2112 2104
f 2107 2112 2115
f 2113 2107 2115
f 2107 2113 2114
f 2113 4231 2114
f 2120 4231 2113
f 2119 2113 2115
f 2124 2116 2117
f 2124 2118 2116
f 2124 2123 2118
f 2123 2115 2118
f 2115 2116 2118
f 2115 2112 2116
f 2115 2123 2122
f 2119 2115 2121
f 2343 2119 2121
f 2338 2119 2343
f 2338 2120 2119
f 2120 2113 2119
f 2121 2115 2122
f 2136 2121 2125
f 2125 2133 2136
f 2122 2125 2121
f 2122 2123 2125
f 2148 2124 2117
f 2126 2123 2127
f 2123 2124 2127
f 2126 2125 2123
f 2126 2127 2128
f 2124 2148 2127
f 2127 2129 2128
f 2170 2129 2127
f 2129 2130 2128
f 2128 2130 2131
f 2128 2131 2126
f 2131 2132 2126
f 2132 2125 2126
f 2131 2138 2132
f 2132 2133 2125
f 2135 2136 2133
f 2134 2132 2138
f 2132 2134 2133
f 2133 2134 2135
f 2134 2137 2135
f 2137 2349 2135
f 2342 2136 2135
f 2350 2349 2137
f 2137 2134 2138
f 2140 2139 2141
f 2137 2141 2139
f 2140 2141 2365
f 2140 2351 2139
f 2141 2137 2142
f 2137 2138 2142
f 2138 2131 2142
f 2130 2142 2131
f 2366 2142 2143
f 2143 2142 2130
f 2395 2144 2129
f 2130 2129 2144
f 2143 2130 2144
f 2144 2396 2143
f 2148 2117 2146
f 2117 2147 2146
f 2111 2110 2117
f 2110 2147 2117
f 2146 2171 2148
f 2171 2146 2147
f 2108 2154 2149
f 2154 2108 2097
f 2154 2097 2155
f 2086 2078 2093
f 2081 2079 2086
f 2086 2079 2078
f 2152 2093 2078
f 2150 2078 2042
f 2150 2151 2078
f 2152 2078 2151
f 2152 2094 2093
f 2152 2153 2094
f 2097 2095 2158
f 2153 2158 2095
f 2097 2158 2155
f 2149 2154 2163
f 2157 2154 2155
f 2158 2159 2155
f 2155 2159 2157
f 2156 2157 2159
f 2156 2160 2161
f 2159 2160 2156
f 2158 2153 2159
f 2161 2160 5354
f 2159 2153 2160
f 2156 2161 2181
f 2156 2181 2157
f 2154 2157 2163
f 2163 2157 2162
f 2166 2163 2162
f 2164 2166 2162
f 2165 2164 2162
f 2164 2177 2166
f 2163 2166 2167
f 2149 2163 2168
f 2109 2149 2168
f 2168 2163 2167
f 2147 2109 2168
f 2169 2147 2168
f 2171 2147 2169
f 2127 2148 2170
f 2169 2174 2171
f 2169 2168 2172
f 2167 2172 2168
f 2172 2167 2177
f 2177 2164 2173
f 2167 2166 2177
f 2176 2174 2172
f 2169 2172 2174
f 2173 2180 2177
f 2162 2175 2165
f 2165 2173 2164
f 5341 2180 5415
f 5341 2177 2180
f 2176 2172 2177
f 2178 5341 5415
f 5415 2180 2184
f 2180 2173 2184
f 2184 2179 5415
f 2183 2165 2175
f 2183 2175 5419
f 2182 5419 2175
f 2162 2181 2175
f 2181 2182 2175
f 2173 2165 2183
f 5419 2182 5421
f 5380 5421 2182
f 2182 5379 5380
f 2157 2181 2162
f 5379 2182 2181
f 5354 2160 2189
f 2188 2189 2160
f 2185 2188 2160
f 2185 2186 2188
f 2185 2153 2152
f 2160 2153 2185
f 2185 2152 2186
f 2186 2152 2187
f 2187 2152 2151
f 2187 2151 2190
f 2187 2190 2186
f 2190 2151 4504
f 2188 2186 2191
f 2191 2186 2190
f 2188 2191 5374
f 5374 2189 2188
f 2190 2192 2191
f 2190 4504 2192
f 2151 2150 4504
f 2150 2042 4503
f 2042 2041 4505
f 2014 3378 2194
f 2015 2016 2017
f 2015 3376 2014
f 2014 3376 3378
f 2017 3376 2015
f 2017 2043 3376
f 2045 2196 2044
f 2196 2045 2023
f 2196 2023 2046
f 2195 2046 2047
f 2047 2060 2195
f 2067 3367 2195
f 2195 2060 2067
f 3366 2067 2058
f 3366 2058 2066
f 3367 2067 3366
f 3368 2195 3367
f 2195 3368 2046
f 2196 2046 2197
f 2197 2046 3369
f 3375 2044 2196
f 3375 2196 2197
f 2197 3372 3373
f 2197 3369 3372
f 3368 3369 2046
f 2200 2198 1900
f 2200 1900 1902
f 2199 2200 1902
f 1908 2200 2199
f 1908 2201 2200
f 2200 2201 2198
f 2204 2203 1908
f 1908 2203 2201
f 2202 2212 2207
f 2207 2198 2201
f 2207 2201 2202
f 2217 2202 2201
f 2034 2032 2206
f 2205 2089 2206
f 2089 2090 2101
f 2105 2106 2218
f 2114 2227 2106
f 2114 2106 2103
f 2114 2103 2107
f 2207 2208 1901
f 1901 2198 2207
f 2213 2208 2207
f 2210 2209 2208
f 1923 2209 2210
f 2210 1926 1923
f 2210 2233 2232
f 2233 2210 2215
f 2208 2215 2210
f 2211 2212 2202
f 2216 2207 2212
f 4229 2214 2213
f 2215 2208 2213
f 2213 2214 2215
f 2233 2215 2328
f 2213 2207 2216
f 2222 2213 2216
f 2212 2222 2216
f 2211 2202 2217
f 2203 2217 2201
f 2217 2203 2220
f 2035 2203 2204
f 2034 2203 2035
f 2203 2034 2220
f 2218 2206 2089
f 2218 2089 2105
f 2106 2219 2218
f 2220 2034 2218
f 2219 2220 2218
f 2224 2220 2219
f 2034 2206 2218
f 2211 2217 2223
f 2221 2212 2211
f 2221 2211 2226
f 2221 2222 2212
f 2221 4228 2222
f 2226 2211 2225
f 2211 2223 2225
f 2217 2224 2223
f 2217 2220 2224
f 2223 2224 2225
f 2219 2227 2224
f 2106 2227 2219
f 2114 4227 2227
f 2227 2226 2225
f 2226 2227 4227
f 2224 2227 2225
f 2532 2228 1976
f 2228 1340 1920
f 1340 2228 1338
f 1931 1952 1976
f 2230 1926 1927
f 2229 1938 2230
f 2229 2230 1927
f 2235 2229 1927
f 2231 1939 2229
f 1939 2231 1966
f 2231 2229 2235
f 2232 1926 2210
f 2235 1927 2232
f 2231 2235 2234
f 2234 2344 2231
f 2232 2233 2327
f 2235 2232 2327
f 2235 2327 2234
f 2327 2233 2328
f 1959 2237 1960
f 2539 1958 1960
f 2237 2539 1960
f 2237 1959 2253
f 2253 1959 2236
f 2253 2236 2238
f 2238 2236 1949
f 2240 1962 2239
f 2241 2240 2239
f 2896 2239 1973
f 2894 1973 1971
f 2892 1973 2894
f 2896 1973 2892
f 2241 2239 2896
f 2242 2241 2901
f 2242 2240 2241
f 2243 2242 2902
f 2262 2240 2242
f 2240 2262 2260
f 2243 2262 2242
f 2244 2262 2243
f 2243 2245 2244
f 2249 2263 2245
f 2245 2246 2249
f 2245 2902 2246
f 2246 2902 2248
f 2902 2247 2248
f 2248 2247 2629
f 2249 2246 2251
f 2248 2251 2246
f 2248 2629 2630
f 2903 2247 2902
f 2902 2245 2243
f 2255 2237 2253
f 2237 2255 2254
f 2314 2254 2255
f 2253 2238 2252
f 2252 2238 2256
f 1949 1963 2238
f 2256 2238 1963
f 2253 2252 2312
f 2256 2311 2252
f 2312 2252 2311
f 2256 1963 2257
f 2259 2256 2257
f 2311 2256 2258
f 2259 2258 2256
f 2310 2311 2258
f 2255 2253 2313
f 2253 2312 2313
f 2323 2310 2258
f 2258 2259 2323
f 2323 2259 2261
f 2257 1963 1962
f 2240 2260 2257
f 2257 1962 2240
f 2259 2257 2260
f 2260 2261 2259
f 2264 2245 2263
f 2263 2249 2250
f 2250 2624 2263
f 2264 2244 2245
f 2264 2271 2244
f 2271 2269 2244
f 2271 2264 2265
f 2263 2265 2264
f 2265 2263 2624
f 2266 2267 2265
f 2267 2271 2265
f 2266 2274 2267
f 2274 2273 2267
f 2271 2267 2273
f 2244 2269 2270
f 2270 2262 2244
f 2324 2270 2269
f 2268 2273 2274
f 2273 2289 2272
f 2271 2273 2272
f 2272 2269 2271
f 2289 2273 2279
f 2268 2275 2279
f 2273 2268 2279
f 2275 2268 2276
f 2274 2276 2268
f 2277 2275 2276
f 2276 2274 2623
f 2608 2276 2278
f 2277 2276 2608
f 2279 2275 2282
f 2279 2282 2280
f 2285 2280 2282
f 2280 2289 2279
f 2289 2281 2272
f 2289 2280 2281
f 2282 2275 2277
f 2283 2282 2284
f 2277 2284 2282
f 2285 2282 2283
f 2285 2288 2280
f 2284 2286 2283
f 2301 2284 2277
f 2286 2291 2283
f 2291 2285 2283
f 2300 2286 2284
f 2281 2280 3467
f 2280 2288 2290
f 2288 2285 2294
f 2581 2290 2288
f 2294 2581 2288
f 2290 2593 2280
f 2285 2293 2294
f 2291 2293 2285
f 2292 2293 2291
f 2286 2287 2291
f 2292 1496 2293
f 1496 2292 2295
f 2293 1496 2294
f 2296 1496 2295
f 2297 2295 2292
f 2297 2296 2295
f 2292 2291 2297
f 2297 2291 2287
f 2716 2287 2286
f 2300 2284 2301
f 2298 2286 2300
f 2716 2286 2298
f 2287 2716 2297
f 2298 2714 2716
f 2715 2714 2298
f 2298 2300 2299
f 2301 2277 2608
f 2299 2300 2607
f 2715 2298 2302
f 2298 2303 2302
f 2302 2303 2613
f 2298 2299 2303
f 2613 2595 2597
f 2304 2613 2303
f 2305 2304 2303
f 2304 2305 2309
f 2305 2602 2309
f 2305 2603 2602
f 2303 2299 2305
f 2307 2309 2602
f 2306 2307 2602
f 2595 2309 2308
f 2308 2309 2307
f 2309 2595 2304
f 2310 2321 2311
f 2312 2311 2321
f 2316 2553 2314
f 2314 2313 2316
f 2314 2255 2313
f 2588 2254 2314
f 2553 2315 2314
f 2315 2588 2314
f 2316 2576 2553
f 2316 2313 2321
f 2316 2321 2576
f 2313 2312 2321
f 2310 2317 2318
f 2322 2317 2310
f 2323 2322 2310
f 2318 2317 2320
f 2321 2318 2320
f 2320 2576 2321
f 2318 2321 2310
f 2270 2323 2261
f 2270 2260 2262
f 2260 2270 2261
f 2324 2323 2270
f 2324 2269 2272
f 2328 2215 2214
f 2325 2214 4229
f 2214 2325 2326
f 2331 2327 2328
f 2331 2234 2327
f 2328 2214 2326
f 2329 2328 2326
f 2331 2328 2329
f 2326 2325 2329
f 2329 2330 2331
f 2332 2331 2330
f 2332 2330 2333
f 2335 2333 2330
f 2330 2329 2335
f 2329 2325 2334
f 2335 2329 2334
f 2335 2334 2337
f 2325 2336 2334
f 2336 2325 4229
f 2335 2346 2333
f 2337 2334 2338
f 2339 2337 2338
f 2337 2339 2341
f 2341 2339 2340
f 2355 2341 2340
f 2339 2342 2340
f 2349 2342 2135
f 2136 2343 2121
f 2343 2136 2342
f 2342 2339 2343
f 2338 2343 2339
f 2344 2234 2332
f 2344 2332 2333
f 2345 2344 2333
f 2346 2335 2341
f 2335 2337 2341
f 1967 2345 2359
f 2360 2359 2345
f 2360 2345 2333
f 2341 2356 2346
f 2346 2356 2360
f 2355 2356 2341
f 2355 2340 2348
f 2355 2348 2347
f 2348 2342 2349
f 2340 2342 2348
f 2354 2347 2348
f 2348 2349 2350
f 2350 2137 2139
f 2351 2352 2139
f 2350 2139 2352
f 2354 2348 2350
f 2354 2350 2353
f 2347 2354 2361
f 2360 2333 2346
f 2358 2360 2357
f 2358 2359 2360
f 2890 2359 2358
f 2891 2359 2890
f 2890 2358 2889
f 2889 2358 2357
f 2361 2356 2355
f 2361 2357 2356
f 2361 2355 2347
f 2361 4190 2357
f 2354 2362 2361
f 2352 2353 2350
f 2363 2354 2353
f 2372 2363 2353
f 2353 2352 2370
f 2352 2364 2370
f 2364 2352 2351
f 2365 2369 2140
f 2141 2142 2366
f 2365 2141 2366
f 2367 2365 2366
f 2365 2367 2368
f 2369 2365 2368
f 2368 5288 2369
f 2140 2369 2351
f 2364 2351 2369
f 2370 2372 2353
f 2364 2371 2370
f 2370 2371 2373
f 2370 2373 2372
f 2380 2363 2372
f 2372 2374 2380
f 2373 2371 2375
f 2375 2374 2373
f 2379 2374 2375
f 2376 2378 2375
f 2375 2371 2391
f 2391 2376 2375
f 2364 2369 5288
f 2364 2391 2371
f 2376 2377 2378
f 2381 2375 2378
f 2381 2379 2375
f 2374 2372 2373
f 2379 2381 2382
f 2382 2383 2379
f 2379 2383 2384
f 2374 2379 2380
f 2379 2384 2380
f 2384 2383 4191
f 2386 2383 2382
f 2383 2386 2385
f 2385 2386 2630
f 4215 2630 2386
f 2381 2386 2382
f 2381 2378 2377
f 2389 4218 2376
f 2389 2376 2390
f 2389 2388 4218
f 2389 4209 2388
f 5284 2389 2390
f 2376 2391 2390
f 2391 2392 2390
f 2390 2392 2393
f 2391 5288 2392
f 5288 2391 2364
f 2368 5321 5288
f 2368 2367 2394
f 2394 5321 2368
f 2394 5290 5321
f 2144 2395 2399
f 2144 2399 2396
f 2143 2367 2366
f 2367 2143 2396
f 2367 5291 2394
f 2145 2395 2129
f 2399 2395 2397
f 2145 2397 2395
f 2145 2398 2397
f 2145 2129 2170
f 2170 2171 2398
f 2170 2148 2171
f 2398 2145 2170
f 2398 2171 2174
f 2174 2397 2398
f 2399 2397 2400
f 2399 2403 2396
f 2367 2396 5291
f 2402 2399 2400
f 2402 2400 2401
f 5344 2400 2397
f 2401 2400 5344
f 2403 2399 2402
f 2403 2402 2404
f 5291 2396 2403
f 5291 2403 2404
f 2406 2404 5323
f 5323 2404 2405
f 2405 2404 5324
f 5349 2404 2406
f 2404 5349 5291
f 2331 2332 2234
f 1824 1991 1817
f 2411 2408 2414
f 1826 2414 2408
f 2077 2408 2409
f 2074 2409 2410
f 2076 2074 2410
f 2408 2411 2409
f 2413 2414 1826
f 1827 2415 1828
f 1827 2432 2415
f 2415 2412 1828
f 2417 2412 2415
f 2415 2416 2417
f 2417 2419 2412
f 2412 2419 2413
f 2418 2413 2419
f 2417 2428 2419
f 2430 2417 2416
f 2430 2416 2429
f 2432 2416 2415
f 2416 2432 2433
f 1831 2432 1827
f 1833 1832 2421
f 2421 2420 1833
f 1831 1833 2420
f 2420 2432 1831
f 1834 1835 1830
f 1832 1830 1835
f 1835 2421 1832
f 1835 2425 2423
f 1835 2423 2421
f 2423 2425 2422
f 2422 2424 2423
f 2423 2424 2421
f 2425 2426 2422
f 1834 1797 1835
f 2426 1836 1837
f 1839 2427 1837
f 2426 1837 2427
f 2425 1836 2426
f 2425 1835 1836
f 1804 1835 1797
f 1836 1835 1804
f 2409 2411 2410
f 2531 2410 2411
f 2472 2411 2414
f 2472 2413 2418
f 2413 2472 2414
f 2419 2428 2418
f 2475 2418 2428
f 2428 2471 2475
f 2430 2428 2417
f 2430 2429 2431
f 2416 2433 2429
f 2432 2420 2433
f 2437 2421 2424
f 2437 2420 2421
f 2424 2435 2437
f 2435 2424 2434
f 2444 2435 2434
f 2435 2436 2437
f 2433 2420 2437
f 2438 2436 2435
f 2439 3273 2436
f 2439 2436 2438
f 2477 2438 2441
f 2439 2438 2477
f 2440 2441 2438
f 2438 2435 2440
f 2440 2435 2444
f 2477 2441 2442
f 2441 2440 2447
f 2445 2447 2440
f 2442 2441 2448
f 2448 2441 2447
f 2446 2447 2445
f 2444 2443 2440
f 2440 2443 2445
f 2444 2434 2468
f 2444 2468 2467
f 2468 3193 2466
f 2434 2424 2468
f 2443 2444 2467
f 2445 2443 2446
f 2443 2467 2446
f 2448 2447 2449
f 2449 2447 2455
f 2477 2448 2451
f 2477 2442 2448
f 2452 2448 2449
f 2452 2451 2448
f 2452 2449 2453
f 2453 2449 2481
f 2458 2450 2454
f 2449 2455 2450
f 2460 2455 2447
f 2454 2450 2456
f 2454 2456 2457
f 2481 2449 2450
f 2501 2457 2456
f 2459 2456 2450
f 2450 2455 2459
f 2456 2459 2461
f 2483 2456 2461
f 2455 2460 2459
f 2460 2461 2459
f 2462 2461 2460
f 2447 2446 2460
f 2462 2463 2461
f 2464 2484 2463
f 2463 2462 2464
f 2460 2446 2462
f 2465 2462 2446
f 2467 2465 2446
f 2466 2465 2467
f 2465 2466 2520
f 2466 2467 2468
f 2422 2468 2424
f 2422 3193 2468
f 2422 2426 3193
f 3193 2426 2427
f 1840 2469 2427
f 1840 2427 1839
f 2411 2472 2473
f 2471 2428 2430
f 2430 2470 2471
f 2470 2430 2431
f 2475 2471 3242
f 3242 2471 2470
f 2418 2475 2472
f 2473 2531 2411
f 2473 2472 2474
f 2475 2474 2472
f 2470 2431 3269
f 2429 2433 3273
f 2477 2476 2439
f 2478 2477 2451
f 2478 2451 2452
f 4545 2478 2452
f 4545 2452 2480
f 4622 4545 2480
f 4621 4545 4622
f 2479 2480 2452
f 2452 2453 4626
f 2479 2452 4626
f 4626 2453 2481
f 2450 2458 2481
f 4626 2481 2482
f 2482 2481 2458
f 2482 2458 2454
f 2454 2489 2482
f 2457 2490 2454
f 2490 2457 2488
f 2483 2501 2456
f 2483 2486 2501
f 2461 2463 2483
f 2463 2484 2483
f 2462 2465 2464
f 2464 2510 2484
f 2484 2505 2483
f 2483 2503 2486
f 2486 2503 2502
f 2457 2501 2487
f 2487 2488 2457
f 2488 2487 2493
f 2454 2490 2489
f 2490 2488 2496
f 2488 2493 2496
f 2487 2501 2491
f 2491 2493 2487
f 2493 2491 2492
f 2495 2490 2496
f 2496 2493 4585
f 2494 2493 2492
f 4585 2493 2494
f 2490 2495 2489
f 2495 2496 2497
f 2496 4585 4548
f 2492 2499 2498
f 2499 2492 2491
f 2498 2499 2500
f 2502 2500 2499
f 2500 2502 4607
f 2491 2502 2499
f 2502 2503 2485
f 2502 2485 4608
f 4610 4608 2485
f 4610 2485 4611
f 2503 2504 2485
f 2485 2504 4611
f 2507 2504 2505
f 2484 2510 2505
f 2509 2506 2505
f 2505 2506 2507
f 2504 2507 4611
f 2506 2513 2507
f 2507 2515 2508
f 4934 6205 2508
f 2515 4934 2508
f 2507 2513 2515
f 2513 2506 2509
f 2510 2509 2505
f 4920 2509 2510
f 2513 2509 2512
f 2509 4920 2512
f 4920 2514 2512
f 2513 2512 2514
f 2517 2513 2514
f 2513 2517 2515
f 2517 2518 2515
f 2518 2516 2515
f 2518 3198 2516
f 4934 2515 2516
f 3198 2518 3197
f 2518 2517 3197
f 2514 3197 2517
f 2519 3197 2514
f 2519 2514 2522
f 2524 2519 2522
f 2521 2522 2514
f 4920 2521 2514
f 2520 2521 4920
f 3194 2522 2521
f 2520 3194 2521
f 2469 3194 2427
f 2523 2524 2522
f 3194 2523 2522
f 2523 3194 2469
f 2524 2523 2525
f 2524 2525 3195
f 2469 2525 2523
f 1840 2525 2469
f 2056 2076 2073
f 2073 2526 2072
f 2073 2076 2529
f 2529 2526 2073
f 2076 2410 2529
f 2055 2072 2061
f 2072 2528 2527
f 2072 2526 2528
f 3252 2528 2526
f 2526 2529 3252
f 3236 2529 2530
f 3236 3252 2529
f 2531 2530 2529
f 2531 2529 2410
f 2533 2532 1954
f 2532 2533 2535
f 2536 2535 2533
f 2534 2532 2535
f 2532 2534 2228
f 2533 2538 2536
f 2535 2536 2534
f 2534 1338 2228
f 2538 2533 1955
f 1955 2537 2538
f 2537 1532 2538
f 1532 2584 1531
f 1532 1957 2584
f 1532 2537 1957
f 2539 1956 1958
f 2547 2546 2540
f 2540 1519 2541
f 1519 2540 1515
f 2540 2541 2547
f 1519 1520 2541
f 1520 2560 2541
f 2542 2547 2541
f 2542 2541 2543
f 2541 2544 2543
f 2544 2541 2560
f 1520 2545 2560
f 1523 2545 1520
f 1522 1529 2545
f 1527 1526 1522
f 1522 1517 1527
f 1529 1522 1526
f 2548 2547 2542
f 2555 2547 2548
f 2548 2542 2549
f 2554 2555 2548
f 2542 2543 2549
f 2560 2550 2544
f 2544 2551 2543
f 2550 2315 2553
f 2550 2553 2552
f 2552 2544 2550
f 2544 2552 2551
f 2552 2553 2575
f 2575 2553 2576
f 2552 2575 2573
f 2573 2574 2552
f 2552 2574 2551
f 2543 2572 2549
f 2548 2549 2554
f 2572 2554 2549
f 2555 1511 2547
f 2546 2547 1514
f 2547 1511 1514
f 2554 2556 2555
f 2557 1511 2555
f 2558 2559 2557
f 2557 2559 1513
f 1511 2557 1512
f 2550 2560 2561
f 2561 2562 2550
f 1535 2561 1534
f 2562 2561 1535
f 1535 2563 2562
f 2563 2315 2550
f 2562 2563 2550
f 2588 2315 2563
f 2563 1535 2586
f 2587 2588 2563
f 1535 2583 2586
f 2583 1535 2564
f 1531 2584 1533
f 1533 2564 1524
f 2564 1533 2584
f 2584 2583 2564
f 2561 2560 2565
f 1534 2561 2565
f 2538 1338 2534
f 1532 1338 2538
f 2536 2538 2534
f 2568 1488 2566
f 2566 1488 1499
f 2570 2567 2568
f 2566 2570 2568
f 2558 2570 2559
f 2567 2570 2558
f 2556 2558 2557
f 2556 2557 2555
f 2571 2558 2556
f 2579 2554 2572
f 2579 2571 2554
f 2571 2579 2582
f 2571 2556 2554
f 2543 2551 2572
f 2551 2574 2572
f 2578 2574 2573
f 2573 2575 2577
f 2574 2578 2579
f 2319 2575 2576
f 2576 2320 2319
f 2317 2322 3467
f 2578 2573 2577
f 2575 2319 2577
f 2577 2319 2593
f 2593 2319 2320
f 2320 3467 2593
f 2572 2574 2579
f 2593 2580 2577
f 2593 2290 2580
f 2580 2578 2577
f 2290 2581 2580
f 2580 2581 2592
f 2579 2589 2582
f 2582 2558 2571
f 2558 2569 2567
f 2569 2582 2589
f 2582 2569 2558
f 2585 2586 2583
f 2584 2585 2583
f 1957 2585 2584
f 1956 2585 1957
f 2587 2585 2539
f 2539 2585 1956
f 2563 2586 2587
f 2587 2586 2585
f 2237 2254 2588
f 2588 2539 2237
f 2539 2588 2587
f 2578 2589 2579
f 2578 2580 2589
f 2590 2569 2589
f 2592 2589 2580
f 2589 2592 2590
f 2567 2569 2590
f 2590 1496 2567
f 1496 2591 2294
f 2294 2591 2581
f 2590 2591 1496
f 2592 2591 2590
f 2591 2592 2581
f 3467 2280 2593
f 3467 2320 2317
f 2272 2322 2324
f 2322 2323 2324
f 2272 2281 2322
f 1493 1496 2296
f 1481 1480 2594
f 1450 1479 1451
f 1479 1480 1451
f 2615 1477 1451
f 1451 1480 2615
f 1480 1481 2614
f 2613 2304 2595
f 2307 2601 2308
f 2601 2307 4118
f 2308 2597 2595
f 2597 2308 2600
f 2613 2597 2598
f 2598 2597 2600
f 2598 2600 2621
f 2600 2601 2599
f 2600 2308 2601
f 2307 2306 2596
f 2306 2638 2596
f 2602 2638 2306
f 2602 2603 2638
f 2605 2603 2604
f 2634 2603 2605
f 2606 2608 2604
f 2606 2604 2607
f 2607 2604 2603
f 2278 2604 2608
f 2301 2608 2606
f 2606 2300 2301
f 2300 2606 2607
f 2305 2299 2607
f 2603 2305 2607
f 1491 2613 2645
f 2600 2599 2621
f 2620 2598 2621
f 2610 2598 2620
f 2598 2610 2613
f 2613 2610 2611
f 2610 2612 2611
f 2611 2645 2613
f 1481 2644 2614
f 2618 2615 2645
f 2645 2615 2614
f 1480 2614 2615
f 2618 2616 2615
f 2618 2645 2617
f 2645 2611 2617
f 1478 2616 2647
f 2620 2619 2610
f 2620 2609 4136
f 2619 4136 4138
f 2619 2620 4136
f 2620 2621 2609
f 2601 4118 4119
f 2622 2621 2599
f 2622 2609 2621
f 2609 2622 4133
f 2609 4133 4135
f 4135 4136 2609
f 4133 2622 4120
f 2599 4119 2622
f 2601 4119 2599
f 2596 2638 2639
f 2605 2625 2634
f 2625 2605 2278
f 2605 2604 2278
f 2634 2625 2632
f 2276 2623 2278
f 2278 2623 2625
f 2624 2266 2265
f 2266 2624 2626
f 2624 2627 2626
f 2623 2274 2266
f 2623 2266 2626
f 2623 2626 2625
f 2249 2251 2250
f 2627 2624 2250
f 2633 2250 2631
f 2251 2248 4185
f 2631 2250 2251
f 2628 2629 2247
f 2903 2899 2247
f 2247 2899 2628
f 2251 4185 4184
f 2632 2627 2633
f 2626 2627 2632
f 2632 2625 2626
f 2633 2636 2632
f 2627 2250 2633
f 2635 2632 2636
f 2634 2632 2635
f 2637 2635 2636
f 2637 2636 4183
f 2640 2634 2635
f 2634 2640 2603
f 2638 2603 2640
f 2640 2635 2637
f 2640 2637 2639
f 2639 2641 4219
f 2639 2637 2641
f 2640 2639 2638
f 2636 2633 4183
f 2642 2633 2631
f 2633 2642 4183
f 4219 2643 4195
f 4125 4219 4195
f 4123 4219 4125
f 2596 4219 4123
f 2596 2639 4219
f 2645 2644 1491
f 2644 2645 2614
f 2646 1476 1478
f 2646 1478 2647
f 2618 2647 2616
f 2618 2617 2662
f 2662 2617 2611
f 2611 2612 2648
f 2610 2619 4138
f 4139 2648 2612
f 2648 2661 2611
f 2662 2611 2661
f 2649 2653 2648
f 2649 2648 4139
f 2649 4139 4141
f 4140 2649 4141
f 4140 2650 2649
f 2649 2650 2651
f 2654 2649 2651
f 2653 2649 2654
f 4226 2651 2650
f 2654 2652 2655
f 2652 2654 2651
f 2655 2656 2654
f 2702 2652 2651
f 2657 2654 2656
f 2657 2656 2658
f 2660 2657 2658
f 2653 2654 2657
f 2657 2648 2653
f 2661 2648 2657
f 2659 2658 2656
f 2661 2657 2660
f 2663 2647 2662
f 2618 2662 2647
f 2662 2661 2664
f 2661 2660 2670
f 2670 2664 2661
f 1561 1560 1562
f 1562 2665 1561
f 1561 2665 2666
f 2665 2668 2666
f 2666 3510 2667
f 3510 2666 2668
f 3469 2668 2665
f 2665 3497 3469
f 2665 1562 3497
f 2664 2670 1562
f 1562 2670 3496
f 2670 2669 3496
f 3495 3496 2669
f 2669 2670 2672
f 2672 2670 2660
f 2671 2660 2658
f 2660 2671 2672
f 2671 2679 2672
f 2658 2659 2671
f 2659 2656 2674
f 2673 2656 2655
f 2674 2656 2673
f 2671 2659 2674
f 2675 2671 2674
f 2674 2700 2675
f 2671 2675 2679
f 2677 2679 2675
f 2678 2679 2677
f 2678 2677 2676
f 2681 2672 2679
f 2678 2681 2679
f 2680 2681 2678
f 2680 2682 2681
f 2684 2682 2680
f 2684 2680 2685
f 2680 2683 2685
f 2683 2680 2678
f 2676 2683 2678
f 2684 3495 2682
f 2676 2689 2683
f 2685 2683 2686
f 2689 2686 2683
f 2689 2690 2686
f 2687 2685 2686
f 2684 2685 3470
f 2687 3476 2688
f 3478 2687 2686
f 2687 3478 3476
f 3478 2686 2691
f 2686 2690 2691
f 2691 2690 3482
f 3482 2690 2689
f 2695 2698 2689
f 2692 2695 2689
f 2698 2695 2697
f 2697 2695 2707
f 2696 2695 2692
f 2692 2689 2676
f 2677 2692 2676
f 2692 2677 2693
f 2677 2675 2700
f 2693 2694 2692
f 2677 2700 2693
f 2692 2694 2696
f 2704 2696 2694
f 2698 2697 2699
f 2689 2698 3482
f 2699 2697 3483
f 2696 2707 2695
f 2696 2704 3487
f 2674 2673 2700
f 2700 2673 2693
f 2694 2693 2673
f 2673 2701 2694
f 2694 2701 2704
f 2696 3487 2707
f 2704 2706 3487
f 2701 2702 2704
f 2702 2703 2704
f 2704 2703 2705
f 2706 2704 2705
f 2705 2708 2706
f 2706 2708 3487
f 3487 2709 2707
f 2710 2707 2709
f 2711 3486 2712
f 3486 3489 2712
f 2711 3488 3486
f 2708 3494 3488
f 2703 2702 2713
f 4178 2713 4220
f 2702 4220 2713
f 2652 2702 2701
f 2673 2652 2701
f 2673 2655 2652
f 2715 1486 1492
f 1495 2716 2714
f 1495 2297 2716
f 1492 2714 2715
f 2718 2770 1877
f 2718 1877 2719
f 1880 2719 1877
f 2721 2776 1881
f 2776 2721 2734
f 1881 2776 2720
f 2721 2724 2734
f 1881 1882 2721
f 2726 2724 2722
f 2723 2722 1883
f 2722 2721 1882
f 2725 2722 2723
f 2727 2722 2725
f 2728 2730 2726
f 2726 2722 2728
f 2727 2728 2722
f 2725 2723 2769
f 2725 2769 2727
f 2727 2744 2728
f 2728 2729 2730
f 2728 2744 2729
f 2730 2731 2726
f 2731 2732 2726
f 2732 2724 2726
f 2724 2732 2734
f 2735 2734 2732
f 2733 2735 2732
f 2735 2733 2736
f 2733 2738 2736
f 2735 2736 2775
f 2732 2731 2742
f 2740 2738 2733
f 2738 2796 2739
f 2796 2738 2740
f 2740 2733 2732
f 2742 2740 2732
f 2742 2731 2741
f 2743 2741 2731
f 2743 2731 2730
f 2730 2729 2743
f 2752 2742 2741
f 2743 2729 2741
f 2729 2744 2746
f 2729 2746 2741
f 2727 2763 2744
f 2769 2745 2727
f 2749 2746 2744
f 2747 2748 2744
f 2749 2744 2748
f 2746 2752 2741
f 2746 2749 2751
f 2746 2751 2752
f 2753 2752 2758
f 2758 2754 2753
f 2753 2754 2755
f 2755 2754 2790
f 2758 2756 2754
f 2758 2757 2756
f 2758 2752 2751
f 2749 2750 2751
f 2758 2751 2750
f 2759 2787 2749
f 2787 2759 2782
f 2802 2749 2748
f 2802 2759 2749
f 2802 2748 2747
f 2747 2744 2763
f 2727 2745 2763
f 2760 2745 2769
f 2760 2769 2761
f 2761 2769 3390
f 2761 3390 1885
f 2765 2760 2761
f 2762 2763 2760
f 2765 2762 2760
f 2762 2747 2763
f 2762 2765 2764
f 2764 2765 2767
f 2767 2765 2766
f 2766 2765 2761
f 2768 2761 1885
f 2766 2761 2768
f 2784 2770 2718
f 2773 2719 2771
f 2773 2718 2719
f 2718 2772 2784
f 2772 2718 2773
f 2775 2773 2771
f 2774 2719 1880
f 2734 2775 2774
f 2774 2771 2719
f 2771 2774 2775
f 2776 2734 2774
f 2776 2774 1880
f 2776 1880 2720
f 1869 1872 1874
f 2781 2778 1874
f 2778 1755 1870
f 1739 2780 2841
f 2779 2837 1739
f 1739 2837 2780
f 2782 2788 2837
f 2837 2779 2782
f 2781 2779 2778
f 2788 2797 2837
f 2781 2782 2779
f 1874 2777 2781
f 2777 2789 2781
f 2781 2789 2782
f 1875 2770 2785
f 2773 2783 2772
f 2773 2791 2783
f 2784 2772 2783
f 2786 2784 2783
f 2770 2784 2785
f 2787 1875 2785
f 2785 2784 2786
f 2785 2757 2787
f 2757 2785 2786
f 2786 2783 2790
f 2750 2787 2757
f 2750 2757 2758
f 2788 2782 2759
f 2782 2789 2787
f 2749 2787 2750
f 2787 2789 1875
f 2777 1874 2789
f 2756 2757 2786
f 2786 2790 2756
f 2756 2790 2754
f 2755 2790 2795
f 2795 2783 2791
f 2775 2791 2773
f 2737 2791 2775
f 2737 2793 2791
f 2792 2795 2791
f 2791 2793 2792
f 2793 2739 2794
f 2739 2793 2737
f 2738 2737 2736
f 2739 2737 2738
f 2739 2796 2794
f 2742 2753 2740
f 2796 2740 2753
f 2752 2753 2742
f 2753 2755 2796
f 2755 2795 2796
f 2790 2783 2795
f 2792 2794 2795
f 2794 2792 2793
f 2796 2795 2794
f 2797 2759 2802
f 2788 2759 2797
f 2836 2797 2818
f 2747 2807 2798
f 2803 2747 2798
f 2803 2798 2800
f 2800 2799 2825
f 2800 2801 2803
f 2804 2747 2803
f 2802 2747 2804
f 2801 2804 2803
f 2801 2800 2825
f 2825 2799 2806
f 2825 2824 2801
f 2809 2805 2825
f 2825 2806 2809
f 2808 2809 2806
f 2806 2799 2764
f 2764 2799 2800
f 2747 2762 2807
f 2764 2800 2762
f 2767 2808 2764
f 2806 2764 2808
f 2808 2810 2809
f 2811 2805 2809
f 2809 2810 2811
f 2826 2811 2810
f 2810 2808 2812
f 2812 2808 2767
f 2766 2815 2767
f 2815 2812 2767
f 2813 3466 2812
f 2812 2814 2813
f 2814 2812 2815
f 2814 2829 2813
f 2768 2815 2766
f 2815 2768 1885
f 2816 2815 3395
f 2816 2814 2815
f 2814 2816 2817
f 2797 2802 2818
f 2823 2818 2802
f 2818 2819 2836
f 2818 3537 2819
f 2822 3537 2818
f 2822 2818 2821
f 2823 2802 2804
f 2818 2823 2820
f 2820 2821 2818
f 2801 2887 2804
f 2824 2887 2801
f 2830 2824 2825
f 2828 2825 2805
f 2831 2888 2830
f 2831 2830 2820
f 2811 2828 2805
f 2811 2826 2827
f 2828 2811 2827
f 2825 2828 2830
f 2813 2829 2828
f 2829 2830 2828
f 2817 2829 2814
f 2817 2832 2829
f 2830 2829 2820
f 2832 2820 2829
f 2832 2821 2820
f 2834 2821 2832
f 2834 2833 2821
f 2822 2821 2833
f 2832 2835 2834
f 2835 2832 2850
f 2837 2797 2836
f 2836 2819 2837
f 2841 2837 2819
f 2837 2841 2780
f 2838 2841 2819
f 2848 2819 3537
f 2819 2848 2838
f 2841 2838 2848
f 1753 2839 2840
f 1739 2842 2839
f 2842 1739 2841
f 2839 2842 2840
f 2848 2843 2841
f 2845 2843 2848
f 2845 2848 3191
f 2840 2842 2841
f 2846 2840 2841
f 2846 2841 2843
f 2844 2843 2845
f 2846 2843 2844
f 2846 2844 3187
f 3543 1753 2840
f 2840 2846 3543
f 2846 2847 3543
f 3187 2847 2846
f 2833 2834 2835
f 3191 2833 2835
f 3191 3537 2833
f 2849 3191 2835
f 3190 3191 2849
f 2851 2850 2832
f 2850 2851 2852
f 2850 3541 2835
f 2852 3541 2850
f 3541 2852 3542
f 3542 2852 2853
f 3542 2853 2858
f 2854 2858 2853
f 2853 2852 3465
f 2854 2853 2855
f 3465 2855 2853
f 2859 2858 2854
f 2859 2854 2857
f 2857 2854 2856
f 2857 2885 2859
f 2861 3654 2859
f 2861 2860 3654
f 2861 2864 2860
f 2885 2861 2859
f 2861 2885 2880
f 2880 2885 2862
f 2865 2861 2880
f 2860 3655 3654
f 2863 2864 2866
f 2869 2860 2864
f 2869 3655 2860
f 2863 2869 2864
f 2866 2864 3863
f 2865 3863 2864
f 2864 2861 2865
f 2866 2867 2863
f 3862 2867 2866
f 2863 2867 2868
f 2869 2863 2868
f 2870 2869 2868
f 3656 2869 2870
f 2871 2872 2870
f 2872 3656 2870
f 2871 2873 2872
f 2875 2872 2873
f 2876 2873 2871
f 2875 2873 3659
f 2875 2874 2872
f 3658 3669 2874
f 2874 2875 3658
f 2875 3659 3853
f 3663 2873 2876
f 2876 2877 3855
f 2876 2871 2877
f 2871 2870 2868
f 2877 2868 2867
f 2865 2879 3863
f 3872 2865 4489
f 2865 2880 4489
f 4489 2880 2882
f 2881 2882 2880
f 2882 2881 2883
f 2880 2884 2881
f 2862 2884 2880
f 2884 2862 2855
f 2857 2856 2885
f 2862 2885 2855
f 3429 2884 2855
f 2881 3430 2883
f 2854 2855 2856
f 2885 2856 2855
f 2820 2823 2886
f 2831 2886 2888
f 2888 2824 2830
f 2888 2886 2887
f 2886 2823 2804
f 2886 2804 2887
f 2824 2888 2887
f 2886 2831 2820
f 2357 2360 2356
f 4189 2889 2357
f 4190 2361 2362
f 2890 2889 2897
f 2359 2891 1968
f 2892 1968 2891
f 2895 1968 2892
f 2891 2890 2896
f 2893 1968 2895
f 2894 1969 2893
f 2894 2895 2892
f 2900 2890 2897
f 2890 2900 2896
f 2898 2900 2897
f 2897 2889 4189
f 2897 4189 2898
f 2903 2898 2899
f 2901 2900 2898
f 2900 2901 2241
f 2900 2241 2896
f 2901 2898 2903
f 2242 2901 2903
f 2902 2242 2903
f 2894 2893 2895
f 2891 2896 2892
f 672 3328 2904
f 3328 151 2904
f 151 3328 3304
f 3328 672 3297
f 676 3291 675
f 657 658 2905
f 2905 3284 657
f 658 2906 2905
f 2906 3285 2905
f 3285 2906 2907
f 2907 677 2908
f 680 2908 677
f 2908 680 664
f 2908 2911 2907
f 2907 2911 3280
f 3285 2907 3280
f 3279 3280 2911
f 664 2909 2908
f 2909 664 2910
f 2911 2909 2910
f 2911 2908 2909
f 632 634 630
f 2914 2913 634
f 630 634 2913
f 634 2917 2914
f 2913 629 630
f 2916 2915 2913
f 2915 629 2913
f 547 2915 2916
f 2914 626 2913
f 570 2923 2918
f 2919 2920 570
f 2918 2919 570
f 2919 564 2920
f 5857 564 2919
f 2919 2918 2922
f 2918 7526 2922
f 2922 5857 2919
f 7528 7526 2918
f 7528 2918 2923
f 2923 5846 7528
f 2923 570 571
f 572 2925 2924
f 572 573 5844
f 5844 2925 572
f 2926 2925 5844
f 5845 2924 2925
f 2926 5845 2925
f 573 2927 5844
f 573 574 2927
f 2951 1750 1751
f 2940 1750 2951
f 2940 2945 1750
f 2929 1750 2945
f 2931 2928 2929
f 2945 2930 2929
f 2930 2931 2929
f 2931 2932 2928
f 2932 2958 2928
f 2934 2958 2932
f 2933 2934 2932
f 2933 2932 2931
f 2933 2938 2937
f 2936 2935 2933
f 2937 2936 2933
f 3547 2936 2937
f 2933 2931 2938
f 2931 2939 2938
f 2939 2931 2930
f 2941 2939 2930
f 2940 2930 2945
f 2942 2939 2941
f 2939 2942 3546
f 2940 2941 2930
f 2941 2940 3544
f 1144 1143 2943
f 2944 2952 2943
f 2943 1143 2944
f 2944 1143 2951
f 3544 2940 1143
f 1143 2940 2951
f 2944 2951 2952
f 2943 2952 2946
f 1144 2943 2946
f 2946 2949 1144
f 2946 3181 2948
f 3182 2948 3181
f 3182 2947 2948
f 2946 2948 2949
f 3181 2952 2950
f 2946 2952 3181
f 2950 1753 3181
f 1753 2950 1751
f 1751 2950 2951
f 2952 2951 2950
f 2954 1746 2953
f 2955 2954 1774
f 2956 1774 2954
f 2971 2956 2969
f 2954 2953 2969
f 2969 2956 2954
f 2958 2957 2928
f 2960 2958 2934
f 2959 2960 2934
f 2961 2958 2960
f 2969 2953 2961
f 2963 2969 2961
f 2963 2961 2960
f 2962 2963 2960
f 2960 2964 2962
f 2959 2964 2960
f 2959 2962 2964
f 2962 2959 2965
f 2973 2962 2965
f 2965 2959 2935
f 2999 2972 2965
f 2973 2965 2972
f 2974 2972 2999
f 2999 2968 2974
f 2967 2968 2999
f 2967 2999 2966
f 2974 2968 2981
f 2981 2968 2980
f 2968 2967 2980
f 2969 2963 2962
f 3019 2970 2956
f 2956 2971 3019
f 3019 2971 2973
f 2971 2969 2962
f 2973 2971 2962
f 2976 2973 2972
f 2972 2975 2976
f 2975 2972 2974
f 2974 2979 2978
f 2977 2976 2975
f 2975 2978 2977
f 2975 2974 2978
f 2978 2979 3008
f 2974 2981 2979
f 2981 2983 2979
f 2985 2980 2998
f 2985 2986 2980
f 2981 2980 2986
f 2981 2982 2983
f 2979 2984 3011
f 2983 2984 2979
f 2984 2983 2982
f 2982 2990 2984
f 2982 2986 2988
f 2986 2982 2981
f 2989 2988 2986
f 2982 2988 2987
f 2992 2987 2988
f 2986 2985 2994
f 2994 2989 2986
f 2994 2995 2989
f 2989 2993 2988
f 2995 2993 2989
f 2990 2982 2987
f 2992 2991 2987
f 2992 2988 2993
f 2992 2993 3048
f 2994 3051 2995
f 3051 2994 2996
f 2994 2985 3140
f 2985 2998 2997
f 2980 2967 2998
f 2998 2967 2966
f 2998 2966 2997
f 3000 2966 3002
f 3001 3002 2966
f 3005 2997 3000
f 2966 3000 2997
f 2985 2997 3003
f 3003 3140 2985
f 2997 3004 3003
f 3004 2997 3005
f 3002 3005 3000
f 3002 3001 3004
f 3006 3004 3001
f 3006 3001 3007
f 3002 3004 3005
f 3001 3175 3007
f 3175 3001 3052
f 2966 2999 3001
f 3052 3001 2999
f 2999 3053 3052
f 3006 3179 3004
f 3003 3004 3179
f 2978 1785 2976
f 2978 2976 2977
f 3038 1787 3039
f 3040 3039 1787
f 2978 3040 1787
f 2978 3008 3040
f 3008 2979 3011
f 3009 2984 2990
f 2987 2991 2990
f 3009 2990 2991
f 3009 2991 3017
f 3009 3011 2984
f 3009 3010 3011
f 3010 3012 3011
f 3011 3012 3008
f 3012 3013 3008
f 3014 3012 3010
f 3017 3010 3009
f 3010 3017 3016
f 3010 3016 3014
f 3014 3043 3012
f 3044 3043 3014
f 3016 3015 3014
f 3017 2991 3018
f 3019 2976 2970
f 2976 3019 2973
f 1802 1799 1798
f 3023 3020 1808
f 1854 1807 3020
f 1854 1806 1807
f 3021 1806 1855
f 1854 1855 1806
f 3023 3022 3020
f 3024 3022 3023
f 3024 1809 1811
f 3022 3024 3026
f 3025 3026 3024
f 3027 1853 3026
f 1852 1851 1853
f 1852 3027 3029
f 3028 3029 3027
f 3030 3028 3027
f 3026 3030 3027
f 3024 1811 3025
f 1810 3031 3032
f 1811 1810 3032
f 3032 3031 3034
f 3025 3033 3030
f 3030 3026 3025
f 3076 3030 3033
f 3028 3076 3080
f 3076 3028 3030
f 3076 3033 3074
f 1811 3033 3025
f 1811 3032 3033
f 3032 3074 3033
f 3032 3034 3074
f 3034 3035 3101
f 3034 3036 3035
f 3036 3100 3035
f 1812 3100 3036
f 3100 1787 3037
f 3038 3037 1787
f 3041 3039 3040
f 3040 3008 3013
f 3012 3043 3013
f 3041 3040 3013
f 3043 3041 3013
f 3041 3103 3039
f 3041 3043 3042
f 3041 3042 3103
f 3044 3042 3043
f 3044 3014 3015
f 3044 3045 3042
f 3045 3108 3042
f 3016 3046 3015
f 3045 3044 3015
f 3015 3047 3045
f 3015 3046 3047
f 4703 3047 3046
f 3047 3111 3109
f 3046 3016 3018
f 3017 3018 3016
f 3050 3131 3049
f 2995 3051 2993
f 2993 3136 3048
f 3136 3050 3048
f 2993 3051 3136
f 3051 2996 3145
f 3051 3145 3138
f 3140 2996 2994
f 3141 3003 3179
f 3006 3007 3179
f 3057 3052 3053
f 2965 3053 2999
f 2935 2934 2933
f 2935 2959 2934
f 3053 2965 3054
f 3057 3053 3054
f 3070 3055 3054
f 3057 3054 3055
f 3055 3174 3057
f 3059 3174 3055
f 3059 3056 3174
f 3056 3059 3058
f 3170 3056 3058
f 3058 3176 3170
f 3058 3059 3060
f 3055 3060 3059
f 3071 3058 3060
f 3055 3070 3060
f 3071 3061 3058
f 3176 3058 3061
f 3062 3061 3067
f 3064 3061 3062
f 3171 3056 3170
f 3176 3061 3064
f 3062 3067 3651
f 3063 3064 3062
f 3064 3177 3176
f 3177 3064 3063
f 4117 3065 3063
f 3063 3652 4117
f 3063 3062 3652
f 3652 3062 3651
f 3067 3066 3651
f 3067 3068 3066
f 3067 3578 3068
f 3061 3069 3067
f 3061 3071 3069
f 3060 3577 3071
f 3072 3060 3070
f 3072 3577 3060
f 3071 3577 3069
f 3564 3577 3072
f 3561 3563 3564
f 3561 3564 3072
f 3072 3070 3561
f 3054 3547 3560
f 2965 2935 3054
f 2935 3547 3054
f 3547 3073 3560
f 3560 3073 3548
f 3547 2935 2936
f 3031 3036 3034
f 3034 3101 3074
f 3076 3074 3075
f 3101 3075 3074
f 3076 3075 3080
f 3080 3075 3078
f 3079 3080 3078
f 3077 3078 3075
f 3079 3081 3080
f 3082 3080 3081
f 3082 3028 3080
f 3083 3028 3082
f 3029 3028 3083
f 1851 1852 1846
f 3083 3085 3029
f 3085 3083 3084
f 3082 3086 3083
f 3084 3200 3085
f 3086 3082 3089
f 3082 3081 3089
f 3079 3089 3081
f 3086 3089 3087
f 3083 3086 3087
f 3083 3087 3084
f 4683 4690 3084
f 3084 3087 4683
f 3079 3088 3089
f 3089 3090 4682
f 3089 3088 3090
f 3094 3088 3092
f 3079 3092 3088
f 3101 3077 3075
f 3077 3091 3078
f 3079 3078 3091
f 3079 3091 3092
f 3091 3094 3092
f 3094 3093 3090
f 3088 3094 3090
f 3112 3090 3093
f 4682 3090 4681
f 3111 3112 3093
f 3094 3091 3095
f 3095 3110 3094
f 3091 3097 3095
f 3095 3105 3096
f 3095 3104 3105
f 3105 3107 3096
f 3037 3038 3104
f 1812 1787 3100
f 3095 3097 3104
f 3104 3097 3037
f 3097 3100 3037
f 3100 3097 3098
f 3098 3097 3091
f 3098 3091 3077
f 3099 3100 3098
f 3035 3098 3077
f 3077 3101 3035
f 3103 3042 3108
f 3108 3107 3103
f 3039 3103 3102
f 3102 3038 3039
f 3106 3038 3102
f 3105 3104 3106
f 3038 3106 3104
f 3102 3107 3105
f 3106 3102 3105
f 3107 3102 3103
f 3110 3096 3107
f 3109 3108 3047
f 3045 3047 3108
f 3110 3107 3108
f 3095 3096 3110
f 3110 3108 3109
f 3111 3110 3109
f 3094 3110 3093
f 3093 3110 3111
f 3112 3114 3090
f 3113 3112 3111
f 3113 4694 3112
f 3113 3111 3047
f 3047 4703 4702
f 4703 3046 3018
f 3115 3119 2991
f 2992 3115 2991
f 3115 2992 3048
f 3115 3048 3050
f 3115 3050 3049
f 3049 3116 3115
f 3119 3115 3116
f 3117 3118 3116
f 3119 3116 3118
f 3120 2991 3119
f 2991 3120 3018
f 3120 3119 3118
f 3118 3121 3122
f 3118 3117 3121
f 4937 3125 3122
f 3125 3118 3122
f 3123 3118 3125
f 3123 3120 3118
f 3122 4972 4937
f 3124 3125 4937
f 4702 3125 3124
f 3124 4695 4702
f 4972 3122 3129
f 3129 3122 3128
f 3128 3122 3121
f 3126 3121 3117
f 3117 3127 3126
f 3121 3126 3128
f 3130 3128 3126
f 3126 3127 3135
f 3049 3117 3116
f 3136 3131 3050
f 3051 3138 3136
f 3132 3133 3134
f 3134 3135 3132
f 3135 3134 4714
f 3134 3133 4713
f 3133 4711 4713
f 3132 3131 3133
f 3131 3137 3133
f 4711 3133 3137
f 3131 3136 3137
f 3136 3138 3137
f 4710 3137 3138
f 3138 3145 3139
f 3145 2996 3140
f 3141 3140 3003
f 3140 3141 3142
f 3142 3145 3140
f 3145 3142 3144
f 3144 3142 3143
f 3139 3145 3144
f 3148 3146 3144
f 3146 3148 3147
f 3148 3144 3143
f 3146 3139 3144
f 3143 3152 3148
f 3147 3148 3151
f 3146 3147 3149
f 3149 4476 3146
f 3138 3139 4710
f 3150 4710 3139
f 3139 3146 3150
f 3150 3146 4476
f 4476 4710 3150
f 3151 3148 3152
f 3151 4480 3147
f 3154 3151 3152
f 3152 3153 3154
f 3177 3153 3152
f 4480 3151 3154
f 3149 3147 4480
f 3153 3169 3154
f 3154 3169 3155
f 3156 3155 3158
f 3156 3154 3155
f 4480 3154 3156
f 3156 3157 4480
f 3157 3164 4480
f 3158 3155 3159
f 3169 3065 3155
f 3159 3160 3158
f 3158 3157 3156
f 3159 3161 3160
f 3159 3165 3161
f 3163 3160 3162
f 3160 3161 3162
f 4487 3162 3161
f 3158 3160 3163
f 3157 3158 3163
f 3164 3163 4483
f 3157 3163 3164
f 3162 4483 3163
f 3165 3166 3167
f 3159 3166 3165
f 4105 3165 3167
f 4104 4105 3167
f 3159 4114 3166
f 3155 3065 3168
f 3063 3169 3177
f 3177 3169 3153
f 3174 3056 3171
f 3171 3170 3172
f 3173 3171 3172
f 3171 3173 3174
f 3174 3173 3057
f 3057 3175 3052
f 3175 3057 3173
f 3173 3180 3175
f 3172 3170 3176
f 3172 3176 3177
f 3172 3180 3173
f 3175 3180 3178
f 3178 3007 3175
f 3007 3178 3179
f 3141 3178 3180
f 3178 3141 3179
f 1753 3543 3181
f 2847 3182 3181
f 3182 2847 3187
f 3186 2947 3182
f 2947 3185 2948
f 3186 3185 2947
f 3185 3188 1150
f 1150 3188 3189
f 1150 3189 3673
f 1150 3184 3183
f 3188 3185 3186
f 3182 3187 3186
f 3189 3188 3538
f 3538 3187 2844
f 3538 2844 3190
f 2845 3190 2844
f 3191 3190 2845
f 3537 3191 2848
f 3192 3022 1853
f 1853 3022 3026
f 3035 3099 3098
f 3099 3035 3100
f 2466 3194 2520
f 2511 2520 4920
f 2511 2465 2520
f 2464 2465 2511
f 2464 2511 2510
f 2524 3195 2519
f 3197 2519 3196
f 1848 3196 2519
f 3195 1848 2519
f 3197 3196 3198
f 2516 3198 3199
f 3196 3199 3198
f 4921 3199 3196
f 1848 4921 3196
f 1850 4921 1848
f 3201 4921 1850
f 1849 4700 4701
f 4701 3200 1849
f 1222 1221 3214
f 3202 3214 1221
f 3213 3203 3206
f 3203 3205 3206
f 3214 3202 3203
f 3203 3202 3205
f 3204 3203 3213
f 3921 3204 3207
f 7305 3921 3207
f 3213 3207 3204
f 3208 3211 3209
f 3216 3210 3212
f 3210 3216 938
f 3213 3212 3210
f 3210 3208 3213
f 3212 3205 940
f 940 3205 3202
f 3202 933 940
f 1221 942 3202
f 3215 935 926
f 926 935 929
f 3210 938 3217
f 938 3215 3217
f 925 3219 3218
f 3219 920 3220
f 3220 919 3225
f 915 912 919
f 3225 919 912
f 3225 3226 3220
f 3218 3219 3220
f 3218 3221 925
f 5046 3215 925
f 3235 5046 3221
f 3235 3221 3222
f 3223 3222 3221
f 3221 3218 3223
f 3224 912 911
f 3224 3225 912
f 3224 3226 3225
f 3227 3223 3218
f 3220 3227 3218
f 3228 3227 3229
f 3227 3226 3229
f 3227 3220 3226
f 3230 7302 3229
f 3226 3224 3230
f 3229 3226 3230
f 3230 3224 5189
f 5050 3230 5189
f 3230 5050 3231
f 7302 3230 3231
f 7052 7304 3231
f 3227 3228 3222
f 3222 3223 3227
f 3222 3232 3235
f 3222 3228 3232
f 5049 3228 3229
f 3232 3228 3234
f 3228 3233 3234
f 3234 3235 3232
f 3234 3233 5047
f 2531 2473 3240
f 2530 2531 3240
f 2530 3240 3239
f 3236 2530 3238
f 3238 3237 3236
f 3237 3252 3236
f 3238 2530 3239
f 3253 3237 3250
f 3238 3250 3237
f 3238 3247 3250
f 3245 3238 3239
f 3245 3247 3238
f 3246 3239 3240
f 2474 3240 2473
f 3246 3240 2474
f 2474 2475 3241
f 3242 3241 2475
f 3246 3241 3245
f 3246 2474 3241
f 2470 3243 3242
f 3242 3243 3249
f 2470 3269 3243
f 3268 3243 3269
f 2431 3270 3269
f 3268 3266 3243
f 3244 3243 3266
f 3244 3249 3243
f 3241 3242 3249
f 3246 3245 3239
f 3249 3247 3245
f 3245 3241 3249
f 3244 3248 3249
f 3249 3248 3247
f 3253 3250 3256
f 3256 3250 3265
f 3253 3256 3260
f 3251 3237 3253
f 3252 3237 3251
f 3251 2528 3252
f 2527 2528 3251
f 3251 3253 3254
f 3260 3254 3253
f 3257 3260 3256
f 3258 3256 3262
f 3257 3256 3258
f 3256 3265 3262
f 3259 3260 3257
f 3254 3260 3337
f 3337 3260 3259
f 3262 3265 3261
f 3261 3265 3264
f 3261 3263 3262
f 4614 3263 3261
f 3263 3258 3262
f 4612 3263 4614
f 3250 3247 3265
f 3247 3248 3265
f 3264 3265 3248
f 3266 3261 3264
f 3248 3244 3264
f 3244 3266 3264
f 3261 3266 4543
f 3270 2431 2429
f 3268 3269 3272
f 3270 3272 3269
f 3267 3268 3272
f 3272 4544 3267
f 3271 3267 4544
f 3273 2439 2476
f 3273 2476 3270
f 3270 2429 3273
f 3274 3279 2911
f 2910 3274 2911
f 3275 2910 665
f 3275 3274 2910
f 3274 3275 3278
f 3279 3274 3278
f 3275 3277 3278
f 3276 3277 3275
f 3277 3317 3278
f 3280 3279 3281
f 3282 3281 3279
f 3281 3282 3292
f 3279 3287 3282
f 3279 3278 3286
f 3277 3320 3317
f 3276 3320 3277
f 3283 2905 3285
f 3285 3290 3283
f 657 3284 676
f 676 3284 3291
f 3284 3289 3291
f 3289 3284 2905
f 3290 3285 3281
f 3285 3280 3281
f 3281 3292 3290
f 3282 3287 3295
f 3292 3282 3295
f 3295 3287 3299
f 3286 3287 3279
f 3317 3286 3278
f 3317 3296 3286
f 3296 3316 3288
f 3299 3287 3300
f 3288 3300 3287
f 3316 3300 3288
f 3296 3288 3286
f 3286 3288 3287
f 2905 3283 3289
f 3283 3290 3289
f 3289 3290 675
f 3289 675 3291
f 3290 3298 675
f 3298 3290 3293
f 3290 3292 3293
f 3295 3294 3292
f 3292 3294 3293
f 3293 3302 3298
f 3298 3302 3304
f 3293 3294 3302
f 3295 3299 3301
f 3318 3316 3296
f 3296 3317 3319
f 675 3298 674
f 674 3328 3297
f 3301 3294 3295
f 3301 3302 3294
f 3299 3300 3301
f 3310 7929 3302
f 3310 3302 3301
f 3302 3303 3304
f 3302 7929 3303
f 7929 152 3303
f 3303 152 3304
f 3304 3328 674
f 3298 3304 674
f 449 503 497
f 497 503 498
f 503 504 512
f 503 449 504
f 152 3306 3305
f 3306 3307 3305
f 3307 148 3305
f 148 3307 3888
f 3307 3306 3308
f 3309 3308 3306
f 3310 3309 3306
f 3306 7929 3310
f 3312 3310 3311
f 3310 3312 3309
f 3310 3300 3311
f 3310 3301 3300
f 3315 3311 3300
f 3308 3312 3889
f 3312 3890 3889
f 3890 3312 3313
f 3311 3313 3312
f 3894 3313 3314
f 3315 7531 3311
f 3315 3316 4439
f 3315 3300 3316
f 3319 3318 3296
f 3318 3319 4777
f 4777 4775 3318
f 3320 3319 3317
f 3323 3276 665
f 3275 665 3276
f 665 3322 3323
f 665 667 3321
f 3321 3324 665
f 3324 3322 665
f 3323 3322 4780
f 669 3325 667
f 667 3325 3321
f 3325 669 3326
f 667 511 669
f 669 4793 3326
f 3326 3321 3325
f 3327 519 668
f 3327 668 509
f 137 133 3330
f 136 3330 133
f 3330 375 137
f 375 356 137
f 2527 3251 3331
f 3336 3254 3255
f 3336 3331 3254
f 3331 3251 3254
f 2064 3331 3332
f 3333 2064 3332
f 3334 2069 3333
f 3335 3334 3333
f 3333 3339 3335
f 3332 3339 3333
f 3335 3339 3340
f 3332 3331 3336
f 3255 3254 3337
f 3338 3336 3337
f 3336 3255 3337
f 3341 3338 3337
f 3341 3337 3343
f 3343 3337 3259
f 3341 3356 3338
f 3338 3339 3332
f 3338 3332 3336
f 3347 3340 3345
f 3339 3345 3340
f 3338 3356 3345
f 4645 3343 3259
f 4647 3343 4645
f 4647 4645 4646
f 3344 3341 4648
f 3356 3341 3344
f 4657 3344 4648
f 3354 3356 3344
f 3347 3335 3340
f 3335 3347 3348
f 3347 3345 3346
f 3345 3356 3346
f 3346 3349 3347
f 3348 3347 3349
f 3349 3346 3350
f 3357 3350 3351
f 3355 3353 3350
f 3351 3350 3352
f 3352 3350 3353
f 4521 3353 3355
f 4521 3355 3354
f 3355 3356 3354
f 3355 3350 3346
f 3346 3356 3355
f 3339 3338 3345
f 3335 3360 3334
f 2070 2071 3370
f 3363 3370 2071
f 2071 3334 3360
f 3357 3349 3350
f 3349 3362 3348
f 3358 3362 3349
f 3349 3357 3358
f 3358 3359 3384
f 4513 3359 3358
f 3383 3384 3359
f 3362 3358 3384
f 3335 3348 3360
f 3360 3361 2071
f 3363 2071 3361
f 3361 3360 3348
f 3361 3348 3362
f 3386 3361 3362
f 3364 3363 3361
f 3365 2070 3370
f 3365 2068 2070
f 2068 3366 2066
f 3365 3367 3366
f 3366 2068 3365
f 3367 3369 3368
f 3364 3370 3363
f 3364 3371 3370
f 3370 3371 3367
f 3367 3371 3369
f 3369 3371 3372
f 3380 3377 3373
f 3380 3373 3374
f 3373 3372 3374
f 3376 3375 3373
f 3373 3375 2197
f 3376 2043 3375
f 3378 3376 3373
f 3377 3378 3373
f 3372 3371 3374
f 3371 3364 3374
f 3385 3374 3364
f 3374 3385 3380
f 4502 3378 3377
f 2194 3378 4502
f 3380 3379 3377
f 3377 3379 3381
f 3381 4502 3377
f 4502 3381 2193
f 2193 3381 4506
f 4506 3382 2193
f 4505 2041 3382
f 2042 4505 4503
f 3382 4506 4505
f 4506 3381 4507
f 3383 3379 3380
f 3383 3380 3385
f 3379 3383 4511
f 4511 3383 3359
f 3385 3364 3386
f 3385 3386 3383
f 3386 3384 3383
f 3384 3386 3362
f 3361 3386 3364
f 3367 3365 3370
f 2736 2737 2775
f 2775 2734 2735
f 2724 2721 2722
f 1661 1658 1660
f 1661 1887 1658
f 1663 1662 1659
f 1662 3387 1659
f 3398 3387 3389
f 1662 1663 3387
f 3388 3387 1663
f 3409 1663 3410
f 3388 1663 3409
f 3387 3388 3389
f 3400 3389 3388
f 3397 3389 3396
f 3389 3397 3398
f 3392 1884 1887
f 3392 3399 3391
f 3392 3391 3390
f 3394 1885 3391
f 3394 3405 1885
f 3405 3395 1885
f 3395 2815 1885
f 3395 3405 3464
f 3394 3393 3396
f 3396 3405 3394
f 3405 3396 3404
f 3396 3393 3397
f 1887 1661 3398
f 1887 3398 3399
f 3392 1887 3399
f 3398 3397 3399
f 3399 3397 3393
f 3391 3399 3393
f 3393 3394 3391
f 3400 3396 3389
f 3388 3409 3402
f 3401 3402 3409
f 3403 3388 3402
f 3404 3396 3400
f 3408 3403 3402
f 3408 3434 3403
f 3404 3400 3403
f 3403 3400 3388
f 3406 3404 3403
f 3407 3425 3404
f 3405 3404 3425
f 3427 3407 3404
f 3427 3404 3406
f 3427 3406 3426
f 3408 3402 3401
f 7453 3408 3401
f 1663 1664 3410
f 3410 1664 3442
f 3401 3409 3410
f 1665 3411 8502
f 3412 3411 3419
f 8502 3411 3412
f 3419 3411 1666
f 3416 3419 1666
f 3411 1665 1666
f 1666 1665 1645
f 1666 1644 1670
f 1666 1670 3415
f 3415 3416 1666
f 3413 1671 3422
f 3413 3422 3414
f 3415 3413 3417
f 3415 3417 3416
f 3419 3416 3417
f 3417 3418 3421
f 3413 3418 3417
f 3421 3419 3417
f 3420 3412 3419
f 3419 3421 3420
f 3418 3444 3421
f 3443 3444 3418
f 3413 3414 3418
f 3422 3452 3451
f 3422 3453 3452
f 3422 3423 3453
f 3423 3424 3453
f 3424 3423 1669
f 1669 3459 3424
f 3406 3431 3426
f 3432 3427 3433
f 3427 3426 3433
f 3432 3428 3427
f 3430 3429 3432
f 3429 3428 3432
f 3429 3430 2884
f 3433 3430 3432
f 3430 3433 2883
f 3431 3433 3426
f 3433 3431 3439
f 3434 3431 3406
f 3434 3406 3403
f 3431 3434 3408
f 3431 3408 3435
f 7453 3435 3408
f 3437 3436 3435
f 3436 3437 3440
f 3439 3436 3440
f 3435 7453 3441
f 3437 3435 3441
f 3437 3438 3440
f 4495 3437 5274
f 3437 4495 3438
f 4495 3440 3438
f 3437 3441 5275
f 7453 3401 3441
f 3410 3442 3401
f 5276 7738 3401
f 3442 5276 3401
f 8502 5276 3442
f 3420 8502 3412
f 8502 3420 7738
f 3420 3421 3445
f 3418 3414 3448
f 5271 3418 3448
f 3418 5271 3443
f 3443 5264 3444
f 3421 3444 3445
f 5273 3445 3444
f 3444 5266 5273
f 3443 3446 5264
f 3446 3443 5271
f 3447 3446 5271
f 3414 6253 3448
f 6253 3414 3449
f 3450 3449 3414
f 3451 3450 3414
f 3414 3422 3451
f 3454 3459 1672
f 3454 1672 1674
f 1672 8503 1674
f 3454 1674 1682
f 3459 3454 3458
f 1680 3462 3461
f 1680 1681 3462
f 3462 1681 5843
f 3455 3462 5843
f 3456 3461 5841
f 5840 1682 1680
f 1682 5840 3460
f 5837 1682 3460
f 3454 1682 5837
f 3458 3454 3457
f 3458 3457 7897
f 7897 3459 3458
f 5837 3457 3454
f 5840 1680 3456
f 3456 1680 3461
f 3461 3462 6312
f 3455 6312 3462
f 3425 3464 3405
f 3463 2816 3395
f 3463 3395 3464
f 2851 3463 3465
f 2851 2816 3463
f 2851 2817 2816
f 2832 2817 2851
f 3391 1885 3390
f 3464 3425 3407
f 3428 3464 3407
f 3427 3428 3407
f 3430 2881 2884
f 2855 3428 3429
f 3463 3428 2855
f 3463 2855 3465
f 3428 3463 3464
f 2852 2851 3465
f 2763 2745 2760
f 2807 2800 2798
f 2807 2762 2800
f 2827 2826 2813
f 3466 2813 2826
f 3466 2826 2812
f 2828 2827 2813
f 2826 2810 2812
f 2281 3467 2322
f 2672 2681 2669
f 2682 2669 2681
f 3495 2684 3468
f 3468 2684 3470
f 3468 3470 3471
f 3469 3468 3471
f 3468 3469 3497
f 3472 3471 3470
f 3470 2685 3472
f 2687 2688 2685
f 3473 3472 2685
f 2685 2688 3473
f 3476 3474 2688
f 2688 3474 3473
f 3477 3474 3476
f 3520 3474 3477
f 3475 3474 3520
f 3476 3478 3477
f 3477 3478 3481
f 3519 3477 3481
f 3481 3478 3479
f 3478 3480 3479
f 3478 2691 3480
f 3525 3481 3479
f 3483 3480 3482
f 2691 3482 3480
f 2698 2699 3482
f 3484 3483 2697
f 3482 2699 3483
f 2697 2707 2710
f 2710 3484 2697
f 2710 3485 3484
f 3483 3484 3480
f 3484 3485 3480
f 3485 3528 3480
f 2711 2710 2709
f 3487 2711 2709
f 2711 3487 3488
f 2708 3488 3487
f 3489 3486 3490
f 3486 3491 3490
f 3489 3490 5499
f 2710 2711 3485
f 3485 2711 2712
f 3534 3485 2712
f 3485 3534 3535
f 3533 2712 3489
f 3490 4274 5499
f 4274 3490 5498
f 3486 3488 3491
f 3488 3494 3492
f 2705 3494 2708
f 2705 3493 3494
f 2703 3493 2705
f 3495 2669 2682
f 3497 3495 3468
f 3497 3496 3495
f 3496 3497 1562
f 1471 3499 3498
f 3500 1553 3501
f 3501 1553 2666
f 3499 1553 3500
f 3498 3499 3503
f 3499 3500 3503
f 3504 3498 3503
f 3504 3503 3508
f 3500 3501 3503
f 2667 3501 2666
f 3502 3501 2667
f 1591 3504 3508
f 1591 3508 1592
f 3508 3505 1592
f 1592 3505 3506
f 3506 3505 4249
f 1593 3506 1595
f 3502 3503 3501
f 3503 4250 3508
f 3503 3502 4250
f 3471 2668 3469
f 3510 2668 3471
f 3471 3472 3510
f 3511 3472 3473
f 2667 3510 3512
f 3510 3472 3511
f 3510 3511 3512
f 3511 3515 3514
f 3502 2667 3512
f 3502 3512 3513
f 3514 3513 3512
f 3512 3511 3514
f 3511 3475 3515
f 3511 3473 3474
f 3511 3474 3475
f 3514 3515 3517
f 3514 3517 3513
f 3515 3475 3516
f 3516 3517 3515
f 3516 3518 4256
f 3518 3516 3475
f 3477 3519 3520
f 3519 4260 3521
f 3522 3525 3479
f 3522 3528 3523
f 3524 3526 3522
f 3525 3522 3526
f 3525 3519 3481
f 3522 3523 3524
f 3524 3523 3527
f 3523 5872 3527
f 5872 3523 3536
f 3536 3523 3528
f 3480 3528 3479
f 3535 3528 3485
f 3522 3479 3528
f 3536 3530 3531
f 3530 3532 3529
f 3531 3530 3529
f 3529 3532 4268
f 3533 4268 3532
f 3489 5499 3533
f 2712 3533 3534
f 3534 3533 3532
f 3528 3535 3536
f 3535 3530 3536
f 3534 3530 3535
f 3532 3530 3534
f 2833 3537 2822
f 3538 3190 2849
f 3189 3538 3539
f 3540 3539 3538
f 3538 2849 3540
f 2849 2835 3541
f 3540 2849 3541
f 3539 3540 3541
f 3541 3542 2858
f 3654 2858 2859
f 3543 2847 3181
f 1141 3544 1143
f 2941 1141 1140
f 1141 2941 3544
f 2942 2941 1140
f 3545 3548 2942
f 3545 2942 3549
f 1139 3549 2942
f 3549 3559 3545
f 3548 3546 2942
f 3576 2939 3546
f 3576 2937 2938
f 3547 3576 3073
f 2937 3576 3547
f 3548 3073 3546
f 3559 3549 1139
f 3554 3559 1139
f 3554 3565 3559
f 1139 3550 3554
f 3552 3550 1138
f 3550 3552 3551
f 3554 3550 3551
f 3552 3553 3551
f 3553 3555 3551
f 3567 3551 3555
f 3552 3555 3553
f 3555 3552 3556
f 3556 3953 3555
f 3575 3556 1021
f 3575 3953 3556
f 3575 1021 3558
f 1204 3558 1203
f 3558 3557 3575
f 3588 3558 3587
f 1192 1200 1198
f 3545 3559 3548
f 3559 3560 3548
f 3054 3560 3561
f 3561 3070 3054
f 3560 3563 3561
f 3562 3563 3560
f 3560 3559 3562
f 3559 3565 3562
f 3563 3562 3564
f 3566 3565 3554
f 3564 3562 3570
f 3581 3564 3570
f 3580 3564 3581
f 3571 3581 3570
f 3562 3565 3570
f 3566 3570 3565
f 3566 3554 3551
f 3566 3551 3568
f 3551 3567 3568
f 3555 3953 3567
f 3569 3567 3953
f 3568 3567 3566
f 3566 3567 3570
f 3569 3570 3567
f 3571 3570 3569
f 3581 3582 3580
f 3572 3571 3584
f 3581 3571 3572
f 3583 3572 3584
f 3573 3584 3571
f 3574 3573 3571
f 3574 3571 4096
f 3571 3569 4096
f 2938 2939 3576
f 3576 3546 3073
f 3564 3578 3577
f 3564 3644 3578
f 3578 3069 3577
f 3644 3579 3578
f 3069 3578 3067
f 3580 3644 3564
f 3583 3650 3582
f 3581 3583 3582
f 3583 3581 3572
f 3584 4098 3583
f 4017 3574 4096
f 3585 4017 4096
f 3569 3953 3586
f 3575 3557 3953
f 3588 3557 3558
f 3587 3558 1204
f 3589 3587 1204
f 3591 1209 1210
f 3592 1209 3591
f 1209 3592 3589
f 3590 3591 1243
f 1245 3593 1243
f 1243 3593 3590
f 3587 3589 3592
f 3590 3592 3591
f 3942 3590 3593
f 3942 3592 3590
f 3596 3593 1245
f 1247 1245 1244
f 3594 1248 3598
f 3594 3598 3597
f 3595 3594 3597
f 3596 3594 3948
f 3594 1245 1247
f 3594 3596 1245
f 3942 3593 3596
f 3596 3948 3942
f 3595 3948 3594
f 3598 1248 3599
f 1246 1248 1247
f 1248 1246 1250
f 3962 3598 3599
f 3599 1248 3600
f 3600 1248 1250
f 3600 1250 1251
f 1251 1250 1249
f 3604 3600 1251
f 1251 3613 3604
f 3601 3599 3600
f 3603 3601 3600
f 3601 3603 3602
f 3603 3600 3607
f 3600 3604 3607
f 3604 3613 3608
f 3605 3607 3604
f 3607 3606 3603
f 3606 3607 3967
f 3605 3968 3607
f 3604 3608 3605
f 3610 3608 3609
f 3610 3609 3611
f 3610 3611 3612
f 3611 3614 3612
f 3614 3615 3612
f 3621 3610 3612
f 3613 1252 3629
f 3629 3608 3613
f 3629 3609 3608
f 3609 3629 3611
f 3611 3630 3614
f 3617 3616 3612
f 3615 3617 3612
f 3617 3615 3619
f 3619 3615 3618
f 3610 3621 3968
f 3605 3608 3610
f 3968 3605 3610
f 3616 3621 3612
f 3620 3616 3617
f 3617 3986 3620
f 3618 3622 3619
f 3622 3623 3619
f 3974 3619 3623
f 3623 3622 3976
f 3976 3975 3623
f 5028 3976 3622
f 3614 3618 3615
f 3624 3618 3614
f 3614 3625 3624
f 3626 3624 3625
f 5028 3624 3626
f 3622 3618 3624
f 3628 3625 3614
f 5031 3626 3627
f 3627 3626 3625
f 3625 3628 3627
f 3628 5070 3627
f 3628 3631 5070
f 3631 3628 3614
f 3614 3630 3631
f 3611 3629 3630
f 1253 3630 3629
f 3630 1253 3631
f 1254 3631 1253
f 1257 1255 3632
f 3643 1257 3632
f 3632 3633 3634
f 3634 3633 3638
f 3634 3638 3635
f 3636 3642 3635
f 3635 3642 3640
f 3635 3637 3636
f 3637 5120 3636
f 3635 3639 3637
f 3639 3635 3638
f 3637 3639 5120
f 3640 3634 3635
f 3634 3643 3632
f 3643 1254 1257
f 3643 3634 3640
f 5070 3640 3642
f 3640 5070 3631
f 3640 3631 3643
f 3643 3631 1254
f 3644 3580 3582
f 3578 3579 3068
f 3066 3647 3651
f 3068 3647 3066
f 3650 3644 3582
f 3645 3646 3068
f 3645 3068 3579
f 3068 3646 3647
f 3646 4116 3647
f 3645 3649 3648
f 3649 3650 3648
f 3649 3644 3650
f 3650 4113 3648
f 3645 3648 4102
f 3652 3651 3647
f 3169 3063 3065
f 3186 3187 3188
f 3187 3538 3188
f 3653 3189 3539
f 3539 3541 3653
f 3541 3671 3653
f 3654 3541 2858
f 3671 3655 3656
f 3656 3657 3671
f 3656 3673 3657
f 3656 3674 3673
f 3656 3655 2869
f 2874 3656 2872
f 2874 3674 3656
f 3674 2874 3669
f 3669 3184 3674
f 3853 3668 3658
f 2875 3853 3658
f 3660 3659 2873
f 3660 2873 3663
f 3664 3660 3663
f 3858 3855 3860
f 3858 2876 3855
f 3663 2876 3858
f 3858 3661 3663
f 1098 3661 1103
f 1104 1098 1103
f 1098 4015 3661
f 3661 4015 3662
f 3664 3663 3661
f 3662 3664 3661
f 4015 3666 3662
f 3665 1107 4015
f 1106 3666 4015
f 1107 1106 4015
f 1112 3666 1106
f 1259 1116 3670
f 3668 3853 3667
f 3667 1259 3668
f 3183 3668 1259
f 3670 3183 1259
f 3658 3668 3183
f 3670 1149 1148
f 3658 3183 3184
f 3670 1151 3183
f 1151 3670 1148
f 3657 3189 3653
f 3654 3671 3541
f 3654 3655 3671
f 3657 3673 3189
f 3184 3673 3672
f 1150 3673 3184
f 3674 3184 3672
f 3672 3673 3674
f 3675 356 349
f 234 233 236
f 596 3716 3714
f 307 3676 310
f 307 311 3676
f 312 3676 311
f 3676 596 310
f 596 3676 3716
f 312 3677 3676
f 3677 3716 3676
f 3678 3677 312
f 3678 3803 3677
f 3679 3677 3803
f 3717 3716 3677
f 3679 3717 3677
f 3686 3679 3803
f 3680 3681 3679
f 3679 3681 3717
f 3717 3681 3718
f 3681 3680 3682
f 3681 3682 3683
f 3680 3763 3682
f 3679 3684 3680
f 3742 3763 3680
f 3686 3684 3679
f 3690 3804 3685
f 3690 3686 3804
f 3686 3690 3684
f 3690 3685 3688
f 3688 3685 3687
f 3688 3687 3689
f 3687 6251 3689
f 3688 3722 3690
f 3722 3688 3689
f 3691 3722 3689
f 3689 3693 3691
f 3692 3689 6251
f 3691 3693 3698
f 3693 3689 3692
f 3694 3698 3693
f 3693 3692 3694
f 3695 3700 3692
f 3692 3696 3694
f 3697 3696 3703
f 3696 3692 3700
f 6251 3695 3692
f 3702 3696 3700
f 3696 3746 3694
f 3694 3746 3698
f 3699 3698 3745
f 3746 3696 3697
f 3697 3748 3746
f 3696 3702 3703
f 3695 3687 3808
f 3695 6251 3687
f 3805 3806 3687
f 3808 3687 3806
f 3700 3695 3808
f 3700 3701 3702
f 3701 3700 326
f 3703 3702 3701
f 3701 6258 3703
f 328 3701 326
f 326 3700 3808
f 324 326 3808
f 329 328 326
f 328 3704 6258
f 3707 3705 330
f 3777 325 323
f 3706 325 3777
f 3777 3755 3706
f 3707 330 3706
f 3709 3705 3707
f 3707 3706 3754
f 3707 3754 3708
f 3708 3712 3707
f 3707 3712 3709
f 3709 3711 3705
f 3711 3710 3705
f 3712 3708 3711
f 3709 3712 3711
f 3714 3713 597
f 3714 3715 3713
f 3723 3715 3714
f 3714 3716 3723
f 3716 3717 3723
f 3723 3717 3718
f 3736 3718 3681
f 3682 3721 3683
f 3683 3736 3681
f 3682 3763 3721
f 3742 3680 3684
f 3722 3684 3690
f 3743 3742 3684
f 3743 3684 3722
f 3691 3743 3722
f 597 3713 3726
f 3715 3723 3733
f 3718 3733 3723
f 3724 3733 3718
f 3724 3718 3736
f 3733 3725 3715
f 3725 3726 3715
f 3726 3713 3715
f 3725 3732 3726
f 3725 3733 3727
f 3726 3728 597
f 3728 3726 3729
f 3726 608 3729
f 3728 3729 606
f 3731 3728 606
f 606 605 3731
f 3732 3725 3727
f 3732 3727 3781
f 3733 3735 3727
f 3733 3724 3734
f 3737 3734 3724
f 3735 3734 3737
f 3735 3733 3734
f 3737 3782 3735
f 3736 3737 3724
f 3719 3737 3683
f 3683 3737 3736
f 3719 3760 3737
f 3738 3758 3760
f 3760 3719 3738
f 3739 3738 3719
f 3740 3739 3719
f 3764 3739 3740
f 3764 3740 3762
f 3719 3720 3740
f 3720 3719 3683
f 3721 3720 3683
f 3742 3741 3763
f 7830 3741 3742
f 3742 3691 3744
f 3743 3691 3742
f 3744 7830 3742
f 3698 3744 3691
f 3698 3699 3744
f 3745 3698 3746
f 3745 3746 3769
f 3746 3749 3769
f 3745 3766 3699
f 3699 7830 3744
f 7830 3699 3766
f 3748 3749 3746
f 3703 3747 3697
f 3748 3697 3747
f 3748 3750 3749
f 3772 3750 3748
f 3751 3748 3747
f 3747 6258 3752
f 3703 6258 3747
f 6258 3701 328
f 3704 3752 6258
f 3752 3704 3753
f 3753 3704 329
f 3753 5799 3752
f 329 3710 3753
f 3711 3708 3710
f 3774 3754 3706
f 333 3756 331
f 6253 332 390
f 3756 332 6253
f 6253 390 3448
f 390 5270 3448
f 5270 390 391
f 3726 3757 608
f 3757 3726 3732
f 3757 3732 3781
f 3760 3782 3737
f 3760 3783 3782
f 3758 3738 3739
f 3758 3739 3793
f 3793 3759 3758
f 3784 3760 3758
f 3788 3784 3758
f 3758 3759 3788
f 3761 3759 3790
f 3759 3793 3790
f 3792 3790 3793
f 3721 3740 3720
f 3762 3765 3764
f 3797 3764 3765
f 3740 3763 3762
f 3763 3740 3721
f 3765 3762 3763
f 3765 3767 3797
f 3765 3763 3741
f 7830 3765 3741
f 7830 3767 3765
f 7830 3766 3767
f 3745 3769 3766
f 3769 3770 3767
f 3769 3767 3766
f 3767 3770 3795
f 3770 3768 3795
f 3794 3795 3768
f 3749 3770 3769
f 3748 3751 3772
f 3751 5798 3771
f 3751 3771 3772
f 3751 3747 5799
f 3747 3752 5799
f 3753 3710 5799
f 3754 5800 3708
f 3708 5800 3710
f 3774 3706 3755
f 3755 5801 3774
f 6252 3755 3777
f 3775 323 331
f 3756 6253 3776
f 3776 6253 6252
f 3776 3777 323
f 3776 323 3775
f 6252 3777 3776
f 613 609 3757
f 614 613 3778
f 3779 3850 3778
f 615 3778 3850
f 3850 3823 615
f 615 3823 3826
f 3780 3779 3778
f 613 3780 3778
f 613 3781 3780
f 3757 3781 613
f 3781 3735 3782
f 3735 3781 3727
f 3782 3783 3812
f 3784 3783 3760
f 3788 3785 3784
f 3784 3786 3783
f 3784 3785 3786
f 3783 3786 3812
f 3786 3787 3851
f 3785 3814 3786
f 3814 3785 3816
f 3761 3818 3759
f 3818 3761 3789
f 3790 3789 3761
f 3790 3792 3791
f 3790 3820 3789
f 5715 3820 3790
f 3791 5715 3790
f 3801 3792 3793
f 3801 3793 3739
f 3739 3764 3801
f 3796 3797 3767
f 5796 5707 3795
f 3795 5707 3767
f 5706 3796 3767
f 3799 3764 3797
f 3796 3799 3797
f 3798 3799 3796
f 3796 5704 3798
f 5706 5704 3796
f 5706 3767 5707
f 3821 3799 3798
f 3798 5704 5703
f 3800 3801 3764
f 3801 3800 3792
f 3804 3678 3802
f 5702 3802 5701
f 5702 3804 3802
f 3803 3804 3686
f 3685 3804 5702
f 5702 3805 3685
f 321 3805 5702
f 3685 3805 3687
f 3808 3806 3807
f 321 3806 3805
f 322 3806 321
f 322 3807 3806
f 322 324 3808
f 322 3808 3807
f 600 592 591
f 587 3810 3809
f 3810 3811 3809
f 618 3811 3810
f 621 3809 584
f 3811 584 3809
f 621 584 583
f 3782 3812 3813
f 3781 3782 3780
f 3782 3779 3780
f 3813 3779 3782
f 3852 3779 3813
f 3786 3851 3812
f 3812 3851 3813
f 3851 3787 3815
f 3814 3787 3786
f 3816 3817 3847
f 3785 3788 3817
f 3785 3817 3816
f 3759 3818 3788
f 3789 3819 3818
f 3820 5715 5717
f 3800 3791 3792
f 3821 3800 3764
f 3821 3764 3799
f 3798 5703 3821
f 3821 3822 3800
f 5703 3822 3821
f 3822 3791 3800
f 3779 3852 3848
f 582 615 3826
f 3825 3824 3833
f 580 620 3824
f 3830 3832 3826
f 3823 3850 3830
f 3830 3850 3828
f 3828 3848 3827
f 3827 3842 3828
f 3828 3842 3829
f 3828 3829 3830
f 3823 3830 3826
f 3832 3837 3833
f 3831 3837 3832
f 3825 3833 3835
f 3833 3834 3835
f 3834 3833 3837
f 3824 3825 3835
f 3824 3835 579
f 3836 575 577
f 3836 579 5761
f 3835 5761 579
f 5756 3835 3834
f 3834 3837 3838
f 3834 3838 5756
f 3829 3831 3830
f 3832 3830 3831
f 3829 3837 3831
f 3837 3829 3838
f 3829 3842 3838
f 3849 3840 3827
f 3827 3815 3849
f 3840 3843 3827
f 3839 3840 3849
f 3843 3840 3844
f 3842 3827 5758
f 3842 3841 3838
f 3838 3841 5763
f 5758 3827 3843
f 3845 3844 3840
f 5720 3845 3846
f 3845 5729 3844
f 3846 3845 3839
f 3845 3840 3839
f 3847 3846 3839
f 3815 3827 3848
f 3828 3850 3848
f 3850 3779 3848
f 3848 3851 3815
f 3813 3851 3852
f 3848 3852 3851
f 1116 1260 3670
f 1260 1149 3670
f 3662 3666 3664
f 3660 3664 3666
f 3667 3659 1115
f 3853 3659 3667
f 3653 3671 3657
f 3669 3658 3184
f 3659 3666 1115
f 3666 3659 3660
f 1115 3666 1112
f 2877 2867 2878
f 2868 2877 2871
f 3855 2877 2878
f 3861 4234 2878
f 2878 2867 3862
f 3862 3861 2878
f 3854 2878 4234
f 3855 3854 3869
f 3855 2878 3854
f 3869 3856 3855
f 3859 3855 3856
f 3859 3856 3857
f 3859 3860 3855
f 1100 3858 3860
f 3859 1100 3860
f 2866 3863 3862
f 2865 3872 2879
f 3872 3873 3909
f 2883 3864 2882
f 2882 3864 3868
f 3868 3865 2882
f 2882 3865 4489
f 3872 4489 3865
f 3867 3866 3876
f 3865 3868 3866
f 3876 3868 4490
f 4490 4492 3876
f 3864 3433 3868
f 3864 2883 3433
f 3856 3901 3857
f 4234 3869 3854
f 4232 4234 3861
f 3870 4232 3861
f 3880 4232 3870
f 3880 4233 4232
f 3880 3877 4240
f 3877 3880 3870
f 3878 3870 3861
f 3862 3878 3861
f 3862 3863 3909
f 3871 3878 3862
f 3871 3862 3909
f 3871 3909 3879
f 3873 3879 3909
f 3872 3865 3873
f 3866 3874 3865
f 3875 3866 3867
f 3866 3875 3874
f 3876 4491 3867
f 4491 4239 3867
f 3866 3868 3876
f 3870 3878 3877
f 3871 3874 3877
f 3871 3877 3878
f 3879 3873 3865
f 3879 3865 3874
f 3871 3879 3874
f 3875 3877 3874
f 3880 4240 4497
f 3867 4497 4240
f 4497 3867 4239
f 4497 4235 3897
f 381 3897 379
f 381 3883 3897
f 3897 3883 3881
f 3883 4498 3881
f 381 380 3884
f 358 3885 377
f 358 3882 3885
f 3885 3882 3886
f 3886 377 3885
f 3886 3884 377
f 3883 381 5178
f 5178 381 3884
f 3886 3882 3887
f 5182 3887 147
f 148 5182 147
f 3888 3307 3308
f 3309 3312 3308
f 3890 5180 3889
f 4499 3890 3313
f 4499 5179 3890
f 3313 3894 4499
f 3314 3313 3891
f 3891 3892 3314
f 7531 3891 3313
f 3893 3314 3892
f 3314 3893 3894
f 3893 4442 3894
f 3898 3896 3894
f 3894 4442 3898
f 3895 4442 3893
f 3891 3895 3892
f 3895 3893 3892
f 4499 3894 3881
f 4498 4499 3881
f 3894 3896 3881
f 3881 3896 3897
f 3896 3900 3897
f 3896 3899 3900
f 3898 3899 3896
f 4233 3900 3899
f 3898 4233 3899
f 3901 3898 4442
f 3857 3902 3859
f 3902 3857 3901
f 1093 1094 3903
f 3903 1096 1093
f 3907 1093 1096
f 3907 1096 3905
f 3905 1096 3904
f 1096 3903 3904
f 3905 3904 3906
f 3905 3908 3907
f 3904 4438 3906
f 3908 3905 3906
f 3907 3908 4440
f 4427 1093 3907
f 4427 3907 4428
f 3872 3909 2879
f 3909 3863 2879
f 1193 1214 1195
f 1220 1217 1212
f 3910 3932 3933
f 3910 3911 3932
f 1213 1225 3911
f 1213 1224 1225
f 1225 3920 3911
f 3207 3213 3209
f 3208 3209 3213
f 3919 3207 3209
f 3919 3209 3913
f 3913 3209 3211
f 3211 3914 3913
f 3919 3913 3917
f 3913 3914 3917
f 5037 3914 3211
f 5037 3915 3914
f 3917 3914 3916
f 3923 3919 3917
f 3917 3918 3923
f 3917 3916 3918
f 7305 3207 3923
f 3920 1225 3912
f 3912 7305 3922
f 3930 3912 3922
f 3920 3912 3930
f 3911 3920 3932
f 3912 3921 7305
f 7305 3918 3922
f 7305 3923 3918
f 3923 3207 3919
f 3926 3924 3916
f 3924 3918 3916
f 3914 5035 3916
f 3915 5035 3914
f 3928 3926 3925
f 3926 3916 3925
f 3927 3928 5034
f 5034 3928 3925
f 7534 3928 3927
f 3926 3928 3929
f 7534 3929 3928
f 3926 3929 3924
f 3924 3929 7306
f 3930 7306 3929
f 3931 3930 3938
f 3938 3930 3929
f 3931 3932 3930
f 3932 3920 3930
f 3931 3933 3932
f 1238 1234 3933
f 1239 1238 3936
f 1239 3936 5026
f 3935 1239 5026
f 3935 5026 3934
f 3933 3936 1238
f 3933 3931 3936
f 3937 3936 3939
f 3939 3936 3931
f 3939 3931 3938
f 3939 3938 3941
f 3938 3929 3941
f 3941 3929 7534
f 3639 3941 7534
f 3639 3638 3941
f 3940 3638 3633
f 3633 3937 3940
f 3939 3941 3940
f 3940 3941 3638
f 1076 1020 3556
f 3592 3942 3944
f 3948 3943 3942
f 3943 3944 3942
f 3592 3944 3587
f 3946 3943 3949
f 3946 3944 3943
f 3587 3944 3588
f 3944 3557 3588
f 3945 3557 3944
f 3557 3945 3953
f 3945 3944 3946
f 3953 3945 3951
f 3946 3947 3945
f 3947 3946 3949
f 3949 3943 3948
f 3595 3956 3948
f 3947 3949 3955
f 3947 3955 3950
f 3951 3947 3950
f 3586 3951 3952
f 3951 3945 3947
f 3586 3953 3951
f 3569 3586 4096
f 3952 4096 3586
f 3954 3952 3950
f 3951 3950 3952
f 3950 4095 3954
f 3950 3955 4095
f 4094 3955 3956
f 3956 3955 3949
f 3948 3956 3949
f 3595 3597 3956
f 3597 3598 4094
f 3962 3957 3598
f 3602 3599 3601
f 3599 3602 3962
f 3962 3602 3964
f 3957 3962 3958
f 3958 3961 3959
f 3957 3958 3960
f 3959 3960 3958
f 3961 3958 3962
f 3964 3961 3962
f 3965 3602 3603
f 3967 3963 3606
f 3965 3603 3606
f 3966 3964 3965
f 3965 3963 3966
f 3963 3965 3606
f 3967 5025 3963
f 3621 3616 3971
f 3621 3971 3968
f 3970 3969 3971
f 3616 3620 3971
f 3971 3620 3970
f 3617 3985 3986
f 3984 3985 3972
f 3972 3985 3617
f 3984 3972 3973
f 3972 3619 3974
f 3617 3619 3972
f 3973 3972 3974
f 3623 3975 3974
f 3978 3974 3975
f 3978 3977 3974
f 3974 3983 3973
f 3979 3974 3977
f 3983 3974 3979
f 3980 3979 3977
f 3975 3976 3978
f 5071 3977 3978
f 5071 5073 3977
f 3980 3977 5073
f 3981 3979 3980
f 3981 3982 3979
f 3979 3982 3983
f 3973 3983 3988
f 3988 3984 3973
f 3984 3987 3985
f 4043 4038 3985
f 4038 3986 3985
f 3988 3987 3984
f 3985 3987 4046
f 3988 3983 3982
f 3982 3989 3988
f 3981 5133 3982
f 3992 3982 3990
f 3992 3989 3982
f 3989 3992 4045
f 5133 3990 3982
f 3990 5133 5137
f 3993 3992 3990
f 5138 3993 3990
f 3993 5138 3991
f 3993 3991 3994
f 3994 3991 4014
f 3994 4050 3993
f 3994 3995 4007
f 4007 4459 3994
f 4458 4459 4007
f 3997 4458 4007
f 3996 4458 3997
f 4001 4458 3996
f 3998 3999 3996
f 3996 3997 3998
f 3997 4006 3998
f 3999 3998 4002
f 3999 4001 3996
f 4000 4001 3999
f 3999 4054 4000
f 4054 3999 4002
f 4002 4053 4054
f 4002 4009 4003
f 4053 4002 4003
f 4004 4053 4003
f 4005 4003 7456
f 4003 7455 7456
f 4003 4009 7455
f 4009 4002 3998
f 4008 3998 4006
f 4006 3997 4007
f 4006 4007 3995
f 4009 3998 4008
f 4009 4010 7455
f 4009 4008 4010
f 7460 7455 4010
f 4008 4011 4010
f 4011 4012 4010
f 4006 4011 4008
f 4006 3995 4011
f 4014 3995 3994
f 4014 4011 3995
f 4013 4011 4014
f 7474 4012 7472
f 7472 4012 7473
f 4011 7473 4012
f 4011 4013 7473
f 3597 4094 3956
f 4016 3960 3959
f 3602 3965 3964
f 4020 3964 3966
f 4101 4017 4016
f 4099 4016 3959
f 4099 3961 3964
f 3964 4020 4099
f 4020 4022 4099
f 3967 3607 3971
f 3969 5025 3971
f 5025 3967 3971
f 5025 4018 3963
f 4019 3966 3963
f 4018 4019 3963
f 4019 4020 3966
f 4019 4021 4020
f 3959 3961 4099
f 4022 4020 4021
f 4023 4024 4021
f 4024 4026 4022
f 4024 4025 4026
f 4112 4025 4024
f 4023 4102 4024
f 4024 4102 4027
f 4112 4024 4027
f 4102 3648 4027
f 4021 4028 4023
f 4021 4019 4032
f 4029 4019 4018
f 4029 4018 4040
f 4040 4018 4031
f 4030 4018 5025
f 4029 4032 4019
f 4028 4021 4032
f 4103 4028 4033
f 4115 4023 4028
f 4028 4034 4033
f 4104 4103 4033
f 4028 4032 4034
f 4033 4034 4035
f 4029 4034 4032
f 4035 4034 4029
f 3969 4030 5025
f 4031 4018 4030
f 4031 4030 4039
f 4037 3969 3970
f 3969 4037 4030
f 4030 4037 4039
f 4036 4039 4037
f 4036 4037 4448
f 3970 3620 3986
f 3986 4038 3970
f 4448 4038 4043
f 4448 3970 4038
f 3970 4448 4037
f 4042 4039 4036
f 4039 4040 4031
f 4041 4039 4042
f 4448 4449 4036
f 4046 4043 3985
f 4048 4450 4043
f 4043 4044 4048
f 4044 4043 4046
f 3987 4045 4046
f 4045 3987 3988
f 4045 4049 4046
f 3989 4045 3988
f 4046 4049 4047
f 4046 4047 4044
f 4454 4048 4044
f 4455 4454 4044
f 4049 4045 3992
f 4049 3992 4734
f 3992 3993 4734
f 3994 4459 4050
f 4458 4001 4051
f 4000 4051 4001
f 4052 4051 4000
f 4056 4054 4055
f 4004 4055 4053
f 4054 4053 4055
f 4004 4003 4005
f 4057 4004 4058
f 4060 4004 4057
f 4060 4055 4004
f 4056 4055 4060
f 4060 4064 4056
f 4004 4005 4058
f 4088 4057 4058
f 4057 4059 4060
f 4056 4064 4062
f 4052 4000 4463
f 4061 4463 4000
f 4054 4061 4000
f 4056 4061 4054
f 4062 4471 4056
f 4056 4471 4061
f 4063 4062 4064
f 4062 4063 4066
f 4063 4064 4065
f 4060 4070 4064
f 4070 4060 4059
f 4065 4064 4070
f 4065 4076 4063
f 4076 6920 4063
f 6920 4066 4063
f 4069 4059 4067
f 4069 4070 4059
f 4069 4067 4087
f 4059 4057 4067
f 4088 4067 4057
f 4087 4067 4068
f 4067 4088 4068
f 4071 4069 4087
f 4071 4087 4086
f 4069 4071 4073
f 4070 4069 4074
f 6918 4065 4070
f 4065 6918 4076
f 4073 4074 4069
f 4073 4071 4072
f 6918 4070 4074
f 4092 4072 4071
f 4075 6918 4074
f 4076 6918 6919
f 4077 6918 4075
f 4075 4074 4078
f 4080 4074 4073
f 4080 4078 4074
f 4075 4078 4077
f 6915 4077 4078
f 7311 5023 4077
f 6915 7311 4077
f 6916 4082 4079
f 6915 4082 6916
f 4083 4084 4079
f 4083 4079 4082
f 4080 4082 4078
f 4072 4080 4073
f 4080 4072 4081
f 4081 4083 4082
f 4080 4081 4082
f 6924 4084 4083
f 4079 4084 6917
f 6926 6917 4084
f 6925 4084 6924
f 6924 4083 4085
f 4083 4081 4085
f 4086 4090 4092
f 4092 4071 4086
f 4089 4068 7338
f 4089 4087 4068
f 4089 7338 7339
f 4086 4087 4089
f 4090 4086 4089
f 4090 4089 7319
f 4091 4092 4090
f 4085 4081 4093
f 4093 4081 4072
f 4093 4072 4092
f 4094 3598 3957
f 3957 4095 4094
f 3955 4094 4095
f 4097 3954 4095
f 4097 3952 3954
f 4097 3585 3952
f 3585 4096 3952
f 3960 4095 3957
f 4097 4095 3960
f 4016 4097 3960
f 4097 4016 4017
f 4097 4017 3585
f 4101 3574 4017
f 3573 3574 4101
f 4101 3584 3573
f 4101 4098 3584
f 4016 4099 4101
f 4022 4100 4099
f 4100 4022 4026
f 4021 4024 4022
f 4100 4101 4099
f 4098 4101 4100
f 4028 4103 4115
f 4443 4103 3167
f 4104 3167 4103
f 4105 4472 3165
f 4472 4105 4106
f 4033 4105 4104
f 4107 4033 4035
f 4105 4107 4106
f 4107 4105 4033
f 4035 4108 4107
f 4106 4107 4108
f 4108 4110 4109
f 4108 4041 4110
f 4035 4041 4108
f 4041 4040 4039
f 4111 4040 4041
f 4035 4111 4041
f 4111 4035 4029
f 4040 4111 4029
f 4026 4098 4100
f 4098 4026 4025
f 4025 4112 4098
f 3583 4098 4112
f 4113 3650 3583
f 4112 4113 3583
f 4113 4112 3648
f 3648 4112 4027
f 3579 3644 3649
f 3579 3649 3645
f 4117 3168 3065
f 3155 3168 4114
f 3155 4114 3159
f 3167 3166 4443
f 4114 4443 3166
f 3168 4443 4114
f 3168 4117 4443
f 4443 4117 4116
f 4117 3652 4116
f 3652 3647 4116
f 4102 3646 3645
f 4102 4116 3646
f 4116 4102 4115
f 4115 4102 4023
f 4103 4443 4116
f 4115 4103 4116
f 2961 2957 2958
f 2961 2953 2957
f 3141 3180 3142
f 3180 3143 3142
f 3143 3177 3152
f 3172 3177 3143
f 3143 3180 3172
f 4119 4118 4122
f 4119 4122 4121
f 4120 2622 4119
f 4119 4121 4120
f 4120 4121 4132
f 4118 2596 4122
f 2307 2596 4118
f 2596 4123 4126
f 4127 4126 4123
f 4124 4125 4195
f 4125 4127 4123
f 2596 4126 4122
f 4125 4145 4127
f 4125 4124 4145
f 4124 4156 4145
f 4127 4145 4130
f 4121 4126 4127
f 4128 4127 4130
f 4127 4128 4121
f 4132 4121 4128
f 4132 4128 4129
f 4128 4130 4129
f 4131 4132 4129
f 4120 4132 4131
f 4131 4133 4120
f 4134 4135 4133
f 4143 4136 4135
f 4136 4143 4137
f 4138 4136 4137
f 4138 2612 2610
f 4138 4137 2612
f 2612 4137 4141
f 2650 4140 4142
f 4141 4142 4140
f 4141 4139 2612
f 4137 4142 4141
f 4142 4137 4221
f 4137 4143 4221
f 4135 4149 4143
f 4134 4149 4135
f 4143 4149 4224
f 4133 4131 4134
f 4129 4150 4131
f 4144 4150 4129
f 4129 4130 4144
f 4144 4130 4147
f 4145 4147 4130
f 4145 4156 4146
f 4146 4156 4154
f 4153 4146 4154
f 4153 4147 4146
f 4146 4147 4145
f 4150 4144 4148
f 4134 4131 4150
f 4149 4134 4150
f 4148 4225 4150
f 4151 4150 4225
f 4149 4150 4151
f 4148 4144 5454
f 4144 4147 4152
f 4152 5454 4144
f 4153 4152 4147
f 4156 4124 4155
f 4196 4155 4124
f 4196 4124 4195
f 4155 4196 4197
f 4156 4157 4154
f 4158 4154 4157
f 4157 4200 4158
f 4155 4157 4156
f 4200 4157 4198
f 4158 4200 4201
f 4154 4158 4159
f 4154 4159 4160
f 4153 4154 4160
f 4161 4163 4160
f 4159 4161 4160
f 4153 4160 4152
f 4159 4158 4162
f 4162 4158 4201
f 4161 4159 4162
f 4164 4166 4161
f 4163 4166 4165
f 4166 4163 4161
f 4166 4164 4204
f 5454 4152 4160
f 5454 4160 4163
f 4204 4167 4166
f 4164 4203 4204
f 4164 4161 4162
f 4203 4164 4162
f 4167 4168 4166
f 4173 4168 4169
f 4168 4173 4166
f 4167 4285 4170
f 4168 4167 4170
f 4171 4172 4169
f 4169 4168 4171
f 4168 4170 4171
f 4171 4170 4284
f 4171 4284 5498
f 3491 4172 4171
f 4172 4174 4169
f 3492 4172 3491
f 3491 3488 3492
f 4175 4173 4169
f 4177 4166 4173
f 4177 4165 4166
f 4177 4176 4165
f 4176 4225 4148
f 4177 4225 4176
f 4177 4173 4181
f 4175 4169 4174
f 4172 3492 4174
f 3494 4174 3492
f 3493 4174 3494
f 4220 4226 4178
f 4178 4226 4179
f 4180 4178 4179
f 2713 4178 3493
f 2703 2713 3493
f 4175 4181 4173
f 4182 4180 4181
f 4181 4180 4177
f 4178 4180 4182
f 4175 4182 4181
f 3493 4182 4175
f 4182 3493 4178
f 2642 2631 4193
f 4184 2631 2251
f 2630 4185 2248
f 2630 4187 2385
f 4187 2630 2629
f 2385 4186 2383
f 4191 2383 4186
f 4187 2629 2628
f 4187 4188 2385
f 2628 4188 4187
f 2385 4188 4186
f 4188 4191 4186
f 2899 4188 2628
f 4190 2898 4189
f 4188 2899 2898
f 2898 4190 4188
f 4189 2357 4190
f 2362 2354 2363
f 2363 2380 2362
f 4191 2362 2384
f 2384 2362 2380
f 2362 4191 4190
f 2641 2637 4183
f 4194 4183 2642
f 4193 4194 2642
f 4193 2631 4192
f 4192 2631 4184
f 4183 4194 2641
f 2641 4194 4208
f 4219 2641 2643
f 4195 2643 4196
f 4155 4197 4198
f 4155 4198 4157
f 4198 4288 5287
f 5287 4200 4198
f 4199 4200 5287
f 4200 4199 4201
f 4162 4201 4202
f 4201 4199 5301
f 4203 5304 4204
f 4203 4205 5304
f 5304 4205 5305
f 4203 4162 4202
f 4202 4205 4203
f 4198 4197 4288
f 4196 4206 4197
f 4196 2643 4207
f 4206 4196 4207
f 4197 4206 4288
f 4208 2643 2641
f 4207 2643 4208
f 4208 4194 4210
f 4208 4210 4211
f 4207 4208 4211
f 4207 4211 4206
f 4206 4209 4288
f 4206 2388 4209
f 4216 4206 4211
f 4193 4192 4214
f 4194 4212 4210
f 4194 4193 4212
f 4193 4214 4212
f 4212 4214 4215
f 4213 4217 4212
f 4212 4217 4210
f 4212 4215 4213
f 4214 4192 4184
f 4184 4185 4214
f 4215 4214 4185
f 4185 2630 4215
f 4213 4215 2386
f 4213 2386 2387
f 2386 2381 2387
f 4213 2387 4217
f 4211 4210 4217
f 4216 4218 2388
f 4217 4216 4211
f 4216 4217 4218
f 4217 2377 4218
f 4217 2387 2377
f 2377 2387 2381
f 4218 2377 2376
f 4121 4122 4126
f 4142 4221 4222
f 4222 2650 4142
f 2650 4222 4226
f 4220 2651 4226
f 2651 4220 2702
f 4222 4221 4223
f 4222 4179 4226
f 4179 4222 4223
f 4223 4221 4143
f 4224 4149 4151
f 4143 4224 4223
f 4224 4151 4223
f 4225 4177 4180
f 4180 4179 4225
f 4225 4179 4223
f 4223 4151 4225
f 4188 4190 4191
f 2120 2334 2336
f 4231 4227 2114
f 2222 4228 4229
f 4230 4228 2221
f 4229 2213 2222
f 4227 2221 2226
f 2120 4230 4231
f 4230 2221 4231
f 2221 4227 4231
f 2334 2120 2338
f 2336 4228 4230
f 2336 4230 2120
f 2336 4229 4228
f 2437 2436 3273
f 2433 2437 3273
f 3900 3880 4497
f 4233 3880 3900
f 3898 4232 4233
f 3901 4234 3898
f 3898 4234 4232
f 3901 3856 3869
f 3901 3869 4234
f 4239 4235 4497
f 4238 4491 393
f 393 4491 4493
f 4235 4237 4236
f 4239 4491 4238
f 4238 4235 4239
f 4235 4238 4237
f 4240 3877 3875
f 4240 3875 3867
f 1599 1468 1597
f 1594 1596 1597
f 1597 1596 1599
f 4242 1599 1596
f 1599 4243 1598
f 4243 1601 1598
f 4242 4243 1599
f 4244 4243 4242
f 4243 4244 1620
f 1620 4245 4246
f 4248 4246 4245
f 4322 4247 4246
f 4246 4241 4322
f 4248 4241 4246
f 4248 1596 4241
f 4320 4321 4241
f 4241 1593 1595
f 3507 1595 3506
f 4320 1595 3507
f 4241 1595 4320
f 4244 4242 4248
f 1596 4248 4242
f 4245 4244 4248
f 3508 4346 3505
f 3509 4250 3502
f 3509 3502 4254
f 3502 3513 4254
f 3513 3517 4251
f 4252 3516 4256
f 3516 4252 3517
f 4255 4252 4256
f 4252 4251 3517
f 4254 4348 3509
f 3509 4348 4253
f 3513 4251 4254
f 4254 4252 4349
f 4252 4254 4251
f 4294 4252 4255
f 4294 4255 4293
f 4258 4256 3518
f 3475 3520 3518
f 3518 3520 4257
f 4258 4259 4256
f 4259 4255 4256
f 4259 4258 4262
f 3518 4257 4258
f 4258 4257 4262
f 3519 3525 4260
f 3525 3526 4260
f 4260 3526 3521
f 3521 3526 4261
f 3520 3519 3521
f 3521 4257 3520
f 4257 3521 4262
f 4262 3521 4261
f 4261 3526 4264
f 3526 3524 4264
f 4263 4264 3524
f 3527 4263 3524
f 3527 5873 4263
f 4266 4261 4264
f 4262 4261 4259
f 4266 4265 4261
f 4265 4259 4261
f 5876 4264 4263
f 4267 3531 3529
f 5872 4267 4271
f 3531 4267 5872
f 3536 3531 5872
f 3529 4269 4267
f 4269 3529 4268
f 4270 4267 4269
f 4271 5892 5872
f 5871 4271 4267
f 4269 4268 4281
f 4281 4272 4269
f 4278 4269 4272
f 4269 5870 4270
f 4269 4278 5870
f 5667 5870 4278
f 4272 4277 4278
f 4281 4268 4273
f 4273 4268 5499
f 3533 5499 4268
f 4280 4273 4275
f 4274 4275 4273
f 4274 4283 4275
f 4273 4280 4281
f 4277 4272 4276
f 4277 5500 4278
f 4276 4279 4277
f 4279 5500 4277
f 5500 4279 5492
f 4281 4276 4272
f 4281 4280 4276
f 4282 4283 4274
f 4275 5319 4280
f 4275 5318 5319
f 4286 5318 4275
f 4275 4283 4286
f 4286 4283 4282
f 4284 4286 4282
f 4170 4285 4284
f 4284 5315 4286
f 4285 4287 4284
f 4287 4285 5305
f 4167 4204 4285
f 4204 5304 4285
f 4201 5301 4202
f 5302 5305 4205
f 4202 5302 4205
f 5301 4199 5297
f 5287 5297 4199
f 4206 4216 2388
f 3508 4250 4346
f 4289 4346 4250
f 4250 4290 4289
f 3509 4290 4250
f 4290 3509 4253
f 4290 4253 4289
f 4289 4253 4291
f 4253 4348 4352
f 4352 4291 4253
f 4348 4254 4349
f 4294 4349 4252
f 4259 4293 4255
f 4292 4265 4266
f 5876 4266 4264
f 4266 5876 5877
f 4266 5877 4292
f 4293 4259 4265
f 4296 4294 4293
f 4296 4293 4295
f 4296 4295 4299
f 4311 4265 4292
f 4293 4265 4311
f 4311 4295 4293
f 4296 4297 4294
f 4297 4298 4348
f 4296 4299 4297
f 4298 4297 4299
f 4298 4352 4348
f 4299 4353 4298
f 4352 4298 4353
f 4301 4299 4302
f 4300 4299 4295
f 4299 4300 4302
f 4299 4301 4353
f 4302 4300 4305
f 4303 4301 4302
f 4302 6686 4303
f 6686 4302 4306
f 4295 4311 4313
f 4295 4313 4300
f 4305 4307 4306
f 4302 4305 4306
f 4300 4313 4305
f 4307 4305 4309
f 5884 4307 4309
f 4307 5880 4308
f 4306 4307 6686
f 4307 5883 5880
f 4307 5884 5883
f 4313 4309 4305
f 4292 4312 4311
f 4312 4292 4310
f 4292 5877 4310
f 4313 4311 4312
f 4312 4310 5879
f 4312 5884 4313
f 4313 5884 4309
f 4320 3507 4317
f 4318 4320 4317
f 4317 3507 4314
f 3506 4249 4316
f 3506 4314 3507
f 4314 4316 4315
f 4314 3506 4316
f 4315 4343 4314
f 4351 4343 4315
f 4316 4344 4315
f 4315 4344 4351
f 4343 4317 4314
f 4317 4343 4326
f 4319 4318 4329
f 4319 4320 4318
f 4322 4241 4321
f 4322 4321 4323
f 4324 4323 4321
f 4319 4321 4320
f 4319 4324 4321
f 4325 4324 4319
f 4325 4426 4324
f 4328 4318 4317
f 4328 4317 4326
f 4318 4328 4329
f 6677 4326 4327
f 4326 6677 4328
f 6677 4332 4328
f 4329 4328 4335
f 4334 4328 4332
f 4331 4332 6677
f 4372 4327 4343
f 6677 4330 4331
f 4330 4338 4331
f 4334 4335 4328
f 4329 4335 4319
f 4319 4335 4333
f 4335 4334 4336
f 4334 4332 4331
f 4337 4333 4335
f 4337 4335 4336
f 4336 4334 4340
f 4336 4340 4418
f 4340 4334 4331
f 4331 4342 4339
f 4340 4331 4339
f 4339 4420 4340
f 4420 4418 4340
f 4339 4341 4420
f 4342 4423 4339
f 4423 4342 6682
f 4342 4338 6679
f 4331 4338 4342
f 4343 6675 4372
f 4343 4327 4326
f 4343 4351 6675
f 4316 4249 4344
f 4344 4249 4345
f 4344 4345 4350
f 4345 4249 3505
f 4346 4345 3505
f 4346 4289 4291
f 4345 4346 4291
f 4345 4291 4347
f 4291 4352 4347
f 4297 4349 4294
f 4349 4297 4348
f 4350 4351 4344
f 4350 4373 4351
f 4350 4374 4373
f 4350 4345 4374
f 4347 4374 4345
f 4352 4353 4347
f 4353 4301 4347
f 4301 4303 4347
f 4304 4359 4303
f 4374 4375 4359
f 4304 4303 6686
f 4354 4304 6686
f 4357 4304 4355
f 4357 4359 4304
f 4365 4357 4355
f 4356 4357 4365
f 4304 4354 4355
f 4354 4367 4355
f 4355 4367 4365
f 4365 4366 4356
f 4356 4358 4357
f 4358 4356 4360
f 6676 4357 4358
f 6676 4359 4357
f 6676 4358 4372
f 4371 4358 4360
f 4362 4360 4356
f 4362 4356 4361
f 4356 4366 4361
f 4361 4366 4364
f 8845 4362 4361
f 8845 4361 4363
f 4364 4363 4361
f 4366 6690 4364
f 4365 4367 4366
f 4366 4367 6690
f 4354 5880 4367
f 4308 5880 4354
f 5880 5881 4367
f 5882 4367 5881
f 6071 5882 5881
f 4367 5882 6070
f 4367 6070 6690
f 8852 6690 6689
f 4368 4363 4364
f 4369 4363 4368
f 4369 4368 8851
f 8845 4363 4369
f 8846 4360 4362
f 4371 4360 8846
f 8846 4370 4371
f 6678 4371 4370
f 4358 4371 4372
f 4373 4374 4359
f 4374 4347 4375
f 4359 4375 4303
f 4347 4303 4375
f 4376 4247 4322
f 1624 4247 4376
f 4322 4323 4376
f 4376 4323 4377
f 4376 4378 1624
f 4377 4378 4376
f 4426 4323 4324
f 4426 4325 4379
f 4426 4377 4323
f 4425 4377 4426
f 4380 4378 4377
f 4425 4380 4377
f 4380 4384 6807
f 4383 6807 4384
f 6807 4381 4380
f 6807 4382 4381
f 4384 4411 4383
f 4411 6810 4383
f 6810 6808 4383
f 4383 6808 6807
f 6838 6810 4385
f 6838 6809 6810
f 6810 4411 4385
f 4385 6837 6838
f 6838 4386 6825
f 6838 4391 4386
f 6837 4391 6838
f 6839 4385 4387
f 4387 4385 4411
f 6843 4385 6839
f 4385 6843 6837
f 6837 6843 4388
f 4388 4389 4390
f 8907 4390 4395
f 4390 8907 4391
f 4388 4390 4391
f 6837 4388 4391
f 4393 4391 8907
f 4391 4393 4392
f 8910 4391 4392
f 4395 8906 8907
f 4394 4395 4390
f 4395 4396 8906
f 4395 4394 4396
f 4390 4397 4394
f 4390 4398 4397
f 4409 4398 4390
f 4389 4409 4390
f 4406 4409 4389
f 4409 4424 4398
f 4398 4424 4405
f 4398 4405 4397
f 4397 4405 4404
f 4397 4399 4394
f 4394 8905 4396
f 4394 4399 8905
f 4403 4399 4397
f 4399 4400 8905
f 4399 4401 4400
f 4397 4404 4403
f 4404 8918 4403
f 4405 8918 4404
f 4405 6684 8918
f 4407 4406 4389
f 4407 4408 4406
f 4407 4412 4408
f 4410 4409 4408
f 4410 4408 4412
f 4409 4406 4408
f 4423 4409 4410
f 4412 4422 4410
f 4380 4387 4384
f 4411 4384 4387
f 4389 4388 6843
f 6843 4414 4389
f 4414 4407 4389
f 4413 4412 4407
f 4413 4415 4412
f 4413 4407 4414
f 6843 6845 4414
f 6845 8916 4414
f 8917 6846 8916
f 6846 4414 8916
f 4414 6846 4413
f 6846 4416 4413
f 4413 4421 4415
f 4413 4416 4421
f 4418 4421 4416
f 4417 4416 6841
f 4417 4418 4416
f 4418 4420 4421
f 4420 4419 4421
f 4412 4415 4422
f 4421 4422 4415
f 4421 4419 4422
f 4419 4410 4422
f 4410 4419 4423
f 4423 4419 4341
f 4409 6683 4424
f 4423 6682 4409
f 4339 4423 4341
f 4387 4380 4425
f 4387 4425 6839
f 4379 6840 4426
f 4425 4426 6840
f 4425 6840 6842
f 4428 3907 4440
f 4428 4440 4429
f 4429 4440 4430
f 4434 4428 4429
f 4439 4431 4432
f 4439 4432 4430
f 4432 4433 4430
f 4433 4429 4430
f 4434 4429 4433
f 4433 4435 4434
f 4436 4434 4435
f 4435 4433 4432
f 4777 4432 4431
f 4759 4432 4777
f 4436 1170 4434
f 4434 1170 4437
f 1171 4437 1170
f 1171 4434 4437
f 4434 1171 1091
f 3904 3903 3902
f 4438 3904 3895
f 3313 3311 7531
f 4439 7531 3315
f 4440 7531 4439
f 4441 3891 7531
f 3895 3891 4441
f 4438 3895 4441
f 4442 3904 3902
f 3895 3904 4442
f 3902 3901 4442
f 4106 4445 4472
f 4444 4106 4108
f 4109 4444 4108
f 4444 4445 4106
f 4444 4475 4445
f 4446 4472 4445
f 4445 4447 4446
f 4447 4445 4473
f 4452 4475 4444
f 4452 4444 4109
f 4110 4452 4109
f 4042 4110 4041
f 4036 4449 4042
f 4449 4451 4042
f 4450 4449 4448
f 4450 4448 4043
f 4450 4048 4725
f 4725 4451 4450
f 4453 4452 4451
f 4453 4451 4725
f 4048 4454 4725
f 4455 4044 4047
f 4455 4047 4728
f 4047 4049 4734
f 4734 3993 4456
f 4457 4456 3993
f 4460 4050 4459
f 4461 4460 4459
f 4461 7329 4460
f 7334 7329 4461
f 4459 4458 4461
f 4458 4051 4461
f 4463 4061 4462
f 4462 4465 4463
f 4463 4465 7332
f 7332 4465 4466
f 7332 7333 4463
f 4463 7330 4052
f 7333 7330 4463
f 4465 4462 4464
f 4464 4462 4470
f 4470 4462 4061
f 4464 4470 4467
f 4464 4466 4465
f 4467 4468 4464
f 4467 4470 4066
f 4468 4467 4469
f 4469 4467 4066
f 4471 4470 4061
f 4472 3161 3165
f 4488 4446 4447
f 4474 4447 4473
f 4473 4445 4475
f 4110 4451 4452
f 4042 4451 4110
f 4450 4451 4449
f 4476 3149 4479
f 4477 4478 4476
f 4710 4476 4478
f 4707 4706 4477
f 3149 4704 4479
f 4480 3164 4481
f 4704 4480 4481
f 3164 4704 4481
f 4483 4484 3164
f 4486 4484 4485
f 3164 4484 4482
f 4484 4718 4482
f 3162 4722 4483
f 4488 3162 4487
f 4487 3161 4472
f 3162 4488 4722
f 4483 4485 4484
f 4485 4483 4722
f 4488 4487 4446
f 4472 4446 4487
f 4490 3868 3433
f 3436 3439 3431
f 3436 3431 3435
f 4490 3433 3439
f 4491 3876 4492
f 4492 4490 5268
f 393 406 407
f 406 405 394
f 394 405 398
f 393 4493 406
f 4491 4492 4493
f 4494 4496 406
f 4493 4494 406
f 4493 4492 4494
f 5268 4494 4492
f 5269 4496 4494
f 5269 4494 5268
f 4490 5269 5268
f 4495 3439 3440
f 4490 3439 4495
f 4490 4495 5269
f 5272 4495 5274
f 5272 4496 4495
f 3897 3900 4497
f 4498 5180 5179
f 4500 5180 4498
f 4500 4498 3883
f 5181 5180 4500
f 3883 5178 4500
f 5181 4500 5178
f 4498 5179 4499
f 2102 2089 2101
f 2038 1402 2030
f 2194 4502 2193
f 2193 3382 2194
f 3382 2041 2194
f 2194 2041 2013
f 4503 4504 2150
f 2192 4504 4508
f 4504 4503 4508
f 4505 4508 4503
f 4506 4507 4510
f 4506 4510 4509
f 4509 4505 4506
f 4509 4508 4505
f 4507 4511 4510
f 4510 4511 4512
f 4511 3359 4513
f 3358 4517 4513
f 4512 4511 4513
f 4512 5356 4510
f 4512 4513 4516
f 3353 4521 4522
f 4514 3352 3353
f 3353 4522 4514
f 4514 4515 3352
f 4515 4514 4519
f 3351 3352 4515
f 3351 4518 3357
f 3358 3357 4517
f 5356 4512 4516
f 4513 4517 4516
f 4517 3357 4518
f 3351 4515 4518
f 4519 4514 4520
f 4524 4519 4520
f 4521 4659 4522
f 4522 4659 4523
f 4514 4522 4526
f 4520 4514 4526
f 4522 4523 4526
f 4524 4525 4519
f 4526 4532 4520
f 4526 4531 4532
f 4531 4526 4527
f 4527 4528 4531
f 4532 4530 4520
f 4524 4520 4530
f 5868 4524 4529
f 4532 4536 4530
f 4528 5952 4531
f 4531 5952 4532
f 4533 4532 5952
f 4536 4532 4533
f 4533 4539 4535
f 4534 4539 4533
f 4534 4533 5952
f 4535 4536 4533
f 4529 4524 4530
f 4537 4530 4536
f 4535 4537 4536
f 4541 4535 5363
f 4530 4537 4529
f 4542 4529 4537
f 4541 4537 4535
f 4535 4538 5363
f 4538 4535 4539
f 4539 4534 5366
f 4540 5357 4539
f 4539 5357 4538
f 5364 4542 4541
f 4541 4542 4537
f 3268 4543 3266
f 3268 3267 4620
f 3268 4620 4543
f 3261 4543 4614
f 4618 4543 4620
f 4620 3267 3271
f 3270 2476 3272
f 3272 2476 2478
f 2476 2477 2478
f 3272 2478 4544
f 2478 4545 4544
f 4545 4621 4544
f 2480 2479 4625
f 4550 2482 2489
f 2489 2495 4546
f 4546 4551 2489
f 4546 2495 2497
f 2496 4548 2497
f 2497 4549 4546
f 4547 4549 2497
f 4548 4547 2497
f 4588 4548 4585
f 4547 4548 4584
f 4547 4584 4553
f 4553 4554 4547
f 4550 2489 4551
f 4551 4546 4632
f 4549 4554 4552
f 4554 4549 4547
f 4556 4554 4553
f 4560 4556 4553
f 4583 4558 4553
f 4583 4553 4555
f 4553 4584 4555
f 4560 4553 4558
f 4556 4560 4557
f 4556 4557 4562
f 4562 4557 4678
f 4678 4557 4561
f 4559 4557 4560
f 4558 4559 4560
f 4563 4675 4678
f 4678 4561 4563
f 6115 4563 4561
f 4561 4567 6115
f 4557 4567 4561
f 4559 4558 4566
f 4564 4557 4559
f 4567 4557 4564
f 4558 4565 4566
f 4558 6180 4565
f 4566 4565 4580
f 4567 4564 4574
f 6113 6115 4567
f 4568 4567 4574
f 6113 4567 4568
f 4564 4559 4573
f 4564 4573 4574
f 4570 6113 4568
f 4568 4569 4570
f 4569 5958 6111
f 4568 4571 4569
f 4573 4572 4574
f 4559 4566 4573
f 4580 4573 4566
f 4574 4572 4576
f 5967 4574 4576
f 4574 5967 4575
f 4572 4573 4576
f 5967 4576 5986
f 5975 4576 4577
f 4573 4577 4576
f 4578 4579 4577
f 4577 4579 5975
f 4579 4578 6177
f 4578 4581 6177
f 4582 4580 4578
f 4578 4577 4582
f 4573 4582 4577
f 4581 4578 6179
f 6178 6177 4581
f 6179 4578 4580
f 4580 4582 4573
f 4558 4583 6180
f 4583 4596 6180
f 4555 4596 4583
f 4555 4584 4596
f 4548 4588 4584
f 4585 4587 4588
f 4588 4587 4595
f 4587 4594 4595
f 4587 4589 4594
f 4592 4594 4589
f 4585 4586 4587
f 4587 4586 4589
f 4586 4585 2494
f 2498 4586 2494
f 2494 2492 2498
f 4586 2498 4589
f 4594 4592 4590
f 4592 4589 2498
f 2498 4591 4592
f 4603 4592 4591
f 4603 4593 4592
f 4593 4600 4592
f 4592 4600 4599
f 4590 4592 4599
f 4597 4595 4594
f 4584 4588 4595
f 4584 4595 4596
f 4596 4595 4597
f 4597 4598 4596
f 6189 4596 4598
f 6188 4598 4597
f 4590 6188 4597
f 4594 4590 4597
f 4600 4593 4601
f 4601 4599 4600
f 4599 4601 6197
f 4602 4601 4593
f 4603 4605 4593
f 4593 4605 4606
f 4591 2498 2500
f 4591 2500 4603
f 2500 4604 4603
f 4604 4605 4603
f 2500 4607 4604
f 4605 6201 4606
f 2501 2486 2491
f 2502 2491 2486
f 2502 4608 4607
f 4607 6201 4604
f 4608 4610 4607
f 4607 4610 6201
f 4611 2507 2508
f 4611 2508 6205
f 6205 4609 4611
f 4614 4613 4612
f 4613 4614 4543
f 4612 4654 3263
f 4615 4613 4616
f 4613 4543 4616
f 4543 4618 4616
f 4619 4616 4618
f 4618 4620 4617
f 4617 4619 4618
f 4615 4616 4619
f 4619 4617 4622
f 4617 4620 4622
f 4622 4620 3271
f 3271 4544 4621
f 4621 4622 3271
f 4622 4627 4619
f 4627 4622 2480
f 4625 2479 4624
f 4627 2480 4625
f 4615 4619 4623
f 4627 4623 4619
f 4624 2479 4626
f 4631 4625 4624
f 4631 4630 4625
f 4625 4629 4627
f 4628 4627 4629
f 4627 4628 4623
f 4623 4628 4633
f 4633 4628 4640
f 4641 4640 4628
f 4628 4629 4641
f 4629 4625 4630
f 2482 4631 4624
f 4624 4626 2482
f 4550 4631 2482
f 4632 4546 4549
f 4549 4552 4632
f 4550 4551 4632
f 4642 4631 4550
f 4642 4641 4631
f 4641 4630 4631
f 4634 4623 4633
f 4612 4613 4615
f 4612 4615 4634
f 4635 4612 4634
f 4634 4636 4635
f 4654 4612 4635
f 4634 4615 4623
f 4640 4638 4633
f 4633 4638 4637
f 4638 4640 4639
f 4641 4629 4630
f 4641 4639 4640
f 4639 4641 4644
f 4639 4670 4668
f 4644 4642 4643
f 4632 4643 4642
f 4642 4550 4632
f 4641 4642 4644
f 4645 3259 3342
f 3342 4654 4645
f 3343 4647 4649
f 3341 3343 4649
f 3341 4649 4648
f 4650 4657 4648
f 4648 4649 4651
f 4650 4648 4651
f 4649 4647 4646
f 4651 4655 4650
f 4652 4655 4651
f 4651 4649 4646
f 4651 4646 4652
f 4646 4635 4636
f 4646 4636 4652
f 4653 4652 4636
f 4655 4652 4653
f 4656 4655 4653
f 4672 4653 4636
f 4672 4636 4637
f 4633 4637 4636
f 4636 4634 4633
f 4645 4654 4646
f 4654 4635 4646
f 4654 3342 3258
f 3263 4654 3258
f 3257 3258 3342
f 3259 3257 3342
f 4653 4672 4656
f 4673 4656 4672
f 3354 3344 4657
f 4650 4655 4660
f 4660 4655 4656
f 4657 4650 4660
f 4657 4658 3354
f 4660 4661 4657
f 4657 4659 4658
f 4659 4657 4661
f 4659 4521 4658
f 4521 3354 4658
f 4638 4639 4668
f 4637 4638 4671
f 4672 4637 4671
f 4667 4656 4673
f 4659 4661 4662
f 4660 4664 4661
f 4662 4661 4663
f 6109 4664 4660
f 4663 4661 4664
f 5953 4662 4663
f 5953 4665 4662
f 4662 4523 4659
f 4527 5953 5963
f 4527 4665 5953
f 4663 4664 4666
f 4666 5953 4663
f 4666 4664 5954
f 6109 4656 4667
f 4660 4656 6109
f 4671 4638 4668
f 4671 4668 4669
f 4668 4670 4669
f 4644 4670 4639
f 4644 4643 4670
f 4669 4670 4643
f 4674 4669 4676
f 4674 4671 4669
f 4672 4671 4673
f 4669 4643 4676
f 4674 4673 4671
f 4674 4676 4675
f 4677 4675 4676
f 4676 4643 4677
f 4680 4632 4552
f 4643 4632 4680
f 4643 4680 4677
f 4679 4554 4556
f 4675 4677 4678
f 4677 4562 4678
f 4556 4562 4679
f 4679 4680 4552
f 4679 4552 4554
f 4677 4679 4562
f 4677 4680 4679
f 3114 3112 4694
f 3114 4681 3090
f 4698 3114 4685
f 4681 3114 4698
f 4698 4684 4681
f 3087 3089 4682
f 3087 4682 4683
f 4682 4689 4683
f 4689 4682 4687
f 4682 4681 4687
f 4698 4685 4686
f 4685 3114 4694
f 4685 4702 4686
f 4698 4686 4696
f 4684 4698 4687
f 4687 4681 4684
f 4687 4698 4693
f 4688 4687 4693
f 4687 4688 4689
f 4689 4699 4683
f 4690 4683 4699
f 4690 3200 3084
f 4690 4691 3200
f 4927 4689 4688
f 4693 4928 4688
f 4940 4696 4697
f 4696 4686 4695
f 3047 4702 3113
f 3113 4702 4694
f 4702 4685 4694
f 4686 4702 4695
f 3124 4939 4695
f 4696 4695 4939
f 4697 4696 4938
f 4696 4940 4698
f 4693 4698 4940
f 4928 4693 4940
f 4699 4689 4927
f 4690 4699 4691
f 3200 4691 6250
f 1849 3200 6250
f 4700 3085 4701
f 3200 4701 3085
f 4703 3018 3123
f 3123 3018 3120
f 3123 3125 4703
f 4702 4703 3125
f 3149 4480 4704
f 4479 4716 4705
f 4476 4479 4705
f 4477 4476 4707
f 4477 4706 4478
f 4709 4706 4707
f 4476 4705 4707
f 4707 4705 4717
f 4707 4708 4709
f 4478 4706 4712
f 4710 4711 3137
f 4711 4710 4478
f 4711 4712 4713
f 4711 4478 4712
f 4712 4750 4713
f 3134 4713 4715
f 4715 4714 3134
f 4706 4750 4712
f 4750 4715 4713
f 4750 4706 4709
f 4719 4708 4707
f 4719 4707 4717
f 4716 4704 3164
f 4716 3164 4482
f 4479 4704 4716
f 4705 4716 4717
f 4718 4717 4716
f 4482 4718 4716
f 4717 4718 4486
f 4718 4484 4486
f 4717 4486 4720
f 4721 4486 4485
f 4486 4721 4720
f 4719 4717 4720
f 4719 4720 4748
f 7308 4748 4720
f 4720 4721 7308
f 4721 4485 4731
f 4485 7336 4731
f 7336 4485 4722
f 4447 7336 4722
f 4447 4722 4488
f 4474 4724 7336
f 4731 7336 4724
f 7336 4447 4474
f 4473 4475 4723
f 4473 4726 4474
f 4724 4474 4726
f 4724 4730 4731
f 4726 4473 4723
f 4723 4475 4454
f 4452 4453 4475
f 4475 4453 4725
f 4475 4725 4454
f 4723 4727 4726
f 4454 4727 4723
f 4728 4733 4455
f 4455 4733 4727
f 4727 4454 4455
f 4728 4047 4734
f 4733 4728 4734
f 4726 4727 4729
f 4730 4726 4729
f 4726 4730 4724
f 4739 4732 4730
f 4739 4730 4729
f 4727 4737 4729
f 4737 4727 4733
f 4456 4735 4733
f 4735 4736 4733
f 4456 4733 4734
f 4733 4736 4737
f 4739 4729 4738
f 4738 4737 4736
f 4738 4729 4737
f 4739 4738 4741
f 4739 4741 4740
f 4742 4740 4744
f 4745 4746 4742
f 4743 4742 4744
f 4743 4744 4466
f 4753 4745 4742
f 4745 4747 4746
f 4747 4748 4746
f 4742 4746 7309
f 4748 4747 4719
f 4719 4747 4708
f 4709 4708 4749
f 4749 4708 4747
f 4749 4747 4745
f 4751 4715 4750
f 4978 4709 4749
f 4751 4750 4709
f 4751 4709 4978
f 4715 4751 4752
f 4980 4715 4752
f 4751 4978 4752
f 4754 4745 4753
f 4743 4753 4742
f 4754 4749 4745
f 4978 4749 4754
f 4755 4753 4743
f 4464 4468 4743
f 4464 4743 4466
f 4765 4769 1158
f 4757 1163 4774
f 1163 4758 4778
f 4758 1169 4759
f 4758 4759 4777
f 1169 4436 4759
f 4760 856 843
f 855 856 4760
f 4760 4764 4761
f 4760 843 4762
f 4760 4762 4766
f 4762 4756 4766
f 4763 4766 4756
f 4756 1158 4769
f 4766 4764 4760
f 4769 4763 4756
f 4766 4763 4769
f 4767 4765 1158
f 4768 4769 4765
f 4769 4770 4766
f 4771 4772 4770
f 4770 4769 4768
f 4770 4768 4773
f 4771 4770 4773
f 4772 4786 4761
f 4771 4786 4772
f 4838 4771 4773
f 4768 4784 4773
f 4782 4768 4765
f 4765 4843 4782
f 4789 4782 4843
f 4765 4844 4843
f 4767 4844 4765
f 4757 4767 1158
f 4767 4757 4774
f 4774 4844 4767
f 4791 4792 4774
f 4774 4788 4791
f 4774 1163 4788
f 1163 4778 4788
f 4436 4435 4759
f 4759 4435 4432
f 4775 4431 4776
f 4775 4776 7530
f 4775 4777 4431
f 4788 4778 4779
f 4758 4779 4778
f 3319 4758 4777
f 4779 4758 4788
f 4788 4758 3320
f 3320 4758 3319
f 3324 4780 3322
f 4780 3324 3321
f 4783 4780 3321
f 4780 4783 4781
f 4781 4790 4780
f 4790 4781 4792
f 4781 4782 4792
f 4782 4781 4783
f 4785 4784 4768
f 4785 4842 4784
f 4785 4768 4783
f 4784 4842 4919
f 4784 4838 4773
f 4846 4761 4786
f 4786 4771 4787
f 4846 4786 4787
f 4787 4895 4846
f 4772 4766 4770
f 4761 4764 4772
f 4772 4764 4766
f 3323 4790 4791
f 4780 4790 3323
f 4789 4774 4792
f 4844 4774 4789
f 4782 4789 4792
f 4791 4790 4792
f 4791 4788 3320
f 3276 3323 3320
f 3323 4791 3320
f 3326 4783 3321
f 4795 4794 4793
f 4793 4801 4795
f 668 4793 669
f 4801 4796 4795
f 4797 4795 4796
f 4801 4798 4796
f 4798 4799 4796
f 4796 4799 4797
f 4869 4799 4800
f 4800 4799 4798
f 4801 668 519
f 475 4802 521
f 4804 4800 4802
f 4804 4869 4800
f 4802 475 4804
f 475 4803 4804
f 523 4805 4803
f 523 477 4805
f 477 524 4806
f 4806 4805 477
f 4809 4806 524
f 4808 4806 4809
f 4806 4808 4810
f 4806 4810 4807
f 4814 4809 524
f 4882 4810 4808
f 4811 4882 4808
f 4811 4808 8576
f 4818 4812 4811
f 8576 4808 4809
f 8576 4809 4814
f 4818 8576 4813
f 4816 525 527
f 528 4816 527
f 4815 4816 528
f 4816 4818 4813
f 4817 4890 4818
f 4890 4812 4818
f 525 4816 4813
f 4818 4816 4817
f 4819 4890 4817
f 4817 4816 4815
f 4892 4817 4815
f 4819 4892 4820
f 4892 4819 4817
f 4815 528 4821
f 536 533 531
f 4822 533 536
f 554 4823 540
f 4825 4822 4823
f 4825 4824 4822
f 4824 8149 4822
f 4825 4826 4824
f 4825 4823 554
f 4825 8181 4826
f 4827 8182 4825
f 4827 4825 554
f 554 4828 4827
f 4828 8153 4827
f 4828 554 8157
f 4783 3326 4785
f 4793 4794 3326
f 4794 4795 4837
f 4795 4797 4836
f 4836 4837 4795
f 4829 4836 4797
f 4797 4831 4829
f 4829 4831 4830
f 4830 4833 4829
f 4834 4833 4830
f 4797 4868 4831
f 4831 8142 4830
f 4830 8142 4866
f 4834 4832 4833
f 4833 4835 4829
f 4834 4830 4866
f 4834 4866 4896
f 4832 4835 4833
f 4835 4841 4829
f 4836 4829 4841
f 4836 4841 4842
f 4842 4837 4836
f 4837 4842 4794
f 4768 4782 4783
f 4840 4771 4838
f 4771 4840 4787
f 4840 4895 4787
f 4919 4838 4784
f 4839 4838 4919
f 4840 4838 4839
f 4839 4835 4840
f 4835 4839 4841
f 4841 4839 4919
f 4841 4919 4842
f 3326 4842 4785
f 3326 4794 4842
f 4801 4793 668
f 4789 4843 4844
f 4895 4847 4846
f 854 4848 4849
f 4845 854 4849
f 4847 4848 4846
f 4847 4894 4848
f 4848 4894 4850
f 4850 4849 4848
f 4849 4855 4845
f 4850 4855 4849
f 4855 4851 4845
f 4856 4851 4855
f 4852 4850 4894
f 4852 4853 4850
f 4850 4853 4855
f 4853 4856 4855
f 4853 5191 4856
f 4853 4857 5191
f 4854 4857 4853
f 4854 4853 4852
f 4905 4854 4852
f 4861 4857 4854
f 4857 4861 4858
f 4864 4857 4858
f 4858 4862 4864
f 4862 4858 4861
f 5194 4861 4854
f 5194 4854 4905
f 5247 5194 4905
f 4852 4902 4905
f 4860 4861 5194
f 5194 4859 4860
f 4860 4862 4861
f 4862 4863 4864
f 4856 5191 4851
f 4895 4840 4835
f 4835 4832 4895
f 4865 4895 4832
f 4834 4903 4832
f 4903 4834 4896
f 4900 4866 4867
f 4867 4866 8142
f 4867 8142 8143
f 4871 4831 4868
f 4868 4797 4799
f 4868 4799 4869
f 4869 4804 4870
f 4870 4868 4869
f 4870 4871 4868
f 4806 8145 4805
f 4807 8145 4806
f 4807 4872 8145
f 4807 4878 4877
f 4807 4877 4872
f 4877 4906 4872
f 4906 4873 4872
f 4906 4874 4873
f 4873 4874 4875
f 4901 4875 4899
f 4875 4901 4873
f 4872 4901 8144
f 4873 4901 4872
f 8141 4899 4875
f 4875 4874 8141
f 4906 4876 4874
f 4878 4807 4810
f 4908 4906 4877
f 4908 4877 4878
f 4810 4882 4878
f 4882 4880 4878
f 4880 4908 4878
f 4879 4880 4882
f 4879 4881 4880
f 4909 4881 4879
f 4881 4909 4911
f 4879 4883 4909
f 4885 4909 4883
f 4884 4883 4879
f 4885 4883 4884
f 4914 4885 4886
f 4912 4885 4914
f 7184 4912 4914
f 4886 4885 4884
f 4887 8148 4884
f 4884 4918 4886
f 4918 4884 8148
f 4884 4879 4887
f 4882 4887 4879
f 4812 8148 4811
f 4890 4819 4889
f 4819 4820 4889
f 4888 4820 4893
f 4890 4889 8146
f 4820 8146 4889
f 4820 4888 4891
f 4888 4893 4891
f 8178 4891 4893
f 4892 4893 4820
f 4892 4815 4821
f 4821 533 8150
f 4892 4821 8150
f 8150 4893 4892
f 8178 4893 8150
f 4894 4847 4895
f 4894 4895 4865
f 4903 4865 4832
f 4866 4900 4897
f 4904 4866 4897
f 4896 4866 4904
f 4904 4897 5259
f 4900 4898 4897
f 5259 4897 4898
f 4899 8141 4898
f 4899 4898 4900
f 4867 4899 4900
f 4901 4899 4867
f 4903 4894 4865
f 4902 4894 4903
f 4894 4902 4852
f 4902 4903 4904
f 4905 4902 4904
f 4904 5247 4905
f 4904 4903 4896
f 4880 4881 4908
f 4908 4907 4876
f 4876 4906 4908
f 4876 4907 5261
f 4881 4911 4908
f 4909 4885 4912
f 4911 4909 4910
f 4909 4912 4910
f 4911 4907 4908
f 7184 4913 4912
f 4912 4913 5254
f 5254 4910 4912
f 4915 7184 4914
f 4915 4914 4886
f 8349 4916 4915
f 4886 4918 4917
f 8360 4886 4917
f 4915 4886 8349
f 4811 4887 4882
f 4887 4811 8148
f 3193 2427 3194
f 3193 3194 2466
f 2510 2511 4920
f 2483 2505 2504
f 2483 2504 2503
f 4921 4922 3199
f 4921 4926 4922
f 4921 3201 4926
f 3199 4922 2516
f 2516 4922 4923
f 4922 4924 4923
f 4922 4925 4924
f 4922 4926 4925
f 3201 1849 4926
f 6250 4926 1849
f 6250 4691 4933
f 4933 4691 4931
f 4931 4927 6220
f 4692 6220 4927
f 4927 4688 4692
f 4688 4928 4692
f 6247 4931 6220
f 6220 4929 6246
f 6247 6220 6246
f 6247 4930 4931
f 4691 4699 4927
f 4931 4691 4927
f 4931 4930 4933
f 4930 4932 4933
f 4933 4932 4925
f 4932 4924 4925
f 4932 4930 6248
f 6248 4923 4932
f 4924 4932 4923
f 2516 4923 4934
f 4935 4934 4923
f 4935 6206 4934
f 6206 4935 4936
f 4936 4935 6249
f 4935 6248 6249
f 4938 3124 4937
f 4939 3124 4938
f 4697 4938 4941
f 4940 4697 4970
f 4939 4938 4696
f 4941 4938 4942
f 4942 4938 4937
f 4937 4972 4942
f 4973 4942 4972
f 4973 4944 4942
f 4943 4942 4944
f 4941 4942 4943
f 4945 4944 4973
f 4943 4944 4948
f 4948 4944 4984
f 4944 4945 4984
f 4945 4973 4976
f 4984 4947 4948
f 4947 4984 4946
f 4947 4950 4948
f 4949 4948 4950
f 4953 4949 4950
f 4955 4943 4948
f 4955 4948 4949
f 4953 4950 4954
f 4951 4954 4950
f 4950 4998 4951
f 4998 4950 4947
f 4985 4957 4956
f 4951 4956 4952
f 4951 4952 4954
f 4956 4958 4952
f 6674 4953 4954
f 4954 4952 6674
f 4949 4953 4955
f 4953 6674 4955
f 4960 6674 4952
f 4952 4959 4960
f 6674 4970 4955
f 4959 4952 4958
f 4956 4951 4985
f 4958 4956 4957
f 4961 4960 4962
f 4962 4960 4959
f 4961 4969 4960
f 4959 4963 4962
f 4963 4959 4958
f 6230 4962 4963
f 6230 4965 4962
f 6230 4964 4965
f 6223 4965 4964
f 6223 4967 4965
f 6223 6222 4967
f 6224 6222 6223
f 4967 4968 4965
f 4968 4962 4965
f 4962 4968 6221
f 6221 4961 4962
f 4692 4961 6221
f 4960 4969 6674
f 4961 4928 4969
f 4928 4961 4692
f 4941 4970 4697
f 4941 4943 4970
f 3131 3132 3049
f 3127 3049 3132
f 3132 3135 3127
f 3117 3049 3127
f 3135 3130 3126
f 3135 4714 4977
f 3135 4977 3130
f 4971 3128 3130
f 3129 3128 4971
f 4976 3129 4971
f 4973 4972 3129
f 4973 3129 4976
f 4945 4976 4974
f 4975 4974 4971
f 4974 4976 4971
f 4971 3130 4975
f 3130 4977 4975
f 4975 4977 4983
f 4714 4715 4980
f 4980 4982 4714
f 4754 4979 4978
f 4979 4752 4978
f 4980 4752 4979
f 4981 4980 4979
f 4981 4979 4993
f 4982 4980 4981
f 4982 4981 4975
f 4982 4975 4983
f 4977 4714 4983
f 4983 4714 4982
f 4984 4945 4974
f 4984 4974 4946
f 4951 4998 4985
f 4985 4998 4989
f 4989 4986 4985
f 4986 4989 4987
f 4987 4989 4988
f 4986 4957 4985
f 4957 4986 6231
f 4958 4957 6231
f 4986 4987 6921
f 4987 4988 6439
f 4991 4988 4989
f 4989 4999 4990
f 4999 4989 4998
f 4990 4991 4989
f 4991 4990 5000
f 4990 4999 5003
f 4992 4946 4974
f 4975 4992 4974
f 4975 4981 4992
f 4997 4992 4981
f 4754 4994 4979
f 4994 4754 4755
f 4995 4994 4755
f 4993 4979 4994
f 4993 4994 4995
f 4755 4754 4753
f 4996 4993 4995
f 5006 4981 4993
f 4997 4981 5006
f 5006 5007 4997
f 5004 4997 5007
f 5004 4992 4997
f 5001 4990 5003
f 5000 4990 5001
f 5005 5001 5003
f 4999 5002 5003
f 4998 5002 4999
f 5002 4998 4947
f 5002 4947 4946
f 5003 5002 5004
f 4946 4992 5002
f 5004 5002 4992
f 5007 5005 5004
f 5008 5007 5006
f 5006 4993 4996
f 5007 5008 5014
f 5005 5007 5014
f 5014 5008 5013
f 5008 4996 5009
f 5006 4996 5008
f 4996 4995 5019
f 4996 5019 5009
f 5011 5010 5018
f 5008 5009 5010
f 5010 5011 5008
f 5011 5018 5012
f 5013 5011 5012
f 5011 5013 5008
f 5013 5012 5016
f 5012 5015 5016
f 5018 5015 5012
f 5015 5018 5017
f 5015 5017 5020
f 5016 5015 5020
f 5019 5010 5009
f 5010 5019 7310
f 5018 4469 5017
f 5017 4469 6920
f 4066 6920 4469
f 5013 5016 6913
f 5023 6913 5016
f 5022 5013 6913
f 5023 5016 5021
f 5016 5020 5021
f 5023 5021 6919
f 5023 7311 6913
f 7307 5013 5022
f 5013 7307 5014
f 3971 3607 3968
f 3934 5026 1255
f 5026 3936 5027
f 5027 3936 3937
f 3937 3939 3940
f 5028 3622 3624
f 3976 5028 5029
f 5059 3976 5029
f 5028 3626 5029
f 5029 3626 5059
f 5064 5030 3626
f 3626 5031 5064
f 3641 5070 3642
f 3642 3636 3641
f 5118 5031 3641
f 3636 5118 3641
f 3639 5033 5120
f 5032 3639 3927
f 5032 5033 3639
f 5033 5032 5128
f 3639 7534 3927
f 5128 5032 3927
f 3925 3916 5035
f 5041 5035 3915
f 5038 3915 5037
f 5041 3915 5040
f 5038 5037 3211
f 5040 3915 5038
f 5040 5038 5039
f 3211 5042 5038
f 5040 5039 5043
f 5044 5038 5042
f 5038 5044 5039
f 5173 5040 5043
f 5039 5048 5043
f 5039 5044 5048
f 3211 5045 5042
f 5044 3217 5047
f 5045 3217 5044
f 5045 5044 5042
f 3208 3210 5045
f 3211 3208 5045
f 3217 5045 3210
f 3217 3215 5046
f 5047 3217 3235
f 5046 925 3221
f 3217 5046 3235
f 5044 5047 3233
f 5048 5044 3233
f 3233 3228 5049
f 5049 3229 7302
f 7304 7302 3231
f 5051 7052 3231
f 3231 5050 5051
f 5051 5050 5190
f 5052 907 903
f 826 907 5052
f 907 826 5053
f 5053 826 5054
f 5054 826 5055
f 5056 5054 5055
f 5055 833 5058
f 5058 5056 5055
f 5057 5054 5056
f 834 5058 833
f 833 5055 826
f 5059 3626 5030
f 5030 5060 5059
f 3976 5059 5074
f 3976 5074 3978
f 5060 5030 5062
f 5030 5064 5061
f 5062 5030 5061
f 5060 5110 5075
f 5063 5061 5064
f 5063 5062 5061
f 5063 5064 5065
f 5065 5066 5063
f 5068 5063 5066
f 5067 5068 5066
f 5069 5068 5067
f 5068 5062 5063
f 5068 5069 5062
f 5066 5065 5067
f 5064 5031 5065
f 3641 5031 3627
f 3627 5070 3641
f 5074 5071 3978
f 5072 5073 5071
f 5073 5072 5080
f 5086 5072 5077
f 5076 5077 5072
f 5071 5076 5072
f 5059 5060 5075
f 5059 5071 5074
f 5059 5075 5071
f 5076 5071 5075
f 5079 5077 5076
f 5109 5079 5076
f 5076 5078 5109
f 5075 5078 5076
f 5077 5079 5082
f 5086 5080 5072
f 5086 5077 5082
f 5081 5073 5080
f 5081 3980 5073
f 5081 5080 5087
f 5080 5086 5087
f 5084 5086 5082
f 5082 5079 5083
f 5084 5082 5083
f 5142 5084 5141
f 5086 5084 5089
f 5089 5084 5142
f 5087 5086 5089
f 5081 5088 5140
f 5088 5081 5087
f 5060 5062 5069
f 5110 5060 5069
f 5069 5067 5090
f 5101 5090 5095
f 5094 5095 5090
f 5067 5094 5090
f 5065 5113 5111
f 5065 5111 5067
f 5092 5094 5067
f 5067 5111 5093
f 5092 5067 5093
f 5093 5111 5091
f 5111 5112 5116
f 5093 5091 5122
f 5095 5094 5100
f 5092 5093 5097
f 5097 5122 5096
f 5098 5092 5097
f 5094 5092 5098
f 5097 5161 5162
f 5098 5097 5162
f 5099 5094 5098
f 5100 5094 5099
f 5099 5160 5100
f 5100 5103 5101
f 5160 5103 5100
f 5102 5103 5160
f 5102 5160 5104
f 5141 5102 5104
f 5104 5106 5141
f 5104 5160 5105
f 5106 5104 5105
f 5158 5106 5105
f 5108 5141 5106
f 5108 5106 5107
f 5107 5106 5158
f 5083 5102 5141
f 5102 5083 5103
f 5103 5083 5109
f 5084 5083 5141
f 5078 5110 5090
f 5075 5110 5078
f 5090 5110 5069
f 5101 5095 5100
f 5079 5109 5083
f 5109 5078 5101
f 5101 5103 5109
f 5065 5031 7532
f 5065 7532 5113
f 5112 5111 5113
f 5113 7532 5112
f 5112 7532 5114
f 5115 5114 7532
f 5117 5115 5118
f 7532 5118 5115
f 5114 5115 5117
f 5112 5114 5116
f 5117 5116 5114
f 5118 5119 5117
f 5119 5118 3636
f 5127 5116 5117
f 5126 5117 5119
f 5120 5119 3636
f 5091 5111 5121
f 5111 5116 5121
f 5121 5116 7716
f 5091 5121 5122
f 5093 5122 5097
f 5123 5096 5122
f 5123 5161 5096
f 5161 5123 5164
f 5124 5164 5123
f 5122 5125 5123
f 5123 5166 5124
f 5125 5166 5123
f 5122 5121 5125
f 5121 7718 5167
f 5121 7716 7718
f 5117 5126 5127
f 5116 5127 7717
f 5127 5126 5132
f 5126 5119 5132
f 5033 5132 5119
f 5132 5170 5127
f 5120 5033 5119
f 5033 5130 5131
f 5130 5033 5128
f 3927 5034 5128
f 5035 5034 3925
f 5036 5034 5035
f 5034 5036 5128
f 5036 5035 5041
f 5040 5173 5041
f 5176 5041 5173
f 5128 5036 5129
f 5129 5130 5128
f 5036 5041 5129
f 5176 5172 5129
f 5172 5130 5129
f 5171 5130 5172
f 5171 5131 5130
f 5131 5132 5033
f 5133 3981 3980
f 5134 5133 3980
f 5081 5134 3980
f 5136 5133 5134
f 5135 5134 5081
f 5081 5140 5135
f 5135 5136 5134
f 5140 5136 5135
f 5133 5136 5137
f 5136 5140 5137
f 5137 5138 3990
f 5139 5137 5140
f 5138 5137 5139
f 5088 5087 5148
f 5087 5089 5145
f 5145 5089 5142
f 5141 5085 5142
f 5085 5144 5142
f 5143 5144 5085
f 5144 5146 5142
f 5146 5145 5142
f 5149 5145 5146
f 5148 5087 5145
f 5145 5149 5148
f 5147 5148 5149
f 5088 7472 5140
f 7472 7473 5140
f 7472 5088 5148
f 5147 5149 7463
f 5150 5146 5144
f 5152 5144 5157
f 5157 5144 5143
f 5152 5150 5144
f 5152 5151 5153
f 5152 5157 5156
f 5151 5152 5156
f 5153 5150 5152
f 5149 5146 5150
f 5150 5154 5149
f 5154 7464 5149
f 5149 7492 7463
f 5150 5155 5154
f 5150 5153 5155
f 5151 7494 5153
f 5157 5143 5108
f 5085 5108 5143
f 5108 5085 5141
f 5158 5159 5107
f 5097 5096 5161
f 5162 5161 5164
f 5124 5166 5165
f 5166 7264 5165
f 5125 5167 5166
f 5167 7718 7719
f 5121 5167 5125
f 5116 7717 7716
f 5127 5170 5168
f 7717 5127 5168
f 7717 5168 5169
f 5168 5170 7216
f 5131 5170 5132
f 5131 7216 5170
f 7216 5131 5171
f 7208 7216 5171
f 5175 7211 5172
f 5172 7211 5171
f 5176 5129 5041
f 7205 5177 5173
f 7205 5173 5043
f 5043 5174 7205
f 7207 5177 7205
f 5175 5177 7207
f 5172 5176 5175
f 5175 5176 5173
f 5175 5173 5177
f 140 141 138
f 375 141 374
f 3882 141 3887
f 5178 3886 3887
f 5178 3884 3886
f 3888 5182 148
f 5181 3889 5180
f 5179 5180 3890
f 3887 5182 5178
f 5182 5181 5178
f 5181 5182 3888
f 3308 3889 3888
f 5181 3888 3889
f 5058 834 5183
f 5183 834 5262
f 834 832 5262
f 832 834 835
f 5262 832 837
f 5183 5184 5186
f 5058 5183 5056
f 5056 5187 5057
f 5187 5056 5186
f 5186 5056 5183
f 5187 5189 5057
f 5184 7054 5186
f 5186 5185 5187
f 5186 7054 5185
f 5190 5187 5185
f 5190 5185 5188
f 5187 5190 5189
f 5189 911 5057
f 3224 911 5189
f 911 5054 5057
f 5191 7058 4851
f 5191 4857 4864
f 7061 4863 4862
f 5192 4862 4860
f 5192 4860 5204
f 4862 5192 5193
f 5193 7061 4862
f 7063 5193 5192
f 5204 4860 5195
f 4859 5195 4860
f 5246 5195 4859
f 5246 4859 5194
f 5198 5195 5196
f 5198 5196 5197
f 5199 5203 5197
f 5199 5200 5202
f 5197 5201 5199
f 5199 5201 5200
f 5201 5197 5212
f 5212 5209 5201
f 5209 5200 5201
f 5215 5209 5206
f 5202 5203 5199
f 5203 5198 5197
f 5204 5195 5198
f 5192 7062 7063
f 5204 7062 5192
f 5204 5198 5205
f 5223 7070 5205
f 5205 5198 5203
f 5205 5202 5223
f 5205 5203 5202
f 5200 5222 5202
f 5215 5222 5200
f 5209 5215 5200
f 5206 5209 5208
f 5208 5207 5206
f 5212 5197 5210
f 5212 5210 5211
f 5251 5211 5210
f 5212 5211 5213
f 5213 5211 5252
f 5255 5212 5213
f 5212 5208 5209
f 5255 5208 5212
f 5214 5207 5208
f 5214 5253 5207
f 5253 5217 5207
f 5217 5253 5256
f 5217 5216 5207
f 5221 5226 5207
f 5206 5207 5226
f 5215 5206 5226
f 5220 5221 5207
f 5220 5207 5216
f 5216 5218 5220
f 5218 5216 5217
f 5218 5217 5219
f 5220 5218 5230
f 5219 5234 5218
f 5225 5215 5226
f 5223 5202 5222
f 5224 5223 5222
f 5222 5215 5224
f 5227 5225 5226
f 5226 5221 5227
f 5225 5224 5215
f 5225 5227 5228
f 7107 5228 5227
f 5231 5227 5221
f 7107 5227 5231
f 5229 5231 5221
f 5229 5221 5220
f 5220 5230 5229
f 5218 5229 5230
f 5234 5236 5233
f 5218 5234 5233
f 5233 5229 5218
f 5232 5229 5233
f 5232 5239 5229
f 5237 5233 5236
f 5234 5235 5236
f 5232 5233 5237
f 5232 5237 5238
f 5241 5237 5236
f 5229 5239 5231
f 5232 5240 5239
f 5232 5238 5240
f 5240 5238 5242
f 5242 7113 5240
f 5237 5242 5238
f 5242 5237 5241
f 5243 5241 5244
f 5243 5242 5241
f 5244 7170 5243
f 7113 5242 7130
f 5243 7130 5242
f 5235 5244 5241
f 5241 5236 5235
f 5235 5234 5219
f 5235 5219 7183
f 5245 5235 7183
f 5244 5235 5245
f 5248 5246 5194
f 5246 5196 5195
f 5248 5194 5247
f 5247 4904 5259
f 5259 4898 5249
f 5249 4898 8141
f 8141 5250 5249
f 8141 4874 5250
f 5251 5257 5250
f 5257 5249 5250
f 5248 5247 5259
f 5249 5257 5259
f 5251 5210 5257
f 5211 5251 5252
f 5251 5261 5252
f 5255 5214 5208
f 5213 5254 5255
f 5213 5252 5260
f 5254 5213 4910
f 5253 5214 5255
f 5254 5256 5255
f 5256 5253 5255
f 4913 5256 5254
f 5256 5219 5217
f 5219 5256 4913
f 5248 5258 5246
f 5258 5196 5246
f 5197 5196 5210
f 5210 5196 5257
f 5257 5196 5258
f 5248 5257 5258
f 5257 5248 5259
f 5260 5252 5261
f 5260 4911 5213
f 4911 4910 5213
f 4911 5260 4907
f 4907 5260 5261
f 4876 5261 4874
f 5251 5250 4874
f 5251 4874 5261
f 5184 5183 5262
f 402 5265 3447
f 3447 352 402
f 352 3447 5263
f 5265 3446 3447
f 5265 403 5264
f 5264 3446 5265
f 405 5267 404
f 5274 5267 5272
f 405 5272 5267
f 405 406 5272
f 5269 4495 4496
f 5272 406 4496
f 5270 391 5263
f 5263 3447 5270
f 3447 5271 5270
f 5270 5271 3448
f 3756 3775 331
f 3775 3756 3776
f 5266 3444 403
f 403 3444 5264
f 5275 5266 5267
f 5273 7737 3445
f 7737 3420 3445
f 5266 5275 5273
f 5267 5274 5275
f 5274 3437 5275
f 5275 3441 7738
f 3401 7738 3441
f 1600 1619 1616
f 1616 1619 1620
f 5278 1616 1620
f 5278 1629 1616
f 1620 1621 5278
f 1629 5277 1633
f 5278 5277 1629
f 1623 1625 1621
f 1621 1625 5279
f 5279 5278 1621
f 5280 1625 1623
f 1623 5283 5280
f 4380 5283 4378
f 5281 5282 5280
f 1625 5280 5282
f 5280 5283 5281
f 4381 5281 4380
f 5281 5283 4380
f 5286 2389 5284
f 2390 2393 5284
f 5286 5284 5285
f 5285 5284 5294
f 4209 2389 5286
f 5297 5286 5285
f 5287 4209 5286
f 5297 5287 5286
f 4288 4209 5287
f 5321 5289 5288
f 2392 5288 5289
f 2392 5289 2393
f 5295 2393 5289
f 5289 5321 5290
f 5289 5290 5293
f 5291 5322 2394
f 5291 5349 5322
f 5292 5290 2394
f 5293 5290 5292
f 5295 5289 5293
f 5292 5353 5293
f 5293 5353 5294
f 5295 5293 5294
f 5284 2393 5295
f 5294 5284 5295
f 5294 5296 5285
f 5294 5299 5296
f 5297 5285 5300
f 5296 5300 5285
f 5353 5299 5294
f 5308 5353 5298
f 5299 5353 5308
f 5296 5299 5307
f 5307 5299 5309
f 5307 5300 5296
f 5297 5300 5301
f 5300 5306 5301
f 4202 5301 5302
f 5303 5302 5301
f 5303 5301 5306
f 4285 5304 5305
f 5305 5312 4287
f 5302 5312 5305
f 5302 5303 5312
f 5306 5311 5303
f 5300 5307 5306
f 5306 5307 5310
f 5308 5309 5299
f 5311 5306 5310
f 5311 5310 5445
f 5312 5303 5311
f 5444 5312 5311
f 5310 5309 5445
f 4284 4287 5313
f 4284 5313 5315
f 4287 5312 5313
f 5313 5312 5444
f 5314 5313 5444
f 5444 5443 5314
f 5315 5313 5314
f 5315 5314 5317
f 5320 5315 5317
f 5443 5452 5316
f 5443 5316 5314
f 5314 5316 5317
f 5316 5451 5488
f 5316 5489 5317
f 5316 5488 5489
f 5320 5317 5489
f 5320 4286 5315
f 5318 4286 5320
f 4276 4280 5319
f 5319 5318 5494
f 5318 5320 5496
f 5322 5292 2394
f 2402 5324 2404
f 2402 2401 5343
f 2402 5343 5324
f 5328 2405 5324
f 5325 2405 5328
f 5325 5331 5327
f 2405 5325 5327
f 5327 5331 5326
f 5326 5331 5334
f 5326 5336 5327
f 5332 5326 5334
f 5325 5328 5329
f 5324 5339 5328
f 5338 5329 5328
f 5331 5325 5329
f 5329 5338 5330
f 5331 5329 5330
f 5333 5331 5330
f 5411 5333 5330
f 5333 5334 5331
f 5351 5332 5335
f 5332 5336 5326
f 5332 5351 5336
f 5327 5323 2405
f 5323 5327 2406
f 5327 5336 2406
f 5334 5333 5346
f 5338 5424 5330
f 5425 5330 5424
f 5328 5337 5338
f 5338 5340 5423
f 5337 5328 5342
f 5343 2178 5339
f 5339 5324 5343
f 5328 5339 5342
f 5337 5340 5338
f 5340 5337 5426
f 5339 2178 5342
f 2178 5343 5341
f 2401 5341 5343
f 5341 2401 5344
f 5345 5344 2397
f 2174 5345 2397
f 2176 2177 5341
f 5344 2176 5341
f 5345 2174 2176
f 5345 2176 5344
f 5335 5332 5348
f 5346 5348 5332
f 5334 5346 5332
f 5401 5346 5333
f 5401 5347 5346
f 5348 5346 5347
f 5348 5347 5409
f 5349 2406 5336
f 5350 5349 5336
f 5349 5350 5322
f 5350 5336 5351
f 5351 5352 5350
f 5335 5404 5351
f 5351 5404 5352
f 5350 5352 5298
f 5298 5292 5350
f 5446 5352 5404
f 5446 5298 5352
f 5292 5298 5353
f 5292 5322 5350
f 2161 5354 2181
f 2181 5354 5379
f 5354 2189 5379
f 5378 2189 5374
f 2189 5378 5381
f 5381 5379 2189
f 4508 4509 5355
f 5355 2192 4508
f 4509 4510 5356
f 5866 4516 4517
f 4519 4525 4515
f 4525 4524 5868
f 5358 4538 5357
f 5358 5363 4538
f 5359 5360 5357
f 5358 5357 5360
f 5991 5360 5365
f 5365 5360 5359
f 5360 5991 5361
f 5360 5362 5358
f 5363 5364 4541
f 5363 5358 5362
f 5392 5363 5362
f 5363 5392 5364
f 5400 5364 5392
f 5360 5361 5362
f 5357 4540 5359
f 4540 4539 5366
f 5366 4534 5368
f 4534 5952 5955
f 4534 5367 5368
f 4534 5955 5367
f 5368 5367 5957
f 5371 4540 5366
f 5371 5366 5370
f 5368 5957 5959
f 5957 5369 5959
f 5368 5370 5366
f 5959 5370 5368
f 5959 5372 5370
f 5372 5959 5961
f 5359 4540 5371
f 5372 5371 5370
f 5960 5372 5961
f 6123 5373 5371
f 6123 5371 5372
f 5371 5373 5359
f 5365 6124 5992
f 5365 5373 6124
f 5365 5359 5373
f 2191 2192 5355
f 2191 5355 5376
f 2191 5376 5374
f 5374 5376 5377
f 5375 5376 5355
f 5377 5376 5375
f 5379 5381 5387
f 5387 5380 5379
f 5378 5385 5381
f 5378 5374 5377
f 5385 5378 5377
f 5385 5377 5390
f 5377 5375 5383
f 5390 5377 5383
f 5375 5382 5383
f 5384 5383 5382
f 5383 5384 5390
f 5390 5384 5399
f 5391 5390 5399
f 5381 5385 5386
f 5381 5386 5387
f 5380 5387 5505
f 5387 5386 5389
f 5386 5388 5540
f 5391 5399 5398
f 5392 5399 5400
f 5399 5392 5362
f 5399 5362 5398
f 5396 5991 5393
f 5395 5361 5991
f 5396 5395 5991
f 5394 5395 5396
f 5394 5397 5395
f 5539 5397 5394
f 5397 5398 5395
f 5395 5362 5361
f 5395 5398 5362
f 5391 5398 5397
f 5384 5400 5399
f 5411 5401 5333
f 5402 5347 5401
f 5436 5347 5402
f 5403 5348 5409
f 5404 5335 5403
f 5335 5348 5403
f 5403 5405 5404
f 5405 5446 5404
f 5405 5403 5407
f 5406 5405 5408
f 5408 5447 5406
f 5405 5407 5408
f 5408 5407 5448
f 5448 5407 5450
f 5436 5409 5347
f 5450 5409 5410
f 5409 5436 5410
f 5414 5402 5401
f 5401 5411 5414
f 5425 5411 5330
f 5414 5411 5412
f 5411 5425 5440
f 5412 5411 5440
f 5413 5412 5429
f 5414 5412 5413
f 2178 5415 5342
f 5415 2179 5342
f 5342 2179 5337
f 5422 5337 2179
f 5503 2179 2184
f 2184 5416 5503
f 5416 2184 2173
f 5416 2173 2183
f 5416 2183 5417
f 2183 5419 5417
f 5416 5417 5502
f 5503 5416 5502
f 5417 5419 5420
f 5502 5417 5510
f 5510 5417 5418
f 5417 5420 5418
f 5418 5420 5507
f 5507 5420 5504
f 5420 5419 5504
f 5504 5419 5421
f 5504 5421 5380
f 5505 5387 5389
f 5540 5389 5386
f 5388 5391 5397
f 5386 5385 5388
f 5388 5385 5390
f 5388 5390 5391
f 5337 5422 5426
f 5422 2179 5503
f 5338 5423 5424
f 5425 5424 5440
f 5340 5426 5423
f 5502 5426 5422
f 5423 5426 5515
f 5424 5423 5428
f 5428 5423 5427
f 5423 5515 5427
f 5424 5428 5440
f 5412 5440 5441
f 5412 5441 5429
f 5414 5413 5433
f 5402 5414 5433
f 5413 5429 5430
f 5429 5527 5430
f 5433 5413 5430
f 5432 5431 5430
f 5431 5433 5430
f 5435 5402 5433
f 5430 5527 5432
f 5432 5570 5431
f 5570 5432 5438
f 5436 5402 5435
f 5435 5459 5436
f 5410 5436 5459
f 5437 5410 5459
f 5410 5437 5450
f 5437 5448 5450
f 5437 5459 5457
f 5433 5431 5434
f 5570 5434 5431
f 5570 5438 5569
f 5536 5438 5432
f 5429 5441 5527
f 5441 5531 5527
f 5440 5442 5441
f 5442 5531 5441
f 5440 5428 5442
f 5443 5444 5311
f 5311 5445 5443
f 5307 5309 5310
f 5308 5298 5446
f 5446 5405 5406
f 5446 5406 5309
f 5309 5308 5446
f 5445 5309 5406
f 5447 5408 5449
f 5449 5452 5447
f 5449 5451 5452
f 5448 5449 5408
f 5403 5409 5407
f 5455 5449 5448
f 5455 5456 5449
f 5451 5449 5456
f 5452 5451 5316
f 5445 5453 5443
f 5447 5445 5406
f 5453 5452 5443
f 5452 5453 5447
f 5453 5445 5447
f 5450 5407 5409
f 4163 4176 5454
f 4165 4176 4163
f 4148 5454 4176
f 5455 5448 5437
f 5467 5455 5437
f 5456 5455 5467
f 5468 5490 5456
f 5467 5468 5456
f 5469 5490 5468
f 5467 5437 5457
f 5460 5457 5459
f 5599 5459 5435
f 5599 5433 5434
f 5433 5599 5435
f 5460 5461 5457
f 5458 5462 5460
f 5460 5462 5461
f 5463 5461 5462
f 5464 5463 5462
f 5463 5464 5461
f 5461 5467 5457
f 5466 5464 5462
f 5465 5462 5487
f 5466 5462 5465
f 5471 5466 5465
f 5473 5461 5464
f 5467 5461 5473
f 5468 5467 5473
f 5469 5468 5473
f 5471 5475 5466
f 5483 5470 5471
f 5474 5475 5471
f 5470 5474 5471
f 5464 5466 5473
f 5474 5476 5475
f 5472 5476 5474
f 5491 5466 5475
f 5466 5491 5473
f 5478 5475 5476
f 5477 5478 5476
f 5472 5474 5470
f 5470 5649 5472
f 5479 5477 5476
f 5478 5491 5475
f 5491 5478 5493
f 5477 5493 5478
f 5479 5476 5481
f 5479 5481 5480
f 5480 5481 5655
f 5476 5472 5481
f 5481 5472 5650
f 5472 5649 5650
f 5649 5470 5482
f 5482 5470 5483
f 5483 5484 5482
f 5645 5482 5484
f 5482 5645 5648
f 5645 5484 5647
f 5471 5465 5483
f 5484 5483 5465
f 5646 5484 5465
f 5646 5647 5484
f 5595 5646 5485
f 5485 5646 5465
f 5465 5487 5485
f 5486 5597 5485
f 5487 5486 5485
f 5460 5459 5458
f 5462 5458 5487
f 5458 5598 5487
f 5456 5490 5488
f 5488 5451 5456
f 5496 5489 5488
f 5489 5496 5320
f 5494 5318 5497
f 5497 5318 5496
f 5497 5496 5488
f 5490 5469 5495
f 5473 5491 5469
f 5493 5477 5492
f 5501 5492 5477
f 5501 5477 5479
f 5491 5493 5497
f 5497 5495 5491
f 5319 5494 4279
f 4276 5319 4279
f 5495 5497 5490
f 5490 5497 5488
f 5494 5497 5493
f 5495 5469 5491
f 5498 4284 4282
f 4273 5499 4274
f 5498 3490 4171
f 5498 4282 4274
f 4171 3490 3491
f 3493 4175 4174
f 5493 4279 5494
f 5492 4279 5493
f 5500 5492 5501
f 5500 5501 5656
f 5501 5479 5480
f 5507 5504 5506
f 5426 5502 5510
f 5502 5422 5503
f 5380 5505 5506
f 5506 5504 5380
f 5505 5389 5509
f 5506 5505 5509
f 5507 5506 5508
f 5418 5507 5513
f 5513 5507 5508
f 5513 5511 5418
f 5397 5540 5388
f 5540 5539 5389
f 5513 5517 5511
f 5511 5517 5518
f 5513 5508 5537
f 5517 5513 5512
f 5514 5513 5537
f 5513 5514 5512
f 5519 5517 5512
f 5519 5520 5517
f 5515 5511 5518
f 5426 5510 5515
f 5515 5510 5511
f 5510 5418 5511
f 5518 5516 5522
f 5517 5516 5518
f 5518 5522 5427
f 5512 5541 5519
f 5520 5519 5541
f 5516 5517 5520
f 5523 5522 5516
f 5518 5427 5515
f 5523 5516 5520
f 5520 5541 5545
f 5521 5523 5520
f 5522 5428 5427
f 5523 5525 5522
f 5428 5522 5525
f 5428 5525 5442
f 5442 5526 5531
f 5524 5523 5521
f 5525 5523 5524
f 5521 5549 5528
f 5528 5549 5550
f 5549 5545 5550
f 5551 5550 5545
f 5524 5521 5529
f 5526 5442 5525
f 5524 5526 5525
f 5432 5527 5439
f 5526 5524 5531
f 5530 5524 5529
f 5439 5527 5531
f 5531 5524 5530
f 5521 5528 5529
f 5529 5528 5554
f 5555 5532 5529
f 5532 5530 5529
f 5532 5555 5534
f 5534 5555 5580
f 5533 5532 5534
f 5535 5533 5534
f 5432 5533 5535
f 5535 5536 5432
f 5432 5439 5533
f 5533 5439 5531
f 5530 5532 5533
f 5531 5530 5533
f 5538 5537 5508
f 5538 5508 5506
f 5506 5509 5538
f 5389 5539 5509
f 5394 5396 5539
f 5540 5397 5539
f 5512 5514 5541
f 5537 5543 5514
f 5542 5541 5514
f 5537 5689 5543
f 5691 5514 5543
f 5514 5691 5542
f 5546 5542 5547
f 5542 5691 5547
f 5691 5564 5547
f 5541 5542 5546
f 5547 5548 5546
f 5545 5541 5546
f 5549 5521 5520
f 5520 5545 5549
f 5528 5550 5558
f 5550 5551 5552
f 5548 5551 5546
f 5545 5546 5551
f 5551 5548 5552
f 5550 5553 5558
f 5553 5550 5552
f 5552 5562 5553
f 5528 5558 5556
f 5529 5554 5578
f 5555 5529 5578
f 5555 5557 5580
f 5554 5528 5556
f 5556 5578 5554
f 5558 5553 5556
f 5556 5557 5578
f 5556 5579 5557
f 5553 5562 5559
f 6046 5559 5562
f 5562 5560 6046
f 5563 5548 5547
f 5548 5561 5552
f 5561 5548 5563
f 5562 5552 5561
f 6138 5562 5561
f 6139 5562 6138
f 5691 5544 5564
f 5547 5564 5565
f 5563 5547 5566
f 5566 5547 5565
f 5563 5566 5561
f 5539 5396 5509
f 5689 5537 5538
f 5567 5438 5536
f 5568 5438 5567
f 5438 5568 5569
f 5598 5434 5570
f 5568 5571 5486
f 5568 5486 5569
f 5569 5598 5570
f 5486 5571 5593
f 5593 5571 5641
f 5593 5641 5594
f 5641 5571 5572
f 5568 5567 5571
f 5571 5573 5572
f 5573 5575 5572
f 5567 5573 5571
f 5573 5567 5536
f 5575 5573 5574
f 5592 5575 5574
f 5572 5575 5638
f 5574 5577 5592
f 5574 5576 5577
f 5574 5573 5535
f 5535 5576 5574
f 5535 5534 5576
f 5582 5577 5576
f 5576 5581 5582
f 5581 5576 5579
f 5579 5600 5581
f 5557 5555 5578
f 5580 5557 5579
f 5580 5576 5534
f 5580 5579 5576
f 5536 5535 5573
f 5581 5583 5582
f 5581 5600 5583
f 5585 5582 5583
f 5584 5585 5583
f 5583 5602 5584
f 5600 5602 5583
f 5585 5584 5587
f 5603 5584 5602
f 5587 5584 5586
f 5604 5586 5584
f 5587 5586 5588
f 5585 5587 5589
f 5589 5582 5585
f 5589 5591 5582
f 5590 5591 5589
f 5588 5589 5587
f 5635 5591 5590
f 5577 5582 5591
f 5593 5597 5486
f 5594 5596 5593
f 5593 5596 5595
f 5597 5593 5595
f 5569 5486 5598
f 5486 5487 5598
f 5599 5434 5598
f 5598 5458 5599
f 5579 5556 5600
f 5603 5604 5584
f 5608 5613 5604
f 5586 5604 6009
f 5605 6009 5604
f 5604 5613 5605
f 6009 5605 5625
f 5612 5605 5613
f 5603 5607 5604
f 5600 5601 5602
f 5553 5601 5556
f 5559 5601 5553
f 5601 5559 6047
f 5603 5602 5606
f 5606 5607 5603
f 5606 5602 5601
f 5604 5607 5608
f 5613 5608 5611
f 5609 5608 5607
f 5608 5609 5614
f 5610 5609 5616
f 5610 5614 5609
f 5614 5611 5608
f 5605 5612 5622
f 5612 5613 5611
f 5614 5617 5620
f 5617 5614 5610
f 5616 5615 5610
f 6046 5615 5616
f 5631 5617 5610
f 5621 5620 5617
f 5619 5617 5631
f 5610 5615 5618
f 5610 5618 5631
f 5631 5632 5619
f 5619 5621 5617
f 5614 5620 5612
f 5612 5620 5629
f 5621 5629 5620
f 5622 5625 5605
f 5623 5625 5622
f 5622 5612 5629
f 5623 5622 6024
f 5628 5623 6024
f 5624 5625 5623
f 6010 6009 5624
f 5627 5624 5626
f 5624 5627 6010
f 6006 5627 5626
f 7646 5624 5623
f 5626 5624 7646
f 5622 5629 6024
f 6024 5629 6037
f 6035 5629 5621
f 5621 5619 5630
f 5619 5633 5630
f 6035 5621 5630
f 5630 5633 5634
f 5618 6045 5631
f 5633 5619 5632
f 6044 6042 6672
f 6044 6672 5632
f 5632 6672 5633
f 6040 5633 6672
f 5631 6045 5632
f 5615 6152 5618
f 5591 5592 5577
f 5591 5635 5592
f 5575 5592 5638
f 5638 5592 5635
f 5636 5638 5635
f 5638 5640 5572
f 5637 5640 5638
f 5572 5640 5641
f 5637 5639 5640
f 5639 5594 5640
f 5684 5674 5639
f 5594 5641 5640
f 5556 5601 5600
f 5642 5596 5674
f 5596 5594 5639
f 5596 5639 5674
f 5643 5642 5674
f 5596 5642 5595
f 5595 5642 5644
f 5644 5646 5595
f 5644 5645 5646
f 5642 5653 5644
f 5643 5653 5642
f 5645 5644 5653
f 5647 5646 5645
f 5653 5648 5645
f 5669 5648 5653
f 5651 5482 5648
f 5651 5649 5482
f 5649 5658 5650
f 5658 5649 5651
f 5651 5648 5652
f 5653 5643 5670
f 5658 5651 5652
f 5481 5650 5655
f 5654 5655 5650
f 5650 5658 5654
f 5656 5480 5655
f 5656 5655 5901
f 5655 5654 5901
f 5661 5656 5901
f 5661 5901 5657
f 5480 5656 5501
f 5901 5654 5660
f 5658 5652 5659
f 5654 5658 5660
f 5663 5662 5661
f 5900 5665 5662
f 5662 5663 5664
f 5662 5664 5900
f 5667 5665 5666
f 5870 5667 5666
f 5667 4278 5500
f 5668 5500 5656
f 5667 5500 5668
f 5667 5668 5665
f 5662 5668 5661
f 5656 5661 5668
f 5485 5597 5595
f 5669 5652 5648
f 5685 5659 5652
f 5660 5658 5687
f 5658 5659 5687
f 5685 5652 5669
f 5672 5685 5669
f 5671 5669 5653
f 5671 5653 5670
f 5670 5643 5673
f 5672 5671 5677
f 5672 5669 5671
f 5677 5671 5676
f 5676 5671 5673
f 5671 5670 5673
f 5639 5637 5684
f 5673 5675 5678
f 5673 5674 5675
f 5673 5643 5674
f 5682 5678 5675
f 5673 5678 5680
f 5676 5673 5680
f 6017 5677 5676
f 5680 5678 5679
f 5681 5680 5679
f 5678 5993 5679
f 5682 5993 5678
f 5684 5682 5675
f 5674 5684 5675
f 5683 5993 5682
f 5684 5683 5682
f 5637 5636 5684
f 5684 5636 5683
f 5686 5672 6014
f 5685 5672 5686
f 5686 5659 5685
f 5686 5687 5659
f 5687 6013 5903
f 5903 6013 5688
f 5902 5687 5903
f 5599 5458 5459
f 5396 5689 5509
f 5538 5509 5689
f 5543 5689 5690
f 5691 5543 5690
f 5699 5691 5690
f 5690 5689 5699
f 5689 5396 5699
f 5699 5393 5700
f 5396 5393 5699
f 5691 5699 5544
f 5564 5692 5565
f 5564 5544 5692
f 5692 5544 5700
f 6133 5561 5566
f 5565 6133 5566
f 5565 6132 6133
f 5565 6134 6132
f 5693 6134 5565
f 6134 5693 5694
f 5695 6130 5694
f 6130 6160 6129
f 6160 6130 5695
f 6129 6131 6130
f 5698 5696 6160
f 5698 6160 5695
f 5695 5694 5698
f 5693 5698 5694
f 5565 5692 5693
f 5692 5697 5693
f 5697 5698 5693
f 5697 5696 5698
f 5544 5699 5700
f 5701 314 5702
f 618 582 3811
f 618 619 582
f 619 618 616
f 5704 5706 5705
f 5712 5707 5796
f 5796 5708 5712
f 5796 5792 5708
f 5796 5794 5792
f 3794 5709 3795
f 5710 3795 5709
f 3795 5710 5796
f 5711 5796 5710
f 5709 3773 5710
f 5710 3773 5711
f 3768 3750 3794
f 3750 3768 3749
f 3749 3768 3770
f 5747 5704 5705
f 5747 5705 5708
f 5712 5705 5707
f 5748 5708 5792
f 5712 5708 5705
f 5707 5705 5706
f 3822 5703 5714
f 5714 5713 3822
f 5703 5719 5714
f 5713 5714 5716
f 3822 5713 5715
f 5715 3791 3822
f 5715 5726 5717
f 5713 5726 5715
f 5716 5726 5713
f 5716 5753 5726
f 5714 5718 5716
f 5719 5718 5714
f 5749 5718 5719
f 5719 5703 5704
f 3815 3787 3849
f 3787 3839 3849
f 3787 3847 3839
f 3787 3814 3847
f 3814 3816 3847
f 5722 5736 5721
f 5724 5736 5722
f 5738 5736 5724
f 5724 5723 5738
f 5722 5721 3846
f 5722 3846 3847
f 5725 5722 3847
f 3847 3817 5725
f 3818 5725 3817
f 3788 3818 3817
f 3819 5725 3818
f 5725 5724 5722
f 3820 5742 3789
f 5717 5726 5727
f 5727 3820 5717
f 5753 5746 5727
f 5727 5746 5728
f 5727 5728 5744
f 5726 5753 5727
f 5720 5729 3845
f 5729 5720 5735
f 5733 5729 5735
f 5729 5733 3844
f 3844 5732 3843
f 5733 5732 3844
f 5735 5731 5733
f 5733 5734 5732
f 5734 5769 5757
f 5731 5734 5733
f 5770 5731 5771
f 5735 5771 5731
f 5735 5730 5771
f 5720 3846 5721
f 5721 5730 5720
f 5721 8923 5730
f 5736 8923 5721
f 8926 5730 8923
f 5737 5772 5736
f 5736 5738 5737
f 5723 8618 5738
f 5725 5723 5724
f 5725 5740 5723
f 5725 3819 5740
f 5723 5740 5739
f 5723 5739 8618
f 5740 5741 5739
f 5742 3819 3789
f 5741 3819 5742
f 5742 3820 5743
f 3820 5727 5743
f 5775 5744 5728
f 5727 5744 5743
f 5743 5744 5774
f 5774 5744 5745
f 5743 5774 8612
f 5745 5744 5775
f 5718 5753 5716
f 5751 5753 5718
f 5747 5749 5719
f 5747 5719 5704
f 5748 5747 5708
f 5748 7886 5747
f 7886 5749 5747
f 7886 5750 5749
f 5750 5751 5749
f 5749 5751 5718
f 5781 5751 5750
f 5778 5779 5781
f 5781 5779 5751
f 5779 5752 5751
f 5755 5754 5752
f 5755 5780 5754
f 5752 5754 5746
f 5746 5754 8595
f 8595 5754 5780
f 5753 5752 5746
f 5752 5753 5751
f 5758 3841 3842
f 3841 5758 5765
f 5732 5760 3843
f 5732 5757 5760
f 3843 5760 5758
f 5732 5734 5757
f 5765 5760 5759
f 5760 5765 5758
f 5761 3835 5762
f 5762 3835 5756
f 5764 5762 5756
f 5763 5756 3838
f 3841 5766 5763
f 5764 5756 5763
f 5767 5763 5766
f 5766 3841 5765
f 5765 5767 5766
f 5759 5768 5765
f 5768 5759 5851
f 5757 5759 5760
f 5849 5770 5771
f 5730 8926 5771
f 5720 5730 5735
f 5736 5772 8923
f 3819 5741 5740
f 5743 8612 5742
f 5774 5745 8602
f 8602 5773 5774
f 5776 5745 5775
f 5776 8602 5745
f 8601 8602 5776
f 5777 8601 5776
f 5776 5775 5777
f 8601 5777 8469
f 5746 8595 5728
f 5779 5755 5752
f 5782 5780 5755
f 5782 5755 5779
f 5787 5778 5781
f 5781 5784 5787
f 5783 5782 5779
f 5782 5783 5789
f 7850 5782 5789
f 5788 5789 5783
f 5783 5779 5778
f 5787 5783 5778
f 5786 5783 5787
f 5786 5788 5783
f 5784 5781 7886
f 7759 5785 5784
f 7759 5784 7886
f 5748 7759 7886
f 5784 5785 5787
f 5790 5786 5787
f 5787 5785 5790
f 5786 5790 5788
f 5791 5790 5785
f 5788 5790 7835
f 7835 5790 7834
f 7834 5790 5791
f 5785 7833 5791
f 5792 7759 5748
f 5792 5793 7759
f 5793 5792 5794
f 5711 5795 5796
f 5794 5796 5793
f 7756 7760 5793
f 7756 5793 5796
f 5795 5797 5796
f 6318 5797 5795
f 3771 5711 3773
f 3771 3773 3772
f 3751 5799 5798
f 6262 5798 6259
f 5799 6259 5798
f 5799 3710 6259
f 3710 6260 6259
f 3774 7822 3754
f 3774 5802 5806
f 5801 5802 3774
f 5802 5801 5813
f 6255 3755 6252
f 5813 5801 3755
f 5802 5813 5812
f 5802 5812 5803
f 5807 5802 5803
f 5802 5807 5805
f 5806 5802 5805
f 3774 5806 7822
f 5805 7808 5806
f 5804 5807 5803
f 5808 5805 5807
f 7809 5805 5808
f 5803 5811 5804
f 5811 7811 5804
f 7811 5807 5804
f 5808 5807 7811
f 5809 5808 7811
f 5809 7811 7810
f 5803 5812 5811
f 5812 5810 5811
f 3755 6255 5813
f 5816 5810 5812
f 5813 5814 5812
f 6257 5814 5813
f 5813 6255 6257
f 5812 5814 5816
f 5815 5816 5814
f 5818 5816 5815
f 5816 5818 5817
f 5815 5820 5819
f 5820 5821 5819
f 5823 5815 5819
f 5823 5818 5815
f 5821 5823 5819
f 5814 5820 5815
f 5820 3450 5821
f 3451 3452 5821
f 3452 5829 5821
f 5822 5829 3452
f 5821 5829 5823
f 5824 5818 5823
f 5824 5823 5827
f 5823 5829 5827
f 5818 5824 5827
f 5818 5827 5817
f 5816 5817 5810
f 5817 5825 5810
f 5825 5817 5827
f 5827 5829 5828
f 5825 5827 5828
f 5829 5826 5828
f 5829 5831 5826
f 5831 5829 5822
f 3452 5832 5822
f 5822 5832 5830
f 5822 5830 5831
f 7813 5831 5830
f 5830 5832 7813
f 3453 5832 3452
f 3424 7817 3453
f 7897 3457 5837
f 7818 7897 5837
f 3460 5833 5835
f 5833 6308 5835
f 5835 6308 5834
f 3460 5835 7820
f 3460 7820 5836
f 5836 5837 3460
f 7896 5837 5838
f 5838 5837 5836
f 5836 7819 5838
f 5834 7820 5835
f 5833 3460 5840
f 3456 5841 5840
f 5833 5840 5839
f 5841 5839 5840
f 6312 5841 3461
f 6312 6350 5841
f 6312 6351 6350
f 1688 3455 5843
f 5842 5843 1681
f 5843 5842 1688
f 5761 5844 3836
f 5844 2927 3836
f 2926 5844 5761
f 5761 5762 2926
f 5845 2926 5762
f 5845 5762 5764
f 5767 5847 5763
f 5764 5763 5845
f 571 5845 5763
f 571 5763 5847
f 5846 2923 571
f 5847 5767 5848
f 5848 5767 5765
f 5765 5768 5848
f 571 5847 5846
f 5768 7527 5848
f 7527 5768 5851
f 5757 5769 5759
f 5769 5734 5770
f 5731 5770 5734
f 8926 5849 5771
f 5770 5849 8925
f 5769 5852 5850
f 5769 5851 5759
f 5769 5850 5851
f 5850 5854 5851
f 5770 5852 5769
f 5852 5770 8924
f 8924 5770 8925
f 8933 8174 5853
f 8924 8933 5852
f 8933 5853 5852
f 5852 5853 8177
f 5855 5852 8177
f 5855 5850 5852
f 5854 5859 5851
f 5859 7525 5851
f 5854 5850 5855
f 5854 5855 5856
f 8175 5856 5855
f 5855 8177 8175
f 5854 5856 5859
f 5857 5858 562
f 5856 5858 7525
f 562 5858 5856
f 5856 8175 562
f 5859 5856 7525
f 4511 4507 3381
f 3381 3379 4511
f 4509 5356 5860
f 5375 5355 5860
f 5862 5384 5382
f 5382 5375 5861
f 5862 5382 5861
f 5862 5861 5864
f 5375 5860 5861
f 4509 5860 5355
f 5860 5356 5861
f 5356 5864 5861
f 5863 5862 5864
f 5862 5863 5865
f 5865 5384 5862
f 5384 5865 5400
f 5356 4516 5864
f 5863 5864 4516
f 5863 4516 5866
f 5863 5866 5867
f 5863 5867 5865
f 5865 4542 5400
f 5869 5865 5867
f 5867 5866 5869
f 5868 4529 5869
f 4542 5869 4529
f 4542 5865 5869
f 4525 4518 4515
f 4518 4525 5868
f 5866 4517 5868
f 4517 4518 5868
f 5866 5868 5869
f 4267 4270 5871
f 5893 5871 4270
f 5893 4270 5870
f 4271 5871 5892
f 5873 3527 5874
f 5874 3527 5872
f 4263 5873 5876
f 5876 5873 5874
f 5876 5874 5875
f 5874 5872 5892
f 5892 5875 5874
f 5877 5876 5890
f 5890 5876 5875
f 5877 5890 5878
f 5877 5879 4310
f 5878 5879 5877
f 5888 5879 5878
f 6071 6070 5882
f 5883 5881 5880
f 5884 5885 5883
f 4312 5885 5884
f 5879 5888 4312
f 4312 5888 5885
f 5890 5887 5878
f 5891 5875 5892
f 5875 5891 5890
f 5886 5891 5892
f 5892 5871 5886
f 5924 5890 5891
f 5885 5888 5889
f 5930 5883 5885
f 5888 5878 5889
f 5878 5887 5890
f 5924 5891 5896
f 5871 5895 5886
f 5893 5870 5666
f 5894 5666 5665
f 5893 5666 5894
f 5895 5871 5893
f 5895 5893 5894
f 5891 5886 5896
f 5896 5923 5924
f 5896 5886 5895
f 5894 5665 5897
f 5910 5897 5900
f 5900 5897 5665
f 5898 5897 5910
f 5897 5899 5894
f 5895 5894 5899
f 5899 5897 5915
f 5897 5898 5915
f 5914 5915 5898
f 5914 5898 5925
f 5898 5910 5913
f 5664 5909 5900
f 5663 5661 5657
f 5907 5663 5657
f 5657 5901 5907
f 5907 5901 5906
f 5660 5906 5901
f 5687 5902 5660
f 5688 5946 5903
f 5904 5903 5946
f 5904 5902 5903
f 5904 5906 5660
f 5904 5660 5902
f 5904 5905 5906
f 5664 5663 5908
f 5908 5663 5907
f 5909 5664 5908
f 5900 5909 5910
f 5910 5909 5911
f 5906 5908 5907
f 5911 5905 5912
f 5912 5905 5933
f 5913 5910 5911
f 5898 5913 5925
f 5915 5896 5899
f 5895 5899 5896
f 5919 5915 5916
f 5916 5915 5914
f 5919 5916 5917
f 5896 5915 5919
f 5919 5921 5896
f 5918 5923 5921
f 5921 5923 5896
f 5918 5921 5929
f 5919 5917 5920
f 5921 5919 5920
f 5917 5916 5914
f 5927 5920 5917
f 5929 5932 5918
f 5922 5923 5918
f 5923 5922 5924
f 5930 5922 5932
f 5918 5932 5922
f 5930 5889 5922
f 5889 5924 5922
f 5889 5878 5924
f 5878 5890 5924
f 5665 5668 5662
f 5911 5912 5935
f 5913 5911 5935
f 5925 5917 5914
f 5928 5920 5927
f 5917 5926 5927
f 5917 5925 5926
f 5937 5925 5913
f 5928 5927 5943
f 5926 5936 5927
f 5928 5943 6055
f 5928 6052 5920
f 6052 5921 5920
f 5885 5889 5930
f 5932 5929 5931
f 6051 5929 5921
f 5921 6052 6051
f 5931 5929 6060
f 5929 6051 6060
f 6071 5931 6060
f 5883 5931 5881
f 5931 5883 5932
f 6071 5881 5931
f 5932 5883 5930
f 5935 5912 5941
f 5941 5912 5933
f 5935 5941 5937
f 5934 5937 5941
f 5913 5935 5937
f 5937 5926 5925
f 5937 5936 5926
f 5934 5941 5938
f 5937 5934 5939
f 5936 5937 5939
f 5945 5936 5939
f 5927 5936 5943
f 5939 5940 5945
f 5938 5939 5934
f 5939 5938 5940
f 5938 5941 5942
f 5938 5942 5949
f 5940 5938 5949
f 5945 5943 5936
f 5940 5949 5945
f 5949 6084 5945
f 5948 5942 5947
f 5941 5947 5942
f 5947 5941 5933
f 5933 5905 5946
f 5947 5933 5946
f 5905 5904 5946
f 5688 5947 5946
f 6011 5947 5688
f 5947 6011 5948
f 6084 5944 5945
f 6084 5949 6719
f 5942 5948 5949
f 5948 5950 5949
f 6011 6074 5948
f 5948 6074 5950
f 6082 5949 5950
f 5951 6082 5950
f 5951 6072 6077
f 5951 5950 6072
f 5908 5905 5911
f 5908 5911 5909
f 5908 5906 5905
f 5962 5952 4528
f 4528 5963 5962
f 5963 5953 5965
f 4664 6109 5954
f 4673 6109 4667
f 4666 5954 5964
f 6114 5964 5954
f 5965 4666 5964
f 5965 5953 4666
f 5962 5963 5965
f 4528 4527 5963
f 5952 5962 5955
f 5369 5957 5956
f 5957 5367 5956
f 5958 5369 5956
f 6122 5960 5961
f 5988 5959 5966
f 5988 5961 5959
f 5369 5958 5959
f 5959 5958 5966
f 5367 5955 5956
f 5955 5962 5956
f 5962 5965 5956
f 5965 5964 6112
f 5964 6114 6112
f 6112 6111 5965
f 5956 5965 6111
f 5956 6111 5958
f 4571 5958 4569
f 5958 4571 5966
f 4571 4568 4575
f 4568 4574 4575
f 5966 4571 5989
f 5986 4576 5975
f 5978 5975 5973
f 5978 5985 5975
f 5986 5975 5985
f 5968 4579 5969
f 4579 6177 5969
f 5969 6177 5971
f 5968 5969 5970
f 5968 5970 5972
f 5970 5974 5972
f 5970 5969 6176
f 6176 5969 5971
f 5973 5968 5972
f 5976 5972 5974
f 5976 5973 5972
f 5968 5973 4579
f 4579 5973 5975
f 6174 5973 5976
f 5973 6174 5978
f 5990 5967 5986
f 5979 5978 6174
f 5985 5978 5980
f 5978 5979 5980
f 5980 5979 5981
f 5980 5981 5983
f 5981 5979 6174
f 5984 6116 5983
f 5980 5983 6116
f 5980 6116 5985
f 5987 5990 5986
f 5987 5986 6116
f 5985 6116 5986
f 4571 4575 5989
f 5990 4575 5967
f 5990 5989 4575
f 4526 4665 4527
f 4526 4523 4665
f 4665 4523 4662
f 5393 5991 5700
f 5991 5365 5992
f 5700 5991 5992
f 5697 5692 5700
f 5697 5700 5992
f 5683 5997 5993
f 5637 5638 5636
f 5636 6007 5683
f 5683 6007 5997
f 5997 6007 6006
f 5679 5993 5996
f 5993 5997 5998
f 5681 5679 5996
f 5681 5996 5994
f 5995 6016 5681
f 5681 5994 5995
f 5995 5994 6100
f 5998 5996 5993
f 5996 5998 5999
f 5998 5997 6001
f 5997 6006 6000
f 5998 6001 5999
f 5996 5999 5994
f 6020 5994 5999
f 5999 6001 6002
f 6001 5997 6000
f 6000 6002 6001
f 6002 6000 6003
f 6002 6003 5999
f 5999 6003 6021
f 6005 6004 6000
f 6000 6006 5626
f 5627 6006 6007
f 5627 6007 6008
f 6008 6010 5627
f 5636 6008 6007
f 6008 5635 5590
f 5636 5635 6008
f 5590 6010 6008
f 6009 5625 5624
f 5588 5586 6009
f 5590 5589 5588
f 5588 6010 5590
f 6010 5588 6009
f 5687 5686 6013
f 6011 6012 6074
f 6012 6011 5688
f 6074 6012 6048
f 6013 6048 6012
f 6012 5688 6013
f 5672 5677 6014
f 5686 6014 6013
f 6015 6014 5677
f 5677 6017 6015
f 5676 5680 6017
f 5680 5681 6017
f 6016 6017 5681
f 6018 6017 6016
f 6019 6018 6016
f 6016 5995 6019
f 6019 6049 6018
f 6021 6003 6022
f 6022 6101 6021
f 6022 6003 6004
f 6004 6003 6000
f 6101 6022 6030
f 6023 6004 6005
f 6108 6004 6023
f 6004 6108 6022
f 6030 6022 6103
f 6029 6103 6022
f 6023 6005 6026
f 6005 6025 6026
f 5628 6025 6005
f 6028 6026 6025
f 6027 6025 6024
f 6025 5628 6024
f 6025 6027 6028
f 6034 6027 6024
f 6026 6028 6031
f 6023 6026 6108
f 6033 6032 6028
f 6032 6031 6028
f 6108 6026 6031
f 6029 6022 6108
f 6103 6029 6104
f 6033 6028 6027
f 6034 7617 6027
f 6027 7617 6033
f 6034 6024 6037
f 6035 6037 5629
f 6035 6036 6037
f 6035 5630 6036
f 5630 5634 6036
f 5633 6040 6038
f 5633 6038 5634
f 6038 6040 7612
f 7614 6039 7613
f 7614 6036 6039
f 6037 6036 7614
f 6037 7614 7617
f 5634 6039 6036
f 5634 6038 6039
f 6040 6169 7612
f 6039 6038 7612
f 6039 7612 7613
f 6169 7611 7612
f 6169 6040 6672
f 6042 6044 6043
f 5632 6045 6044
f 5560 6152 6046
f 6152 5615 6046
f 5601 6047 5606
f 5616 5606 6047
f 5616 6047 6046
f 5559 6046 6047
f 5609 5607 5606
f 5609 5606 5616
f 6013 6014 6048
f 6015 6048 6014
f 6018 6015 6017
f 6019 6050 6049
f 6019 5995 6099
f 6099 6097 6019
f 6051 6052 6053
f 6060 6051 6053
f 6060 6053 6054
f 5928 6053 6052
f 6053 5928 6055
f 6055 6054 6053
f 6055 5943 6056
f 5943 5944 6058
f 5944 5943 5945
f 6056 5943 6058
f 6060 6059 6071
f 6057 6055 6056
f 6062 6057 6061
f 6061 6057 6066
f 6062 6055 6057
f 6062 6069 6055
f 6069 6054 6055
f 6062 6068 6069
f 6057 6063 6066
f 6063 6057 6064
f 6064 6056 6058
f 6057 6056 6064
f 6065 6066 6063
f 6063 6064 6087
f 6064 6085 6087
f 6064 6058 6085
f 6084 6058 5944
f 6058 6083 6085
f 6089 6063 6087
f 6090 6063 6089
f 6065 6063 6090
f 6067 6062 6061
f 6062 6067 6068
f 6070 6068 6067
f 6068 6059 6069
f 6071 6059 6068
f 6070 6071 6068
f 6688 6070 6067
f 6059 6060 6069
f 6069 6060 6054
f 6072 5950 6073
f 6074 6073 5950
f 6048 6073 6074
f 6050 6072 6073
f 6015 6018 6048
f 6073 6049 6050
f 6019 6097 6050
f 6097 6075 6050
f 6076 6077 6075
f 6075 6072 6050
f 6072 6075 6077
f 6077 6080 5951
f 6076 6724 6078
f 6075 6097 6724
f 6724 6076 6075
f 6077 6076 6078
f 6079 6077 6078
f 6077 6079 6080
f 6081 6080 6079
f 6082 5951 6080
f 6719 5949 6082
f 6058 6084 6083
f 6087 6085 6086
f 6720 6085 6083
f 6083 6084 6720
f 6088 6086 6085
f 6091 6086 6088
f 6090 6089 6696
f 6091 6087 6086
f 6088 6721 6091
f 6085 6720 6088
f 6080 6092 6082
f 6092 6080 6081
f 6093 6092 6081
f 6718 6092 6093
f 6094 6093 6081
f 6093 6094 6095
f 6096 6094 6081
f 6751 6095 6094
f 6081 6079 6096
f 6094 6722 6751
f 6078 6096 6079
f 6096 6722 6094
f 6078 6722 6096
f 6723 6725 6078
f 6723 6078 6724
f 6099 6768 6097
f 6724 6097 6768
f 6768 6099 6098
f 5995 6100 6099
f 6100 5994 6020
f 6021 6020 5999
f 7648 6030 6779
f 6103 6779 6030
f 6029 6102 6104
f 6103 6104 6105
f 6784 6105 6780
f 6105 6104 6107
f 6107 6104 6106
f 6106 6104 6102
f 6108 6031 6102
f 6102 6029 6108
f 5400 4542 5364
f 6109 4673 4674
f 6109 4674 5954
f 6110 5954 4674
f 4674 4675 4563
f 6110 4674 4563
f 6115 6110 4563
f 6114 6115 6113
f 6113 4570 6112
f 6111 6112 4570
f 4569 6111 4570
f 6112 6114 6113
f 6110 6114 5954
f 6114 6110 6115
f 5989 5990 5987
f 5987 5966 5989
f 5988 5966 5987
f 5988 5987 6116
f 6116 5984 5988
f 6117 5983 5982
f 6118 6120 5984
f 6117 5984 5983
f 6118 5984 6117
f 6117 6119 6118
f 6119 6117 5982
f 6162 6118 6119
f 6162 6120 6118
f 6121 6120 6162
f 6122 5984 6120
f 6127 6120 6121
f 6120 6127 6122
f 6122 5961 5988
f 6122 5988 5984
f 5696 5697 5992
f 5992 6124 5696
f 5373 6123 6125
f 6123 5372 5960
f 6123 5960 6127
f 6127 6126 6123
f 6125 6123 6126
f 6124 5373 6125
f 6126 6128 6129
f 6128 6126 6127
f 6131 6129 6128
f 6128 6127 6121
f 6128 6121 6131
f 6130 6131 6135
f 6132 6134 6145
f 6145 6142 6132
f 6137 6133 6132
f 6134 6130 6145
f 6130 6134 5694
f 6136 6132 6142
f 6132 6136 6137
f 6141 6137 6151
f 6137 6141 6133
f 6138 6133 6141
f 5561 6133 6138
f 6140 6139 6138
f 5562 6139 5560
f 6139 6140 5560
f 6138 6141 6140
f 6151 6137 6136
f 6136 6142 6143
f 6144 6143 6142
f 6143 6144 6150
f 6147 6142 6145
f 6144 6142 6147
f 6146 6145 6135
f 6130 6135 6145
f 6145 6146 6147
f 6161 6135 6131
f 6147 6146 6159
f 6159 6158 6147
f 6150 6144 6149
f 6144 6148 6149
f 6143 6153 6136
f 6143 6150 6156
f 6153 6143 6156
f 6140 6141 6154
f 6154 6141 6151
f 6152 5560 6140
f 6152 6140 6154
f 6153 6154 6136
f 6136 6154 6151
f 6152 6154 6153
f 6153 5618 6152
f 6153 6156 5618
f 5618 6156 6155
f 6045 5618 6155
f 6150 6149 6156
f 6168 6149 6148
f 6156 6149 6157
f 6045 6155 6044
f 6155 6043 6044
f 6157 6155 6156
f 6043 6155 6157
f 6166 6148 6158
f 6144 6158 6148
f 6144 6147 6158
f 6165 6158 6163
f 6158 6159 6163
f 6146 6135 6161
f 6131 6121 6161
f 6161 6121 6162
f 6160 5696 6124
f 6160 6124 6125
f 6126 6160 6125
f 6129 6160 6126
f 6122 6127 5960
f 6161 6162 6119
f 6146 6161 6119
f 6119 6171 6159
f 6146 6119 6159
f 6164 6163 6171
f 6163 6159 6171
f 6164 6165 6163
f 6164 6548 6165
f 6164 6172 6548
f 6158 6165 6166
f 6168 6148 6166
f 6168 6166 6167
f 6149 6168 6157
f 6551 6042 6043
f 6672 6041 6169
f 6157 6551 6043
f 6157 6168 6167
f 6167 6166 6170
f 6167 6170 6552
f 6551 6157 6167
f 6167 6550 6551
f 6552 6550 6167
f 6166 6165 6548
f 6548 6172 6547
f 6119 5982 6171
f 6172 6164 6171
f 6544 6172 6171
f 5982 6544 6171
f 5982 5981 6634
f 5983 5981 5982
f 5981 6174 6173
f 5981 6173 6634
f 5977 6173 6174
f 5976 5977 6174
f 6546 5977 6175
f 5976 5974 6175
f 6175 5974 6601
f 6175 6601 6602
f 5974 5970 6601
f 5970 6562 6601
f 5970 6176 6562
f 6600 6177 6214
f 6600 5971 6177
f 4581 6179 6191
f 6178 4581 6191
f 6190 6191 6179
f 4565 6179 4580
f 6189 6180 4596
f 4590 4599 6185
f 4599 6181 6185
f 6181 6197 6196
f 6181 6183 6182
f 6181 6196 6183
f 4599 6197 6181
f 6198 6196 6197
f 6182 6183 6186
f 6184 6181 6182
f 6186 6184 6182
f 6184 6185 6181
f 6188 4590 6185
f 6185 6184 6192
f 6184 6187 6192
f 6192 4598 6188
f 6188 6185 6192
f 5611 5614 5612
f 7646 5623 5628
f 6000 5626 6005
f 5626 7646 6005
f 4565 6180 6189
f 4565 6189 6190
f 4565 6190 6179
f 6189 4598 6190
f 4598 6192 6190
f 6190 6192 6187
f 6187 6191 6190
f 6178 6191 6187
f 6208 6187 6184
f 6186 6193 6184
f 6199 6209 6186
f 6199 6186 6195
f 6195 6186 6183
f 6194 6183 6200
f 6183 6196 6200
f 6197 4601 4602
f 6197 4602 6198
f 6196 6198 6200
f 6183 6194 6195
f 6195 6194 6416
f 6195 6416 6199
f 6194 6415 6416
f 6398 6198 4602
f 4606 6203 4602
f 4602 6203 6202
f 4593 4606 4602
f 6201 4610 4609
f 4605 4604 6201
f 4606 6201 6203
f 4602 6409 6398
f 6204 6201 4609
f 4610 4611 4609
f 4934 6206 6205
f 6207 6205 6206
f 6178 6187 6210
f 6210 6177 6178
f 6210 6187 6208
f 6208 6184 6193
f 6208 6193 6210
f 6193 6186 6209
f 6209 6199 6219
f 6211 6193 6209
f 6219 6211 6209
f 6210 6193 6211
f 6211 6213 6210
f 6210 6214 6177
f 6213 6214 6210
f 6213 6211 6219
f 6213 6219 6212
f 6215 6213 6212
f 6212 6219 6216
f 6217 6216 6219
f 6219 6417 6217
f 6417 6218 6631
f 6199 6417 6219
f 4928 4940 4969
f 6220 4692 4929
f 6221 4929 4692
f 4929 6221 6246
f 6221 4968 4967
f 4967 6246 6221
f 6246 4967 6222
f 6222 4966 6246
f 4966 6222 6224
f 6225 6224 6223
f 6225 6223 6227
f 6223 6226 6227
f 4964 6226 6223
f 6225 6232 6224
f 6226 4964 6229
f 6227 6226 6228
f 6229 4964 6230
f 4963 4958 6231
f 6233 6224 6232
f 6236 6233 6232
f 6237 6233 6236
f 6236 6238 6237
f 6225 6236 6232
f 6236 6227 6234
f 6227 6228 6234
f 6229 6228 6226
f 6228 6235 6234
f 6240 6234 6235
f 6240 6235 6405
f 6405 6235 6404
f 6236 6225 6227
f 6245 6237 6238
f 6236 6239 6238
f 6240 6236 6234
f 6239 6236 6240
f 6400 6239 6240
f 6240 6241 6400
f 6400 6241 6401
f 6400 6243 6242
f 6242 6239 6400
f 6244 6242 6243
f 6399 6244 6243
f 6242 6245 6239
f 6204 6543 6244
f 6543 6242 6244
f 6543 6207 6242
f 6207 6245 6242
f 6207 6206 4936
f 4936 6245 6207
f 6237 4936 6249
f 6238 6239 6245
f 6237 6245 4936
f 6246 6248 6247
f 6248 4930 6247
f 4923 6248 4935
f 6233 4966 6224
f 6233 6249 4966
f 4966 6249 6248
f 6246 4966 6248
f 6233 6237 6249
f 6250 4925 4926
f 4933 4925 6250
f 3803 3678 3804
f 6254 6253 3449
f 6254 3449 3450
f 6252 6253 6255
f 6253 6254 6255
f 6255 6254 6257
f 6254 3450 6256
f 6254 6256 6257
f 6257 6256 5820
f 6257 5820 5814
f 5798 6263 3771
f 6259 6260 6261
f 6263 5798 6264
f 5798 6262 6264
f 6261 6262 6259
f 3710 5800 6260
f 5800 7806 6266
f 5800 6266 6319
f 6267 6319 6266
f 6265 6266 7806
f 6265 6268 6266
f 6266 6270 6377
f 6268 6270 6266
f 7807 6269 6265
f 7806 7807 6265
f 6269 7807 6279
f 6265 6269 6275
f 6265 6270 6268
f 6270 6271 6320
f 6274 6275 6269
f 6274 6269 6273
f 6280 6273 6269
f 6265 6275 6270
f 6271 6378 6320
f 6271 6322 6378
f 6323 6321 6274
f 6280 6276 6273
f 6280 6269 6281
f 6272 6281 6269
f 6279 6272 6269
f 6286 6279 7807
f 6279 6286 6277
f 6278 6279 6277
f 6284 6281 6272
f 6279 6284 6272
f 6281 6284 6283
f 6282 6284 6285
f 6284 6279 6285
f 6285 6279 6278
f 6278 6287 6288
f 6277 6287 6278
f 6277 6286 6287
f 6288 6285 6278
f 6287 6296 6288
f 6288 6296 6289
f 6289 6296 6326
f 6291 6287 6286
f 6287 6291 6296
f 6291 6286 6290
f 6290 6286 7808
f 7808 6293 6290
f 6295 6290 6293
f 6290 6295 6292
f 6294 6295 6293
f 6304 6293 6305
f 6304 6294 6293
f 6295 6294 6298
f 6290 6292 6291
f 6295 6328 6292
f 6301 6294 6304
f 6297 6298 6294
f 6297 6299 6298
f 6297 6300 6299
f 6297 6302 6300
f 6301 6297 6294
f 6297 6301 6302
f 6303 6302 6301
f 6301 6342 6303
f 6304 6305 6301
f 6306 6305 7808
f 7887 6306 7891
f 7888 6308 6305
f 6305 6308 6301
f 6301 6308 6307
f 6301 6307 8505
f 5833 6307 6308
f 5839 6307 5833
f 8504 6307 5839
f 5839 5841 8504
f 8504 5841 8505
f 5841 6350 6311
f 6309 5841 6311
f 6341 5841 6309
f 6341 8505 5841
f 6310 6309 6311
f 6347 6309 6310
f 8506 6310 6311
f 6313 1696 6315
f 6313 6315 6316
f 6315 1698 6314
f 6316 6315 6314
f 1688 6316 6354
f 6313 6316 1688
f 6354 3455 1688
f 5709 3772 3773
f 3772 3794 3750
f 3794 3772 5709
f 6263 6264 6317
f 6264 6262 6371
f 6261 6260 5800
f 6371 6262 6261
f 6317 6264 6318
f 3771 6263 6317
f 6317 5711 3771
f 6317 6318 5795
f 6371 7754 6264
f 6319 6369 5800
f 6376 6267 6266
f 6319 6267 6375
f 6377 6376 6266
f 6377 6270 6320
f 6271 6275 6321
f 6271 6321 6322
f 6270 6275 6271
f 6273 6323 6274
f 6280 6281 6276
f 6281 6283 6276
f 6276 6323 6273
f 6323 6380 6321
f 6322 6321 6380
f 6276 7826 6323
f 7826 6324 6323
f 6323 6324 6382
f 6276 6283 7826
f 6325 6283 6284
f 6284 7824 6325
f 6325 7826 6283
f 7824 6284 6282
f 6288 6289 7824
f 7824 7829 6325
f 6333 6289 6326
f 6291 6292 6296
f 6328 6298 6327
f 6292 6328 6296
f 6327 6296 6328
f 6295 6298 6328
f 6299 6327 6298
f 6332 6327 6299
f 6299 6300 6329
f 6300 6330 6329
f 6299 6329 6332
f 6331 6329 6337
f 6332 6329 6331
f 6327 6326 6296
f 6327 6332 6326
f 6331 6333 6332
f 6334 6333 6331
f 6333 6335 6289
f 6334 6331 6336
f 6333 6334 6335
f 6331 6337 6336
f 6336 7799 6334
f 7799 6335 6334
f 6330 6337 6329
f 7804 6337 6330
f 6330 6338 7804
f 6338 6330 6340
f 6339 6340 6330
f 6330 6300 6339
f 6339 6348 6340
f 6302 6339 6300
f 6342 6301 6341
f 6301 8505 6341
f 6341 6309 6303
f 6341 6303 6342
f 6310 6343 6348
f 6310 8506 6343
f 6343 6344 6345
f 6343 6345 6349
f 6343 6349 6348
f 6310 6348 6347
f 6303 6309 6347
f 6347 6302 6303
f 6347 6348 6302
f 6302 6348 6339
f 6348 6349 6340
f 6349 6345 6346
f 6344 8774 6345
f 6345 8774 6346
f 6343 6351 6344
f 6352 6344 6351
f 6350 6351 6343
f 6312 6352 6351
f 6352 6354 6353
f 6354 6352 6312
f 6357 6353 6354
f 3455 6354 6312
f 6353 6357 6359
f 6360 6352 6353
f 6357 6358 6359
f 6316 6356 6354
f 6356 6316 6355
f 6361 6353 6359
f 6358 8813 6359
f 6360 6353 6361
f 6360 6344 6352
f 6360 6361 8809
f 6354 8940 6357
f 8948 6355 6316
f 6314 1701 8955
f 8955 1701 8954
f 8954 1701 8953
f 1701 8949 8953
f 1702 8287 1699
f 1702 8959 8287
f 6898 6362 8286
f 8286 1702 6898
f 6898 8721 6362
f 6898 1702 6363
f 4382 1703 1705
f 1694 1705 1704
f 6847 6366 6365
f 1706 6847 1685
f 1685 6847 1692
f 6847 1706 6366
f 6367 6365 6366
f 6805 5279 1625
f 6368 1625 5282
f 6365 5282 5281
f 6368 5282 6365
f 1625 6368 6805
f 5277 5279 1707
f 5277 5278 5279
f 5800 6369 6370
f 5800 6370 6261
f 6370 6372 6371
f 6370 6369 6374
f 6374 6372 6370
f 6319 6373 6369
f 6374 6373 7823
f 6267 6376 6375
f 6322 6380 6379
f 6387 6322 6379
f 6322 6387 6378
f 6379 6380 6384
f 6381 6323 6382
f 6323 6381 6380
f 6385 6383 6382
f 6382 6383 6381
f 6380 6381 6384
f 6383 6385 6389
f 6383 6384 6381
f 6382 6324 6385
f 7828 6324 7826
f 7828 6397 6324
f 6389 7782 6383
f 6383 7782 6384
f 6379 6384 6386
f 8777 6387 6386
f 6387 6379 6386
f 7771 6386 6384
f 7782 6388 7771
f 7782 7771 6384
f 6389 6385 7785
f 7784 7782 6389
f 7784 6389 7785
f 6391 6385 6324
f 6391 7785 6385
f 6392 7785 6391
f 6324 6390 6391
f 6397 6390 6324
f 6390 6393 6391
f 6391 6393 6392
f 6393 6394 6392
f 6390 6395 6393
f 6394 6393 7788
f 6395 6390 6397
f 6395 7788 6393
f 7788 6395 7792
f 6395 6397 6396
f 6198 6398 6200
f 6200 6410 6194
f 6410 6200 6398
f 4602 6202 6409
f 6401 6243 6400
f 6243 6408 6399
f 6402 6401 6241
f 6402 6403 6413
f 6402 6241 6403
f 6240 6406 6241
f 6241 6406 6403
f 6240 6405 6406
f 6404 6406 6405
f 6421 6406 6404
f 6235 6430 6427
f 6235 6228 6430
f 6235 6427 6428
f 6407 6235 6428
f 6404 6235 6407
f 6422 6404 6407
f 6203 6399 6202
f 6401 6408 6243
f 6399 6408 6202
f 6409 6408 6411
f 6408 6409 6202
f 6409 6410 6398
f 6409 6411 6410
f 6411 6401 6402
f 6411 6408 6401
f 6412 6410 6411
f 6414 6410 6412
f 6412 6411 6402
f 6413 6412 6402
f 6412 6413 6414
f 6633 6415 6414
f 6633 6414 6540
f 6414 6539 6540
f 6414 6413 6539
f 6418 6539 6413
f 6204 6203 6201
f 6399 6203 6204
f 6204 6244 6399
f 6414 6194 6410
f 6415 6194 6414
f 6633 6416 6415
f 6199 6416 6417
f 6403 6418 6413
f 6419 6539 6418
f 6419 6418 6420
f 6419 6420 6423
f 6421 6423 6420
f 6421 6420 6418
f 6418 6403 6421
f 6403 6406 6421
f 6422 6421 6404
f 6421 6422 6423
f 6423 6422 6424
f 6407 6428 6422
f 6426 6422 6428
f 6423 6424 6425
f 6425 6419 6423
f 6425 6424 6445
f 6436 6422 6426
f 6428 6434 6426
f 6426 6434 6435
f 6428 6429 6434
f 6427 6432 6428
f 6429 6428 6432
f 6427 6430 6432
f 6228 6229 6430
f 6229 6230 6431
f 6430 6229 6431
f 6431 6230 6231
f 6231 6230 4963
f 6431 6231 6921
f 6435 6436 6426
f 6429 6432 6433
f 6434 6429 6433
f 6440 6443 6433
f 6434 6433 6443
f 6433 6438 6440
f 6432 6438 6433
f 6437 6438 6432
f 6439 6438 6437
f 6438 6439 6900
f 6441 6443 6440
f 6441 6440 6901
f 6438 6900 6440
f 6900 6901 6440
f 6441 6901 6902
f 6441 6442 6903
f 6903 6443 6441
f 6903 6442 6908
f 6435 6434 6443
f 6444 6424 6436
f 6444 6436 6435
f 6904 6435 6903
f 6444 6435 6904
f 6444 6904 6535
f 6424 6444 6445
f 6445 6444 6536
f 6444 6535 6536
f 6536 6447 6445
f 6536 6446 6447
f 6448 6447 6446
f 6447 6448 6450
f 6447 6450 6449
f 6447 6449 6445
f 6537 6425 6445
f 6537 6445 6449
f 6632 6449 6450
f 6451 6450 6448
f 6455 6450 6451
f 6451 6448 6452
f 6446 6452 6448
f 6453 6451 6452
f 6454 6451 6453
f 6460 6454 6453
f 6632 6450 6455
f 6467 6455 6456
f 6455 6467 6631
f 6457 6467 6456
f 6455 6451 6454
f 6454 6460 6456
f 6456 6460 6459
f 6459 6458 6456
f 6457 6458 6470
f 6457 6456 6458
f 6454 6456 6455
f 6457 6466 6467
f 6462 6461 6459
f 6462 6459 6460
f 6453 6452 6462
f 6453 6462 6460
f 6459 6461 6458
f 6461 6477 6465
f 6458 6461 6465
f 6477 6461 6478
f 6461 6462 6478
f 6452 6463 6462
f 6462 6463 6464
f 6467 6469 6631
f 6469 6467 6466
f 6570 6469 6466
f 6570 6466 6468
f 6466 6457 6470
f 6470 6472 6471
f 6466 6470 6471
f 6472 6620 6471
f 6620 6472 6473
f 6472 6470 6458
f 6472 6458 6473
f 6475 6474 6473
f 6473 6458 6475
f 6458 6476 6475
f 6476 6458 6465
f 6476 6465 6493
f 6479 6493 6465
f 6479 6465 6477
f 6479 6477 6478
f 6479 6478 6480
f 6480 6481 6479
f 6481 6480 6487
f 6487 6480 6464
f 6478 6464 6480
f 6462 6464 6478
f 6464 6482 6518
f 6452 6484 6463
f 6452 6446 6484
f 6464 6463 6482
f 6463 6483 6482
f 6463 6484 6483
f 6483 6484 6485
f 6485 6484 6446
f 6446 6534 6485
f 6486 6483 6485
f 6482 6483 6486
f 6464 6518 6487
f 6487 6507 6488
f 6489 6488 6490
f 6489 6487 6488
f 6481 6487 6491
f 6491 6487 6489
f 6489 6969 6491
f 6491 6969 6479
f 6969 6493 6479
f 6493 6969 6492
f 6496 6493 6492
f 6476 6495 6475
f 6494 6475 6495
f 6494 6474 6475
f 6494 6495 6573
f 6476 6493 6495
f 6496 6495 6493
f 6496 6492 6576
f 6497 6489 6490
f 6969 6489 6578
f 6583 6489 6497
f 6489 6583 6578
f 6498 6497 6490
f 6501 6497 6500
f 6500 6497 6498
f 6510 6498 6512
f 6499 6500 6498
f 6502 6500 6508
f 6501 6500 6503
f 6503 6500 6502
f 6503 6502 6504
f 6503 6504 6584
f 6505 6504 6502
f 6502 6506 6505
f 6502 6508 6506
f 6508 6500 6499
f 6498 6510 6499
f 6512 6498 6490
f 6488 6507 6512
f 6488 6512 6490
f 6508 6499 6510
f 6506 6508 7400
f 7400 6508 6509
f 7399 7400 6509
f 6508 6510 6509
f 6512 6511 6510
f 6513 6511 6512
f 6513 6512 6514
f 6513 7003 6511
f 6512 6507 6514
f 6514 6521 6513
f 6482 6533 6516
f 6515 6516 6533
f 6507 6516 6517
f 6518 6516 6507
f 6482 6516 6518
f 6487 6518 6507
f 6517 6514 6507
f 6514 6519 6521
f 6514 6517 6519
f 6523 6522 6519
f 6523 6519 6517
f 6520 6521 6519
f 6520 6519 7317
f 6519 6522 7317
f 6524 7317 6522
f 6532 6522 6523
f 6525 6522 6532
f 6523 6515 6532
f 6516 6523 6517
f 6516 6515 6523
f 6524 6522 6525
f 6526 6525 6532
f 6529 6525 6526
f 6527 6525 6529
f 6528 6527 6529
f 6525 6527 6524
f 6529 6530 6528
f 6530 6531 6528
f 6485 6530 6529
f 6532 6515 6526
f 6515 6533 6526
f 6486 6533 6482
f 6486 6526 6533
f 6485 6927 6530
f 6534 6927 6485
f 6535 6534 6446
f 6536 6535 6446
f 6538 6539 6419
f 6538 6419 6425
f 6632 6537 6449
f 6542 6541 6537
f 6542 6537 6632
f 6425 6537 6541
f 6539 6538 6540
f 6538 6425 6541
f 6541 6540 6538
f 6633 6540 6541
f 6541 6218 6633
f 6542 6218 6541
f 4609 6205 6207
f 6543 6204 4609
f 4609 6207 6543
f 5982 6634 6544
f 6546 6173 5977
f 6634 6173 6546
f 6546 6175 6545
f 6175 6602 6545
f 6545 6602 6555
f 6546 6172 6544
f 6546 6545 6172
f 6549 6166 6548
f 6549 6170 6166
f 6549 6552 6170
f 6550 6552 6553
f 6550 6553 6554
f 6551 6550 6673
f 6673 6550 6554
f 6553 6552 6649
f 6648 6549 6548
f 6648 6548 6547
f 6547 6172 6545
f 6559 6555 6602
f 6545 6555 6557
f 6557 6555 6556
f 6555 6559 6556
f 6547 6545 6557
f 6557 6556 6558
f 6558 6547 6557
f 6558 6556 6653
f 6653 6556 6646
f 6556 6559 6560
f 6559 6602 6561
f 6560 6617 6556
f 6559 6561 6560
f 6603 6561 6602
f 6176 5971 6563
f 6563 6562 6176
f 5971 6600 6563
f 6563 6600 6567
f 6567 6566 6565
f 6600 6566 6567
f 6214 6215 6600
f 6215 6214 6213
f 6215 6212 6564
f 6569 6212 6568
f 6212 6565 6564
f 6565 6212 6569
f 6566 6564 6565
f 6216 6568 6212
f 6568 6570 6569
f 6216 6217 6469
f 6216 6469 6568
f 6469 6570 6568
f 6468 6466 6471
f 6468 6471 6570
f 6471 6606 6570
f 6494 6571 6474
f 6574 6571 6494
f 6571 6619 6474
f 6574 6572 6571
f 6574 6494 6573
f 6573 6495 6496
f 6574 6573 6575
f 6573 6576 6575
f 6577 6575 6576
f 6576 6573 6496
f 6578 6492 6969
f 6574 6575 6577
f 6582 6576 6579
f 6577 6576 6582
f 6576 6492 6578
f 6578 6579 6576
f 6582 6579 6581
f 6579 6578 6580
f 6580 6581 6579
f 6581 6580 6596
f 6597 6599 6581
f 6581 6596 6597
f 6501 6583 6497
f 6501 6503 6594
f 6503 6585 6594
f 6584 6504 6587
f 6503 6584 6585
f 6585 6584 6589
f 6584 6587 6586
f 6589 6584 6586
f 6587 6504 6992
f 6587 6588 6586
f 6590 6589 6586
f 6589 6590 6593
f 6598 6593 6590
f 6590 6591 6598
f 6592 6589 6593
f 6589 6594 6585
f 6595 6501 6594
f 6595 6583 6501
f 6583 6595 6578
f 6595 6580 6578
f 6592 6594 6589
f 6594 6592 6595
f 6595 6592 6596
f 6596 6580 6595
f 6592 6593 6596
f 6596 6593 6597
f 6599 6597 6598
f 6593 6598 6597
f 5977 5976 6175
f 6600 6215 6564
f 6600 6564 6566
f 6603 6602 6601
f 6603 6611 6561
f 6562 6603 6601
f 6603 6563 6604
f 6562 6563 6603
f 6567 6604 6563
f 6567 6565 6607
f 6609 6567 6607
f 6565 6569 6607
f 6609 6604 6567
f 6607 6618 6609
f 6607 6569 6606
f 6569 6570 6606
f 6620 6605 6606
f 6620 6606 6471
f 6618 6607 6606
f 6618 6606 6605
f 6608 6609 6618
f 6604 6609 6608
f 6608 6618 6635
f 6610 6604 6608
f 6603 6604 6610
f 6603 6610 6611
f 6560 6561 6611
f 6617 6560 6611
f 6646 6556 6617
f 6638 6613 6612
f 6615 6638 6614
f 6614 6638 6612
f 6644 6613 6643
f 6613 6638 6643
f 6615 6614 6616
f 6611 6616 6614
f 6611 6614 6617
f 6612 6617 6614
f 6605 6620 6623
f 6620 6473 6474
f 6619 6620 6474
f 6624 6623 6619
f 6623 6620 6619
f 6624 6619 6622
f 6622 6619 6571
f 6622 6571 6572
f 6574 6629 6572
f 6572 6629 6621
f 6622 6572 6621
f 6625 6622 6621
f 6625 6621 6626
f 6630 6621 6627
f 6574 6577 6629
f 6628 6629 6577
f 6628 6930 6629
f 6929 6628 6934
f 6577 6582 6628
f 6628 6582 6934
f 6930 6628 6932
f 6627 6629 6930
f 6621 6629 6627
f 6417 6631 6217
f 6217 6631 6469
f 6631 6218 6632
f 6631 6632 6455
f 6417 6416 6218
f 6542 6632 6218
f 6416 6633 6218
f 6544 6634 6546
f 6635 6610 6608
f 6624 6616 6635
f 6623 6624 6635
f 6623 6635 6618
f 6623 6618 6605
f 6622 6636 6624
f 6616 6624 6636
f 6636 6622 6625
f 6626 6641 6625
f 6637 6636 6625
f 6645 6613 6644
f 6671 6646 6613
f 6645 6671 6613
f 6641 6638 6615
f 6615 6637 6641
f 6637 6625 6641
f 6638 6639 6643
f 6640 6643 6639
f 6639 6928 6640
f 6638 6641 6639
f 6639 6641 6928
f 6646 6612 6613
f 6646 6617 6612
f 6647 6558 6653
f 6647 6547 6558
f 6648 6547 6647
f 6549 6648 6651
f 6649 6549 6651
f 6552 6549 6649
f 6650 6649 6651
f 6553 6649 6650
f 6651 6667 6650
f 6651 6648 6647
f 6652 6651 6647
f 6651 6652 6667
f 6653 6646 6671
f 6671 6645 6657
f 6645 6644 6643
f 6645 6643 6640
f 6640 6654 6645
f 6654 6640 6642
f 6645 6654 6656
f 6645 6656 6657
f 6654 6642 6959
f 6959 6642 6939
f 6656 6654 6959
f 6656 6660 6657
f 6660 6656 6655
f 6655 6656 6959
f 6655 6658 6660
f 6655 6956 6658
f 6956 6659 6658
f 6963 6950 6659
f 6957 6659 6956
f 6658 6669 6660
f 6658 6659 6661
f 6658 6661 6662
f 6662 6669 6658
f 6950 6661 6659
f 6953 6662 6661
f 6664 6663 6662
f 6953 6664 6662
f 6666 6953 6665
f 6953 6666 6664
f 6666 6668 6664
f 7573 6666 6665
f 6666 7573 6650
f 6650 6667 6666
f 6668 6666 6667
f 6667 6652 6668
f 6663 6664 6668
f 6663 6669 6662
f 6657 6660 6670
f 6669 6670 6660
f 6668 6669 6663
f 6669 6668 6652
f 6669 6652 6670
f 6670 6652 6653
f 6647 6653 6652
f 6670 6671 6657
f 6670 6653 6671
f 6616 6636 6615
f 6611 6610 6616
f 6610 6635 6616
f 6551 6041 6042
f 6042 6041 6672
f 6551 6673 6041
f 6041 6673 7596
f 6553 6650 7573
f 6554 6553 7573
f 6436 6424 6422
f 4970 4943 4955
f 4969 4940 6674
f 6674 4940 4970
f 4351 4373 6675
f 4373 4359 6676
f 4373 6676 6675
f 4372 6675 6676
f 6678 4327 4372
f 6678 4372 4371
f 6677 6678 4330
f 4327 6678 6677
f 4370 4330 6678
f 4330 4370 8849
f 4338 4330 8849
f 8849 6679 4338
f 6679 8849 8769
f 6679 8768 4342
f 6680 4342 8768
f 6682 4342 6680
f 6685 6682 6680
f 6680 6681 6685
f 6685 6681 6684
f 6683 4409 6682
f 6683 6684 4424
f 6685 6684 6683
f 6683 6682 6685
f 4307 4308 6686
f 4354 6686 4308
f 6692 6687 6061
f 6691 6688 6687
f 6067 6061 6687
f 6687 6688 6067
f 6689 6688 6691
f 6070 6688 6689
f 6070 6689 6690
f 6691 6687 6692
f 6692 6061 6066
f 6066 6065 6692
f 6691 6692 6694
f 6694 6700 6691
f 6693 6694 6692
f 6693 6692 6065
f 6698 6694 6693
f 6065 6695 6693
f 6695 6065 6090
f 6090 6696 6695
f 6697 6695 6696
f 6702 6695 6697
f 6699 6694 6698
f 6700 6694 6699
f 6701 6700 6699
f 6693 6702 6698
f 6702 6693 6695
f 6698 6702 6703
f 6699 6698 6703
f 6703 6702 6704
f 6702 6697 6704
f 6704 6697 6715
f 6706 6704 6705
f 6704 6715 6705
f 8854 6704 6706
f 8757 8854 6706
f 8757 6703 8854
f 6706 6705 6707
f 6708 6707 6705
f 6708 6705 6709
f 6709 6705 6710
f 6715 6710 6705
f 6710 6711 6709
f 6709 6711 8772
f 8772 6711 6713
f 6711 6712 6713
f 7650 6712 7649
f 6712 7650 6713
f 6713 6738 6714
f 8772 6713 6714
f 6714 8756 8772
f 6713 7650 6738
f 6697 6696 6710
f 6715 6697 6710
f 6089 6716 6696
f 6091 6716 6087
f 6716 6089 6087
f 6716 6710 6696
f 6711 6710 6716
f 6711 6716 6712
f 6719 6082 6092
f 6718 6093 6717
f 6720 6719 6092
f 6720 6084 6719
f 6720 6092 6088
f 6092 6718 6088
f 6721 6088 7649
f 7649 6088 6718
f 6717 6093 6095
f 6751 6732 6095
f 6751 6722 6731
f 6722 6078 6725
f 6722 6725 6726
f 6763 6723 6724
f 6763 6727 6723
f 6722 6726 8703
f 6726 6725 8703
f 6725 6723 6728
f 6725 6728 8703
f 6723 6727 6728
f 6728 6727 6764
f 6730 6728 6729
f 6730 8703 6728
f 6764 6729 6728
f 6731 6722 8703
f 6732 6751 6754
f 6735 6732 6733
f 6735 6737 6732
f 6737 6095 6732
f 6734 6736 6735
f 6736 6738 6735
f 6736 8771 6738
f 6735 6738 6737
f 8771 6714 6738
f 6739 8771 6736
f 6739 6736 6741
f 6736 6740 6741
f 6740 6736 6734
f 6739 8739 8771
f 8697 8738 6739
f 6739 6741 8697
f 6741 6740 6745
f 8697 6741 6742
f 6742 6741 6745
f 6743 6744 6742
f 6744 8697 6742
f 8710 6744 6743
f 6740 6734 6746
f 6745 6740 6747
f 6742 6745 8699
f 6742 8699 6743
f 6747 8699 6745
f 6740 6748 6747
f 6740 6749 6748
f 6740 6746 6749
f 6746 6734 6733
f 6734 6735 6733
f 6733 6754 6746
f 6754 6749 6746
f 6733 6732 6754
f 6753 6751 6731
f 6752 6751 6753
f 6750 6751 6752
f 6750 6752 6760
f 6761 6752 6753
f 6760 6756 6750
f 6754 6751 6750
f 6750 6756 6754
f 6754 6756 6749
f 6756 6757 6755
f 6757 6756 6760
f 6756 6755 6749
f 6758 8691 6757
f 6758 6759 8690
f 6759 6758 7711
f 6760 6752 8705
f 6760 8705 6757
f 6752 6761 8705
f 6753 6730 6761
f 6730 6765 6761
f 6730 6729 6765
f 6764 6727 6762
f 6727 6763 6771
f 6724 6768 6763
f 6727 6771 6762
f 6766 6729 6764
f 6766 6765 6729
f 6762 6766 6764
f 6767 6765 6766
f 7710 6765 6767
f 6766 7708 6767
f 7707 7708 6766
f 6772 6766 6762
f 6766 6772 7707
f 6762 6786 6772
f 6763 6768 6771
f 6770 6768 6098
f 6770 6098 6769
f 6769 6775 6770
f 6769 6776 6775
f 7647 6769 6098
f 6785 6775 6776
f 6771 6768 6770
f 6762 6771 6778
f 6778 6786 6762
f 7706 6772 6786
f 7706 6773 6772
f 7706 6786 6774
f 6778 6775 6786
f 6771 6770 6778
f 6769 7648 6776
f 6769 6101 7648
f 6776 7648 6777
f 6777 7648 6779
f 6776 6777 6785
f 6770 6775 6778
f 6777 6787 6785
f 6103 6105 6779
f 6105 6784 6779
f 6105 6107 6780
f 6107 6782 6780
f 6106 6102 6031
f 6782 6107 6781
f 6788 6784 6780
f 6782 6788 6780
f 6788 6782 6783
f 6783 6782 6793
f 6777 6784 6787
f 6785 6789 6775
f 6775 6789 6774
f 6787 6789 6785
f 6787 6784 7705
f 6784 6788 7705
f 6790 6789 6787
f 6774 6789 6790
f 6774 6790 7706
f 7706 6790 7682
f 7681 6790 6787
f 6788 6783 7705
f 7658 6783 6791
f 7658 6791 8628
f 6791 6793 7661
f 6783 6793 6791
f 6792 6793 6782
f 6792 6781 6795
f 6793 7651 7661
f 6793 6792 7651
f 6794 6792 6795
f 6106 7619 6107
f 6107 7619 6781
f 6781 7619 6795
f 6799 6794 6795
f 6795 6796 6799
f 6796 6797 6799
f 6795 6798 6796
f 6792 6794 7651
f 6797 7588 6799
f 6800 7621 6797
f 6796 6800 6797
f 6796 6798 6800
f 6106 6798 7619
f 6106 6801 6798
f 6032 6033 6801
f 6033 6803 6801
f 6033 6802 6803
f 6803 6800 6798
f 6798 6801 6803
f 6797 7621 7588
f 6800 6803 7621
f 6803 6802 7620
f 6803 7620 7621
f 7605 7620 6802
f 6802 7615 7605
f 7615 6802 6804
f 6802 6033 6804
f 6033 7617 6804
f 7617 6034 6037
f 6048 6018 6049
f 6048 6049 6073
f 6365 6367 6368
f 6367 6805 6368
f 6805 6367 1707
f 5279 6805 1707
f 6806 5277 1707
f 6365 5281 4381
f 4382 1705 6365
f 4382 6365 4381
f 6810 6888 6808
f 4382 6807 6808
f 1703 4382 6808
f 6889 1703 6808
f 6838 6813 6809
f 6809 6813 6812
f 6809 6812 6811
f 6810 6809 6811
f 6813 6838 6825
f 6813 6826 6828
f 6813 6825 6826
f 4386 4391 6814
f 4386 6814 6815
f 6815 6814 6816
f 4386 6815 6818
f 6818 6815 6820
f 6815 6816 6820
f 6816 6819 6820
f 6818 6820 6817
f 6816 6833 6819
f 6820 6819 6832
f 6817 6820 6821
f 6817 6821 6823
f 6823 6821 6822
f 6820 6832 6821
f 6821 6832 6831
f 6824 6817 6823
f 6825 6818 6817
f 6825 6817 6824
f 4386 6818 6825
f 6826 6825 6824
f 6830 6826 6824
f 6828 6826 6827
f 6851 6828 6853
f 6830 6827 6826
f 6829 6827 6830
f 6830 6824 6823
f 6832 6866 6867
f 6872 6832 6819
f 6832 6872 6866
f 6866 6872 8723
f 6819 6834 6872
f 6833 6834 6819
f 6835 6873 6833
f 6875 6834 6833
f 6875 6833 6873
f 6836 6873 6835
f 6816 6835 6833
f 6816 8911 6835
f 6814 8911 6816
f 8911 6814 8910
f 4405 4424 6684
f 6839 4425 6842
f 4379 4325 4333
f 4319 4333 4325
f 6841 4379 4333
f 6840 4379 6841
f 6841 4333 4337
f 4417 6841 4337
f 6842 6840 6844
f 6844 6840 8917
f 6839 6842 6843
f 6842 6844 6843
f 6846 6840 6841
f 6840 6846 8917
f 6841 4416 6846
f 6810 6848 6888
f 6812 6813 6828
f 6812 6828 6851
f 6811 6848 6810
f 6811 6850 6848
f 6811 6812 6850
f 6812 6851 6849
f 6850 6812 6849
f 6860 6850 6849
f 6860 6849 6859
f 6849 6852 6859
f 6849 6851 6854
f 6854 6851 6853
f 6849 6854 6852
f 6853 6828 6829
f 6854 6853 6855
f 6853 6829 6855
f 6829 6828 6827
f 6823 6856 6829
f 6830 6823 6829
f 6856 6823 6858
f 6821 6831 6822
f 6831 6857 6822
f 6823 6822 6857
f 6823 6857 6858
f 6829 6856 6862
f 6855 6829 6862
f 6862 6856 6858
f 6859 8712 6860
f 6858 6857 6861
f 6862 6858 6864
f 6863 6862 6864
f 6862 6863 6855
f 6855 6863 6854
f 6858 6861 6865
f 6858 6865 6864
f 6861 8708 6865
f 6869 8708 6861
f 6861 6857 6831
f 6861 6831 6868
f 6832 6867 6831
f 6871 6868 6831
f 6861 6868 6869
f 6869 6868 6870
f 6871 6831 6867
f 6871 8745 6868
f 6868 8745 8722
f 6834 8724 6872
f 6875 8724 6834
f 8912 6836 6835
f 8910 8912 6835
f 6873 6836 6874
f 6874 6875 6873
f 6875 6874 6878
f 6874 6836 6877
f 6876 6836 8912
f 6836 6876 6877
f 6877 6876 8909
f 8908 6874 6877
f 8908 6878 6874
f 8908 8914 6878
f 8909 8908 6877
f 8914 6880 6878
f 6880 6879 6878
f 8908 8913 8914
f 6881 8913 8908
f 6882 6883 8904
f 8904 6883 6881
f 8913 6881 6883
f 6883 6884 8913
f 6882 6884 6883
f 4401 6882 4400
f 8904 4400 6882
f 4400 8904 8905
f 6848 6885 6887
f 6848 6850 6885
f 6885 6850 6886
f 6848 6887 6888
f 6808 6888 6889
f 6899 6889 6887
f 6887 6889 6888
f 6887 6885 6886
f 6886 6850 8719
f 6890 6896 6860
f 6893 6896 6890
f 6860 8712 6890
f 6859 6891 8712
f 6859 6892 6891
f 6852 6892 6859
f 6854 6863 6852
f 6863 6864 8711
f 6852 6863 6892
f 6892 6863 8711
f 8712 6893 6890
f 6896 6893 8719
f 8719 6893 6897
f 6897 6893 6895
f 6895 6893 6894
f 8718 6897 8720
f 6897 8718 6898
f 8719 6897 6898
f 6898 6886 8719
f 6886 6899 6887
f 6899 6886 6898
f 6898 6363 6899
f 6899 6363 6364
f 6364 6363 1702
f 6899 6364 6889
f 6921 6231 4986
f 6921 4987 6439
f 4988 4991 6900
f 6900 6439 4988
f 6900 4991 5000
f 6441 6902 6442
f 6902 6901 6911
f 6902 6911 6909
f 6903 6435 6443
f 6904 6903 6905
f 6903 6908 6905
f 6442 6907 6908
f 6906 6907 6909
f 6907 6442 6909
f 6902 6909 6442
f 6909 6912 6906
f 5000 6910 6911
f 6911 6901 5000
f 5000 6901 6900
f 5001 5005 7307
f 7307 5005 5014
f 5000 5001 6910
f 5001 7307 6910
f 7307 5022 6910
f 6910 5022 5024
f 5022 6913 5024
f 6912 6909 6911
f 6912 6911 5024
f 6912 5024 6914
f 5024 6911 6910
f 6914 5024 6913
f 6912 6914 6917
f 6906 6912 6926
f 6917 6926 6912
f 6917 6916 4079
f 6916 6917 6914
f 6916 6914 6913
f 4077 5023 6919
f 4077 6919 6918
f 4076 6919 5021
f 4076 5021 5020
f 5020 5017 6920
f 6920 4076 5020
f 6439 6437 6921
f 6921 6437 6431
f 6432 6430 6431
f 6431 6437 6432
f 6908 6907 6922
f 6531 6908 6922
f 6531 6905 6908
f 6530 6905 6531
f 6926 6922 6907
f 6907 6906 6926
f 6923 6926 4084
f 4084 6925 6923
f 7313 4085 4093
f 7313 4093 4092
f 7313 6924 4085
f 6924 7313 7316
f 6527 6925 6924
f 6528 6531 6925
f 6925 6531 6922
f 6922 6926 6923
f 6925 6922 6923
f 6528 6925 6527
f 6905 6534 6535
f 6534 6905 6927
f 6905 6530 6927
f 6904 6905 6535
f 6486 6485 6526
f 6485 6529 6526
f 6615 6636 6637
f 6928 6641 6626
f 6621 6928 6626
f 6928 6621 6630
f 6630 6937 6928
f 6932 6628 6929
f 6936 6630 6931
f 6935 6936 6931
f 6932 6935 6930
f 6930 6935 6931
f 6630 6627 6930
f 6931 6630 6930
f 6929 6940 6932
f 6940 6929 6942
f 6934 6933 6929
f 6929 6933 6942
f 6932 6940 6935
f 6937 6630 6936
f 6928 6937 6640
f 6956 6655 6959
f 6642 6640 6937
f 6642 6937 6939
f 6939 6937 6936
f 6938 6939 6936
f 6935 6938 6936
f 6935 6941 6938
f 6938 6941 6970
f 6935 6940 6941
f 6970 6960 6938
f 6940 6942 6943
f 6971 6941 6943
f 6941 6940 6943
f 6944 6943 6942
f 6944 6942 6949
f 6943 6944 6946
f 6946 6944 6945
f 6949 6945 6944
f 6947 6949 6942
f 6942 6933 6947
f 6933 6934 6581
f 6933 6581 6599
f 6599 6947 6933
f 6948 6949 6947
f 6983 6945 6949
f 6983 6949 6948
f 6947 6599 6948
f 6581 6934 6582
f 6957 6963 6659
f 6951 6661 6950
f 7539 6661 6951
f 7539 6951 6952
f 7541 7539 6952
f 7539 6954 6953
f 6665 6953 6954
f 7538 6955 6952
f 6952 6955 7541
f 6952 6951 6950
f 6957 6956 6958
f 6963 6957 6964
f 6956 6959 6958
f 6960 6957 6958
f 6961 6950 6963
f 6962 6952 6950
f 6962 6950 6961
f 7538 6952 6962
f 6964 6957 6968
f 6964 6968 6967
f 6964 6967 6966
f 6963 6964 7535
f 6964 6966 7535
f 7535 6966 6965
f 6968 6957 6960
f 6968 6960 6970
f 6958 6959 6939
f 6958 6939 6960
f 6960 6939 6938
f 6491 6479 6481
f 6946 6971 6943
f 6945 6981 6946
f 6946 6972 6971
f 6973 6970 6971
f 6971 6970 6941
f 6972 6974 6971
f 6973 6971 6974
f 6981 6972 6946
f 6981 6945 6984
f 6985 6981 6984
f 6976 6977 6975
f 6977 6965 6975
f 6975 6965 6973
f 6974 6972 6986
f 6974 6975 6973
f 6976 6975 6979
f 6979 6975 6987
f 6976 6979 6978
f 8319 6980 6979
f 6978 6979 6980
f 6979 6987 8319
f 8206 6980 8319
f 6987 7006 8319
f 7006 8001 8319
f 8319 8001 8507
f 6975 6974 6987
f 6986 6972 6981
f 6982 6986 6981
f 6985 6982 6981
f 6945 6983 6984
f 6995 7008 6984
f 7006 6974 6986
f 6974 7006 6987
f 6985 6984 7008
f 6988 6995 6984
f 6983 6988 6984
f 6948 6598 6983
f 6599 6598 6948
f 6598 6591 6983
f 6983 6989 6988
f 6989 6995 6988
f 6591 6989 6983
f 6991 6997 6989
f 6991 6989 7004
f 7004 6588 6991
f 6588 7004 6590
f 6590 6586 6588
f 6990 6588 6587
f 6990 6587 6992
f 6588 6990 7001
f 6991 6588 7001
f 6991 7001 7969
f 6997 6991 6999
f 6999 6991 6993
f 6997 6995 6989
f 6995 6997 6994
f 6995 6994 7010
f 6994 7009 7010
f 6997 6996 6994
f 6999 6993 6998
f 7033 6999 7016
f 6999 6998 7016
f 6998 7000 7016
f 7000 6998 7969
f 6991 7969 6993
f 8022 6990 6992
f 7001 6990 8022
f 6504 6505 6992
f 7002 6505 6506
f 7002 6506 7931
f 7931 6506 7400
f 6510 6511 6509
f 6511 7396 6509
f 6511 7003 7396
f 7003 7328 7396
f 7396 7328 7395
f 7328 7003 6521
f 6513 6521 7003
f 7004 6989 6591
f 6591 6590 7004
f 7005 7008 7009
f 7005 6985 7008
f 6982 6985 7005
f 6986 6982 7005
f 6986 7005 7007
f 7006 6986 7007
f 7006 7007 8001
f 8001 7007 8000
f 7005 8000 7007
f 7005 7009 7999
f 7008 7010 7009
f 7008 6995 7010
f 7011 7999 7009
f 7011 7012 7999
f 7009 6994 6996
f 6996 7011 7009
f 7012 7011 8008
f 7011 6996 7031
f 6997 6999 7033
f 7016 7000 7013
f 7016 7013 7015
f 7014 7017 7013
f 8037 7018 7014
f 7017 7014 7018
f 7015 7013 7017
f 7015 7030 7016
f 7017 7018 7019
f 7030 7015 7023
f 7023 8017 7030
f 7015 7017 7019
f 7015 7019 7023
f 7019 7022 7023
f 7022 7019 7021
f 7019 7020 7021
f 7022 7024 7023
f 7025 7026 7029
f 7024 7022 7025
f 7025 7022 7026
f 7026 7027 7028
f 7022 7027 7026
f 7022 7021 7027
f 7027 7021 7042
f 7036 7037 7028
f 7026 7028 7037
f 7027 7040 7028
f 7037 7034 7026
f 7029 7026 7034
f 7025 7029 7024
f 7029 8516 7024
f 8516 8302 7024
f 7023 7024 8017
f 7030 8016 7016
f 7033 7016 8016
f 8016 7031 7033
f 8302 8017 7024
f 7034 8310 7029
f 8309 8310 7034
f 8309 7034 7035
f 7037 8305 7034
f 7035 7034 8305
f 7036 7038 7037
f 7037 7038 8305
f 7048 8306 7038
f 7048 7038 7045
f 7046 7048 7039
f 7038 7044 7045
f 7038 7036 7044
f 7042 7021 7020
f 7027 7042 7040
f 7041 7042 7020
f 7028 7040 7043
f 7028 7043 7036
f 7040 7042 7043
f 7036 7043 7044
f 7039 7047 7046
f 7867 7039 8841
f 7048 8841 7039
f 8843 8841 7048
f 7043 7049 7044
f 7044 7049 7045
f 7045 7049 8844
f 7043 7050 7049
f 7050 8837 7049
f 7042 7050 7043
f 7042 8836 7050
f 7042 7041 8836
f 8836 7041 8624
f 8624 7041 7051
f 7051 7041 7020
f 8038 7051 7020
f 7018 7020 7019
f 8038 7020 7018
f 7033 6996 6997
f 7031 6996 7033
f 5190 5050 5189
f 7072 7052 5051
f 7072 5051 7071
f 7304 7052 7075
f 7073 7075 7052
f 7074 7052 7072
f 5188 5051 5190
f 5188 7071 5051
f 5188 5185 7055
f 7054 7055 5185
f 851 852 7056
f 7053 851 7056
f 7054 851 7053
f 7055 7071 5188
f 7053 7055 7054
f 852 7057 7056
f 852 850 848
f 848 7058 852
f 852 7058 7057
f 7059 7058 4864
f 7059 4864 4863
f 7060 7059 4863
f 4863 7061 7060
f 7059 7057 7058
f 7078 7056 7057
f 7060 7078 7057
f 7059 7060 7057
f 7061 7079 7060
f 7065 7064 7063
f 7064 5193 7063
f 7062 7065 7063
f 7064 7065 7927
f 7064 7066 7067
f 7927 7066 7064
f 7064 7067 7079
f 7066 7068 7067
f 7068 7188 7067
f 7066 7927 7095
f 7068 7066 7095
f 7299 7065 7069
f 7065 7299 7096
f 7069 7065 7062
f 7062 7099 7069
f 7070 7099 7062
f 7070 5223 7099
f 5204 7070 7062
f 7070 5204 5205
f 7052 7074 7073
f 7081 7073 7074
f 7076 7304 7075
f 7075 7073 7081
f 7072 7077 7074
f 7072 7071 7077
f 7071 7080 7077
f 7080 7071 7055
f 7080 7055 7053
f 7056 7078 7080
f 7080 7053 7056
f 7088 7060 7079
f 7064 7079 5193
f 5193 7079 7061
f 7084 7074 7077
f 7081 7074 7084
f 7082 7075 7081
f 7077 7087 7084
f 7087 7077 7083
f 7077 7080 7083
f 7089 7084 7087
f 7192 7084 7089
f 7082 7192 7086
f 7192 7082 7084
f 7193 7082 7086
f 7192 7089 7090
f 7087 7083 7088
f 7088 7188 7087
f 7088 7083 7078
f 7078 7083 7080
f 7088 7078 7060
f 7089 7087 7188
f 7089 7188 7068
f 7090 7089 7068
f 7091 7090 7068
f 7189 7090 7091
f 7189 7192 7090
f 7092 7189 7091
f 7095 7091 7068
f 7092 7091 7094
f 7221 7093 7092
f 7094 7221 7092
f 7094 7091 7095
f 7097 7095 7096
f 7095 7927 7096
f 7097 7094 7095
f 7098 7094 7097
f 7221 7094 7098
f 7295 7098 7297
f 7098 7097 7297
f 7299 7097 7096
f 7100 7299 7069
f 5223 5224 7099
f 5224 7928 7099
f 5224 5225 7101
f 5224 7101 7928
f 5228 7101 5225
f 5228 7103 7102
f 5228 7102 7101
f 7107 7103 5228
f 7928 7101 7102
f 7104 7103 7109
f 7104 7105 7103
f 7103 7105 7102
f 7109 7103 7107
f 7106 7105 7104
f 7106 7110 7296
f 7106 7296 7105
f 7108 7107 5231
f 7109 7107 7108
f 7112 7104 7109
f 7104 7230 7106
f 7230 7110 7106
f 7110 7295 7296
f 7753 7104 7112
f 5239 7108 5231
f 7115 7124 5239
f 5240 7115 5239
f 7113 7115 5240
f 7131 7114 7113
f 7114 7131 7134
f 7113 7114 7116
f 7115 7113 7116
f 7124 7115 7116
f 7114 7117 7116
f 7114 7134 7135
f 7135 7118 7114
f 7114 7118 7119
f 7114 7119 7117
f 7117 7123 7116
f 7121 7125 7117
f 7119 7121 7117
f 7119 7120 7121
f 7125 7121 7126
f 7117 7125 7123
f 7121 7143 7126
f 7126 7143 7129
f 7129 7122 7126
f 7126 7122 7125
f 7124 7116 7123
f 7124 7123 7112
f 7122 7129 7247
f 7127 7128 7269
f 7129 7143 7128
f 7118 7120 7119
f 7137 7121 7120
f 7137 7120 7118
f 7113 7130 7131
f 7131 7130 7170
f 7130 5243 7170
f 7173 7168 7170
f 7170 7168 7131
f 7132 7131 7168
f 7132 7133 7131
f 7133 7134 7131
f 7135 7133 7132
f 7133 7135 7134
f 7118 7135 7137
f 7136 7137 7135
f 7137 7142 7121
f 7137 7138 7142
f 7137 7136 7138
f 7141 7138 7136
f 7139 7141 7136
f 7144 7139 7140
f 7145 7141 7139
f 7141 7142 7138
f 7121 7142 7143
f 7142 7269 7143
f 7148 7142 7141
f 7145 7148 7141
f 7139 7144 7145
f 7164 7144 7140
f 7146 7145 7144
f 7145 7482 7148
f 7147 7482 7145
f 7149 7158 7147
f 7145 7146 7147
f 7149 7147 7146
f 7151 7149 7152
f 7150 7149 7146
f 7149 7150 7152
f 7164 7146 7144
f 7164 7289 7146
f 7149 7151 7158
f 7155 7152 7150
f 7156 7155 7153
f 7153 7155 7150
f 7150 7162 7275
f 7154 7153 7150
f 7155 7151 7152
f 7161 7156 7752
f 7161 7155 7156
f 7157 7158 7151
f 7272 7157 7151
f 7159 7272 7151
f 7159 7151 7160
f 7740 7157 7272
f 7151 7155 7160
f 7155 7161 7160
f 7156 7153 7154
f 7276 7156 7154
f 7273 7154 7150
f 7154 7273 7283
f 7163 7146 7289
f 7150 7146 7163
f 7140 7139 7165
f 7139 7136 7165
f 7165 7136 7132
f 7136 7135 7132
f 7132 7166 7165
f 7165 7164 7140
f 7167 7164 7165
f 7166 7167 7165
f 8390 7132 7168
f 7172 7173 7170
f 7171 7170 5244
f 7171 5244 7169
f 5244 5245 7169
f 7171 7172 7170
f 7175 7174 7173
f 7172 7175 7173
f 7176 7172 7171
f 7175 7172 7182
f 7169 7176 7171
f 7169 7186 7176
f 7172 7176 7182
f 7176 7186 7182
f 7180 7174 7175
f 7174 7180 7177
f 7178 7177 8483
f 8483 7177 7180
f 7179 7180 7175
f 7180 7179 7181
f 7175 7182 7179
f 7169 7187 7186
f 7182 8373 7179
f 7185 7169 5245
f 8350 5245 7183
f 5245 8350 7185
f 7169 7185 7187
f 7187 7185 8351
f 8351 7185 8350
f 4915 7183 7184
f 4915 8350 7183
f 4913 7183 5219
f 7067 7188 7088
f 7079 7067 7088
f 7092 7191 7189
f 7093 7191 7092
f 7190 7191 7093
f 7235 7190 7093
f 7221 7217 7093
f 7217 7235 7093
f 7189 7191 7192
f 7192 7231 7086
f 7231 7085 7086
f 7231 7192 7191
f 7232 7085 7231
f 7193 7086 7085
f 7194 7193 7085
f 7193 7194 7196
f 7085 7232 7194
f 7194 7200 7196
f 7194 7233 7195
f 7194 7195 7200
f 7193 7196 7076
f 7082 7193 7076
f 7076 7075 7082
f 7198 7197 7076
f 7196 7198 7076
f 7198 7303 7197
f 7199 7196 7200
f 7232 7233 7194
f 7255 7195 7233
f 7202 7201 7199
f 7201 7196 7199
f 7201 7198 7196
f 7206 7201 7202
f 7206 7204 7201
f 7204 5174 7203
f 7203 5048 3233
f 7203 5174 5048
f 7205 5174 7204
f 7205 7204 7206
f 7206 7207 7205
f 5175 7207 7722
f 5171 7211 7208
f 7216 7208 7209
f 7216 7209 7214
f 7212 7214 7209
f 7212 7209 7724
f 7724 7209 7210
f 7209 7208 7210
f 7208 7211 7722
f 7208 7722 7210
f 7212 7724 7213
f 7214 7212 7728
f 7214 7728 7731
f 7729 7728 7212
f 7729 7212 7213
f 7216 7214 7215
f 7215 5168 7216
f 7190 7231 7191
f 7236 7235 7217
f 7217 7238 7236
f 7217 7219 7238
f 7217 7221 7218
f 7222 7218 7221
f 7217 7218 7219
f 7223 7218 7222
f 7223 7219 7218
f 7219 7223 7220
f 7224 7225 7220
f 7222 7221 7098
f 7223 7222 7224
f 7224 7222 7111
f 7223 7224 7220
f 7225 7224 7300
f 7224 7111 7110
f 7110 7300 7224
f 7300 7229 7225
f 7246 7220 7225
f 7246 7226 7220
f 7220 7226 7219
f 7226 7237 7219
f 7227 7219 7237
f 7225 7229 7245
f 7229 7300 7230
f 7230 7228 7229
f 7122 7247 7245
f 7245 7229 7122
f 7104 7753 7230
f 5239 7124 7108
f 7108 7124 7109
f 7124 7112 7109
f 7234 7232 7190
f 7232 7231 7190
f 7190 7235 7234
f 7235 7236 7234
f 7236 7241 7234
f 7219 7227 7238
f 7249 7237 7226
f 7227 7242 7238
f 7242 7236 7238
f 7236 7242 7239
f 7236 7239 7240
f 7240 7241 7236
f 7239 7242 7243
f 7242 7244 7243
f 7242 7227 7244
f 7252 7244 7227
f 7227 7237 7252
f 7237 7249 7252
f 7226 7246 7249
f 7245 7246 7225
f 7245 7248 7246
f 7248 7245 7247
f 7129 7128 7247
f 7127 7248 7247
f 7248 7294 7246
f 7246 7294 7249
f 7249 7250 7252
f 7251 7252 7250
f 7252 7251 7253
f 7254 7252 7253
f 7254 7244 7252
f 7232 7234 7233
f 7255 7233 7241
f 7241 7233 7234
f 7241 7240 7256
f 7241 7256 7257
f 7257 7255 7241
f 7255 7200 7195
f 7258 7255 7257
f 7256 7729 7257
f 7730 7729 7256
f 7240 7259 7734
f 7240 7243 7259
f 7243 7240 7239
f 7243 7260 7259
f 7261 7260 7243
f 7262 7260 7261
f 7261 7243 7244
f 7259 7260 7734
f 7732 7733 7260
f 7262 7732 7260
f 7244 7254 7261
f 7254 7720 7261
f 7264 7263 7720
f 7264 7720 7254
f 7264 7254 7253
f 7253 7251 7265
f 7253 7265 7264
f 7479 7264 7265
f 7267 7265 7251
f 7251 7250 7268
f 7266 7268 7250
f 7267 7251 7268
f 7480 7265 7267
f 7267 7268 7735
f 7736 7267 7735
f 7266 7294 7248
f 7266 7248 7127
f 7127 7269 7270
f 7269 7142 7148
f 7271 7269 7148
f 7269 7271 7270
f 7270 7266 7127
f 7481 7270 7271
f 7147 7158 7482
f 7272 7159 7741
f 7276 7277 7156
f 7156 7277 7752
f 7283 7281 7154
f 7273 7150 7275
f 7162 7150 7163
f 7281 7276 7154
f 7637 7752 7277
f 7278 7750 7277
f 7281 7282 7276
f 7279 7750 7278
f 7279 7278 7745
f 7278 7277 7746
f 7280 7746 7277
f 7280 7277 7276
f 7282 7280 7276
f 7281 8091 7282
f 8091 7281 7284
f 7284 7281 7283
f 7285 7283 7273
f 7273 7275 7286
f 7286 7275 7274
f 7275 7162 7274
f 7289 7288 7163
f 7162 7163 7288
f 7162 7288 7274
f 7285 7273 7286
f 7285 7284 7283
f 7898 7285 7899
f 7285 7286 7899
f 7287 7286 7274
f 7274 7292 7287
f 7288 7289 7926
f 7289 7164 7167
f 7926 7292 7288
f 7290 7292 7291
f 7178 7290 7291
f 7926 8390 7291
f 7177 7291 8390
f 7178 7291 7177
f 7290 7178 8483
f 7290 7293 7292
f 7291 7292 7926
f 7293 7287 7292
f 7274 7288 7292
f 7294 7250 7249
f 7250 7294 7266
f 7297 7296 7295
f 7296 7297 7298
f 7297 7097 7299
f 7100 7069 7099
f 7099 7928 7100
f 7297 7299 7100
f 7100 7298 7297
f 7928 7298 7100
f 7928 7102 7298
f 7298 7105 7296
f 7102 7105 7298
f 7098 7111 7222
f 7111 7098 7295
f 7111 7295 7110
f 7110 7230 7300
f 918 916 915
f 918 7301 916
f 3205 3212 3206
f 3213 3206 3212
f 5047 3235 3234
f 5049 7203 3233
f 7203 5049 7303
f 7204 7203 7303
f 7204 7303 7201
f 7198 7201 7303
f 7303 5049 7302
f 7304 7303 7302
f 7197 7304 7076
f 7304 7197 7303
f 3922 3918 3924
f 7306 3930 3922
f 3924 7306 3922
f 5005 5003 5004
f 4731 7308 4721
f 4748 7308 7309
f 4748 7309 4746
f 4740 4742 7309
f 7309 4732 4740
f 4732 4739 4740
f 7309 7308 4732
f 7308 4731 4732
f 4469 5010 7310
f 5018 5010 4469
f 4469 7310 4468
f 7310 4755 4468
f 5019 4995 7310
f 4755 4743 4468
f 4995 4755 7310
f 7311 6916 6913
f 6915 6916 7311
f 4078 4082 6915
f 7312 7313 4092
f 4092 4091 7312
f 4090 7319 4091
f 7314 7313 7312
f 7312 4091 7315
f 7316 7313 7314
f 6924 7316 6524
f 7318 7317 7314
f 7317 7316 7314
f 7316 7317 6524
f 7318 7314 7312
f 7319 7315 4091
f 7319 4089 7339
f 7322 7319 7339
f 7320 7319 7322
f 7315 7319 7320
f 7315 7320 7321
f 7315 7321 7326
f 7324 7326 7321
f 7322 7324 7320
f 7321 7320 7324
f 7324 7322 7323
f 7322 7347 7323
f 7322 7339 7347
f 7323 7347 7362
f 7324 7323 7325
f 7326 7324 7392
f 7325 7392 7324
f 7394 7327 7392
f 7327 7326 7392
f 7327 7315 7326
f 7315 7318 7312
f 7318 7315 7327
f 6520 7318 7327
f 7327 7328 6520
f 7328 7327 7394
f 6521 6520 7328
f 7395 7328 7394
f 7332 4466 4744
f 4736 7334 7335
f 7329 7334 4736
f 4735 7329 4736
f 7329 4735 7331
f 4050 4457 3993
f 4050 7331 4457
f 4050 4460 7331
f 4460 7329 7331
f 4457 4735 4456
f 7331 4735 4457
f 7332 4744 7333
f 4744 4741 7333
f 4744 4740 4741
f 4741 7334 7333
f 7333 7334 7330
f 7334 4461 7330
f 4051 4052 7330
f 4051 7330 4461
f 4062 4066 4470
f 4471 4062 4470
f 4732 4731 4730
f 4738 7335 4741
f 7335 4738 4736
f 4741 7335 7334
f 4088 4058 7340
f 7337 4068 4088
f 4068 7337 7338
f 7346 7339 7338
f 7346 7338 7343
f 7338 7337 7343
f 4088 7340 7348
f 4058 4005 7340
f 7458 7340 4005
f 7348 7340 7341
f 7341 7342 7348
f 7340 7458 7341
f 7348 7342 7350
f 4088 7348 7337
f 7348 7343 7337
f 7343 7349 7344
f 7345 7346 7343
f 7343 7344 7345
f 7343 7348 7349
f 7339 7346 7347
f 7352 7345 7344
f 7349 7348 7350
f 7349 7351 7432
f 7351 7349 7350
f 7350 7342 7351
f 7433 7349 7432
f 7344 7349 7433
f 7352 7361 7345
f 7352 7353 7357
f 7361 7346 7345
f 7361 7352 7357
f 7361 7347 7346
f 7357 7353 7354
f 7354 7353 7355
f 7355 7353 7356
f 7357 7354 7359
f 7353 7431 7356
f 7358 7354 7355
f 7357 7359 7363
f 7354 7358 7367
f 7359 7354 7365
f 7360 7361 7357
f 7362 7347 7360
f 7360 7347 7361
f 7317 7318 6520
f 6527 6924 6524
f 7360 7357 7363
f 7363 7362 7360
f 7365 7363 7359
f 7364 7362 7363
f 7377 7364 7363
f 7365 7354 7366
f 7367 7366 7354
f 7363 7365 7376
f 7366 7376 7365
f 7367 7358 7429
f 7371 7367 7368
f 7367 7369 7368
f 7371 7368 7425
f 7371 7366 7367
f 7370 7366 7371
f 7425 7427 7975
f 7371 7372 7370
f 7372 7375 7370
f 7375 7372 7374
f 7372 7371 7374
f 7374 7371 7373
f 7371 7425 7373
f 7378 7376 7370
f 7376 7366 7370
f 7377 7363 7376
f 7379 7377 7376
f 7378 7379 7376
f 7378 7370 7375
f 7378 7381 7379
f 7380 7381 7378
f 7375 7380 7378
f 7381 7380 7386
f 7384 7386 7380
f 7382 7384 7380
f 7374 7382 7375
f 7380 7375 7382
f 7383 7384 7382
f 7383 7382 7387
f 7385 7386 7384
f 7384 7383 7416
f 7419 7416 7383
f 7411 7384 7416
f 7383 7387 7388
f 7383 7388 7420
f 7387 7391 7388
f 7389 7420 7388
f 7390 7389 7422
f 7389 7421 7420
f 7388 7422 7389
f 7388 7972 8040
f 7374 7971 7382
f 7382 7971 7391
f 7391 7387 7382
f 7325 7323 7414
f 7393 7394 7392
f 7393 7392 7325
f 7413 7412 7393
f 7395 7394 7397
f 7396 7395 7397
f 7394 7393 7412
f 7394 7412 7398
f 7397 7394 7398
f 7397 7529 7396
f 7401 7399 7396
f 6509 7396 7399
f 7399 7405 7400
f 7406 7405 7399
f 7399 7401 7406
f 7396 7529 7401
f 7401 7529 7402
f 7404 7401 7402
f 7401 7404 7406
f 7529 7398 7402
f 7402 7398 7412
f 7403 7402 7412
f 7402 7403 7404
f 7404 7403 7410
f 7405 7406 7407
f 7407 7406 7404
f 7407 7404 7409
f 7407 7409 7408
f 7939 7408 7936
f 7408 7939 7934
f 7405 7407 7934
f 7408 7934 7407
f 7408 7409 7935
f 7952 7409 7404
f 7404 7944 7952
f 7404 7410 7944
f 7403 7411 7410
f 7944 7410 7943
f 7412 7970 7403
f 7413 7970 7412
f 7413 7393 7325
f 7323 7362 7414
f 7414 7362 7364
f 7415 7325 7414
f 7415 7414 7381
f 7377 7414 7364
f 7381 7377 7379
f 7386 7385 7381
f 7943 7416 7417
f 7416 7418 7417
f 7418 7416 7419
f 7419 7383 7420
f 7390 7421 7389
f 7421 7949 7420
f 7388 8042 7422
f 7388 8040 8042
f 7972 7388 7391
f 7971 7374 7373
f 7373 7423 7971
f 7423 7425 8044
f 7423 7373 7425
f 7427 7426 7442
f 7442 7426 7369
f 7426 7368 7369
f 7425 7368 7426
f 7367 7429 7369
f 7429 7430 7369
f 7429 7358 7428
f 7434 7428 7358
f 7358 7355 7434
f 7430 7429 7428
f 7430 7428 7441
f 7355 7356 7434
f 7353 7344 7433
f 7433 7431 7353
f 7433 7432 7435
f 7433 7435 7431
f 7356 7435 7434
f 7434 7435 7428
f 7439 7428 7435
f 7435 7436 7439
f 7437 7436 7435
f 7435 7432 7437
f 7457 7342 7341
f 7342 7438 7471
f 7351 7342 7471
f 7471 7437 7432
f 7432 7351 7471
f 7470 7471 7438
f 7513 7439 7436
f 7436 7437 7513
f 7439 7513 7440
f 7441 7428 7439
f 7430 7441 7446
f 7369 7430 7446
f 7442 7369 7446
f 7975 7427 7985
f 7446 7443 7442
f 7443 7444 7442
f 7441 7447 7445
f 7446 7445 7443
f 7445 7446 7441
f 7443 7445 7645
f 7441 7440 7447
f 7439 7440 7441
f 7450 7447 7448
f 7449 7445 7447
f 7450 7449 7447
f 7645 7445 7449
f 7645 7449 7644
f 7448 7451 7450
f 7452 7451 7448
f 7455 7460 7454
f 7462 7454 7460
f 7455 7454 7456
f 7454 7459 7456
f 7458 7456 7459
f 4005 7456 7458
f 7341 7458 7457
f 7454 7462 7459
f 7462 7460 7461
f 4010 7475 7460
f 7475 4012 7476
f 7461 7460 7475
f 7475 7476 7461
f 7462 7461 7491
f 7490 7459 7462
f 7457 7459 7490
f 7461 7492 7491
f 7461 7463 7492
f 7461 7476 7463
f 5149 7464 7492
f 7464 5154 5155
f 7464 5155 7466
f 5155 5153 7494
f 5155 7465 7466
f 7465 7516 7466
f 7468 7466 7516
f 7494 7516 7465
f 7468 7516 7467
f 7467 7493 7468
f 7490 7468 7493
f 7467 7469 7493
f 7467 7470 7469
f 7516 7511 7467
f 7510 7467 7511
f 7510 7470 7467
f 7471 7470 7510
f 7470 7438 7469
f 7513 7437 7510
f 7437 7471 7510
f 3991 5138 4013
f 4013 4014 3991
f 5140 7473 5139
f 7474 7472 5148
f 5148 5147 7474
f 5147 7476 7474
f 5138 5139 4013
f 4013 5139 7473
f 7475 4010 4012
f 4012 7474 7476
f 5078 5090 5101
f 5162 5163 5098
f 5163 5099 5098
f 5162 5164 7622
f 5167 7477 5166
f 7264 5166 7263
f 7263 5166 7477
f 5167 7719 7477
f 7720 7477 7478
f 7720 7263 7477
f 7477 7719 7478
f 7478 7732 7262
f 7262 7720 7478
f 7479 5165 7264
f 7479 7265 7483
f 7479 5124 5165
f 7483 7265 7480
f 7482 7736 7481
f 7271 7482 7481
f 7148 7482 7271
f 7485 7479 7483
f 7480 7267 7486
f 7736 7484 7267
f 7158 7736 7482
f 7486 7267 7484
f 7480 7485 7483
f 7486 7509 7480
f 7509 7487 7480
f 7480 7487 7485
f 7626 7487 7508
f 7508 7487 7509
f 7486 7488 7509
f 7488 7486 7484
f 7488 7484 7157
f 7488 7508 7509
f 7740 7488 7157
f 7489 7508 7488
f 7508 7489 7504
f 7158 7157 7484
f 7158 7484 7736
f 7457 7458 7459
f 7438 7342 7457
f 7491 7490 7462
f 7490 7491 7468
f 7492 7464 7466
f 7476 5147 7463
f 7468 7491 7466
f 7491 7492 7466
f 7457 7469 7438
f 7457 7490 7493
f 7457 7493 7469
f 5155 7494 7465
f 7495 5151 5156
f 7497 5156 7496
f 7496 5156 5157
f 5157 5108 7496
f 7496 5108 5107
f 5156 7497 7628
f 7496 5107 5159
f 7503 5159 7502
f 5159 5158 7502
f 5105 7500 5158
f 5160 7500 5105
f 5099 7500 5160
f 7500 5163 7498
f 5099 5163 7500
f 7499 7498 7622
f 7624 7499 7622
f 7500 7498 7499
f 7625 7500 7499
f 7625 5158 7500
f 7504 7502 7501
f 7502 5158 7625
f 7501 7502 7625
f 7502 7504 7506
f 7506 7503 7502
f 7503 7507 5159
f 7507 7496 5159
f 7505 7628 7497
f 7497 7496 7505
f 7627 7628 7505
f 7505 7496 7507
f 7503 7629 7507
f 7629 7503 7506
f 7743 7629 7506
f 7507 7629 7505
f 7739 7629 7743
f 7743 7506 7489
f 7504 7489 7506
f 7508 7504 7501
f 7508 7501 7626
f 7501 7625 7626
f 7494 5151 7495
f 7518 7494 7495
f 7510 7511 7512
f 7513 7512 7515
f 7513 7510 7512
f 7514 7452 7512
f 7515 7512 7452
f 7515 7452 7448
f 7515 7448 7447
f 7440 7515 7447
f 7515 7440 7513
f 7511 7516 7517
f 7511 7517 7512
f 7512 7517 7514
f 7516 7518 7517
f 7516 7494 7518
f 7518 7495 7631
f 7518 7631 7520
f 7514 7517 7520
f 7514 7520 7452
f 7451 7452 7520
f 7641 7450 7451
f 7451 7519 7641
f 7520 7519 7451
f 7519 7520 7521
f 7519 7521 7636
f 7521 7522 7636
f 7636 7522 7639
f 7520 7631 7521
f 7353 7352 7344
f 7431 7435 7356
f 5851 7524 7527
f 5851 7525 7524
f 7524 7525 7526
f 7528 7527 7524
f 7528 5846 7527
f 7528 7524 7526
f 7525 5858 7526
f 5858 2922 7526
f 2922 5858 5857
f 5847 5848 5846
f 5848 7527 5846
f 2924 5845 571
f 7397 7398 7529
f 4430 4440 4439
f 4776 4431 7530
f 4431 4439 7530
f 3316 7530 4439
f 3316 4775 7530
f 4775 3316 3318
f 4440 3908 7531
f 3908 4441 7531
f 3908 3906 4441
f 3906 4438 4441
f 7532 5031 5118
f 3632 1255 7533
f 7533 3633 3632
f 1255 5027 7533
f 1255 5026 5027
f 3937 7533 5027
f 3633 7533 3937
f 7535 6977 7536
f 6966 6967 6970
f 6968 6970 6967
f 6973 6966 6970
f 6966 6973 6965
f 6962 6961 7537
f 7537 6961 7535
f 6961 6963 7535
f 7537 7535 7536
f 7537 7549 7538
f 7538 6962 7537
f 6954 7539 7541
f 7541 6955 7542
f 7542 6955 7540
f 6955 7538 7540
f 7540 7547 7542
f 7547 7545 7542
f 7543 7544 7542
f 7542 7544 7541
f 7544 6954 7541
f 7546 7544 7543
f 7542 7545 7543
f 7551 7545 7547
f 7555 7543 7545
f 7540 7538 7549
f 7550 7547 7548
f 7547 7550 7551
f 7547 7540 7549
f 7536 6977 6976
f 7535 6965 6977
f 7549 7537 7536
f 7549 7536 8198
f 7549 7548 7547
f 8199 7548 7549
f 8199 7549 8198
f 7550 7548 8200
f 7550 7552 7551
f 7558 7552 7553
f 7553 7552 8204
f 7552 7558 7551
f 7551 7578 7545
f 7556 7551 7558
f 7551 7556 7578
f 7545 7578 7579
f 7555 7545 7579
f 7555 7546 7543
f 7546 7554 7574
f 7546 7608 7554
f 7608 7546 7555
f 7559 7556 7558
f 7557 7559 7558
f 7557 7585 7559
f 7560 7592 7557
f 7592 7560 7562
f 7561 7560 8209
f 7561 7562 7560
f 7564 7562 7561
f 7563 7592 7562
f 7563 7562 7564
f 7564 7561 7571
f 7566 7565 7564
f 7564 7569 7566
f 7566 8228 7565
f 8228 7566 7567
f 7569 7568 7566
f 8230 7567 7566
f 7568 8230 7566
f 8230 7568 8232
f 8232 8231 8230
f 7569 7571 7570
f 7568 7569 7570
f 8300 7570 7571
f 7564 7571 7569
f 6554 7573 7572
f 7573 6665 7572
f 7574 7597 7546
f 7575 7574 7554
f 7576 7575 7554
f 7575 7616 7610
f 7616 7575 7599
f 7599 7575 7576
f 7577 7599 7576
f 7576 7608 7577
f 7608 7576 7554
f 7579 7578 7556
f 7556 7559 7579
f 7559 7580 7579
f 7580 7559 7582
f 7582 7559 7581
f 7581 7583 7582
f 7585 7581 7559
f 7585 7557 7592
f 7581 7585 7583
f 7584 7583 7585
f 7584 7585 7593
f 7586 7584 7593
f 7593 7585 7592
f 7583 7584 7606
f 7593 7591 7586
f 7591 7593 7594
f 7586 7591 7587
f 7587 7621 7618
f 7587 7618 7606
f 7586 7587 7606
f 7621 7587 7588
f 7588 7587 7589
f 7587 7591 7589
f 7589 7591 7677
f 7590 7588 7589
f 6799 7588 7590
f 6794 6799 7590
f 7590 7589 7678
f 7677 7591 7594
f 7677 7594 7595
f 7595 7593 7592
f 7593 7595 7594
f 6673 6554 7572
f 7572 7596 6673
f 7609 7596 7572
f 7598 7596 7609
f 7598 7609 7610
f 6954 7597 6665
f 6954 7544 7597
f 7597 7544 7546
f 7610 7616 7598
f 6041 7598 6169
f 7599 7602 7616
f 7600 7599 7577
f 7600 7601 7599
f 7600 7577 7607
f 7601 7600 7604
f 7599 7601 7602
f 7603 7602 7601
f 7601 7604 7603
f 7604 7605 7603
f 7604 7600 7606
f 7606 7618 7604
f 7606 7600 7583
f 7577 7608 7607
f 7607 7582 7600
f 7583 7600 7582
f 7580 7555 7579
f 7608 7555 7580
f 7607 7608 7580
f 7607 7580 7582
f 6041 7596 7598
f 7574 7609 7597
f 7609 7575 7610
f 7575 7609 7574
f 7572 6665 7597
f 7572 7597 7609
f 6169 7598 7611
f 7611 7598 7616
f 7613 6804 7614
f 6804 7613 7615
f 7615 7613 7603
f 7611 7613 7612
f 7613 7611 7603
f 7603 7611 7602
f 7616 7602 7611
f 7615 7603 7605
f 7614 6804 7617
f 7604 7618 7605
f 7586 7606 7584
f 6031 6032 6106
f 6801 6106 6032
f 7619 6798 6795
f 6784 6777 6779
f 6782 6781 6792
f 7605 7618 7620
f 7620 7618 7621
f 7622 7498 5163
f 5162 7622 5163
f 7485 7623 7479
f 7623 5124 7479
f 7624 7623 7485
f 7623 5164 5124
f 7623 7622 5164
f 7499 7624 7625
f 7624 7485 7487
f 7626 7624 7487
f 7626 7625 7624
f 7624 7622 7623
f 7628 7523 7495
f 7629 7630 7505
f 7739 7630 7629
f 7630 7627 7505
f 7523 7628 7627
f 7628 7495 5156
f 7495 7523 7631
f 7523 7521 7631
f 7520 7517 7518
f 7632 7523 7627
f 7632 7627 7630
f 7632 7630 7633
f 7522 7521 7632
f 7632 7633 7522
f 7639 7633 7635
f 7522 7633 7639
f 7634 7635 7633
f 7640 7636 7639
f 7637 7635 7634
f 7634 7638 7637
f 7634 7633 7638
f 7739 7633 7630
f 7636 7640 7751
f 7519 7636 7641
f 7751 7640 7639
f 7751 7639 7635
f 7636 7924 7641
f 7924 7636 7642
f 7449 7450 7643
f 7449 7643 7921
f 7997 7645 7644
f 7644 7998 7997
f 7998 7644 7921
f 7444 7443 7997
f 7443 7645 7997
f 7521 7523 7632
f 6953 6661 7539
f 7646 5628 6005
f 6020 6021 6101
f 6099 6100 7647
f 7647 6100 6020
f 6099 7647 6098
f 7647 6020 6101
f 7647 6101 6769
f 6101 6030 7648
f 7649 6717 7650
f 6718 6717 7649
f 6091 6721 6716
f 6712 6721 7649
f 6712 6716 6721
f 6738 7650 6737
f 7650 6717 6737
f 6737 6717 6095
f 7590 7678 7654
f 7590 7654 7653
f 6794 7590 7653
f 7651 6794 7653
f 7652 7661 7651
f 7652 7651 7653
f 7654 7655 7653
f 7655 7652 7653
f 7662 7661 7652
f 7656 7652 7655
f 7656 7662 7652
f 8628 6791 7661
f 8628 7657 7658
f 7657 7659 7682
f 7657 7660 7659
f 7657 8628 7660
f 8628 7661 7666
f 7666 7661 7662
f 7656 7655 7673
f 7655 7654 7675
f 7655 7675 7673
f 7673 7663 7656
f 7663 7673 7664
f 7662 7656 7663
f 7664 7673 7672
f 7665 7663 7664
f 7666 7662 7663
f 7666 7663 7665
f 7670 7665 7668
f 7667 7664 7671
f 7665 7664 7667
f 7667 7668 7665
f 7665 7670 8629
f 8629 7660 7665
f 8631 7670 8664
f 8664 7670 7669
f 7669 7670 7668
f 7668 7667 8634
f 7669 7668 8630
f 7668 8634 8630
f 7673 8637 7672
f 7674 8637 7673
f 7674 7673 7675
f 7675 7654 7676
f 7654 7678 7676
f 7674 7675 8571
f 7589 7677 7678
f 7677 7595 7679
f 7595 7563 7565
f 7679 7595 7565
f 7565 7563 7564
f 7679 7565 8228
f 7676 7678 7677
f 7676 7677 7679
f 7679 7675 7676
f 7675 7679 7680
f 7705 6783 7658
f 7681 6787 7705
f 7682 6790 7681
f 7681 7658 7682
f 7684 7682 7659
f 7684 7683 7687
f 7684 7659 7683
f 7685 7687 7686
f 7687 7685 7684
f 7686 7687 8632
f 7686 8632 7695
f 7689 8632 7688
f 7695 8632 7689
f 7689 7690 7695
f 7688 7690 7689
f 7688 7701 7690
f 7691 7688 8632
f 7701 7692 7690
f 7692 7693 7690
f 7692 7698 7693
f 7694 7695 7690
f 7694 7690 7693
f 7694 7709 7695
f 7714 7693 7698
f 7693 7714 7694
f 7698 7699 7714
f 7697 7692 7704
f 7698 7692 7697
f 7697 7700 7698
f 8704 7714 7699
f 8671 7699 7698
f 8671 7698 7700
f 7696 8666 7700
f 7700 7697 7696
f 7696 7697 7704
f 7704 7692 7701
f 7702 7704 7701
f 7701 7688 8665
f 7701 7703 7702
f 7703 7701 8665
f 7696 7704 8666
f 8663 7702 7703
f 7688 7691 8665
f 7705 7658 7681
f 7658 7657 7682
f 7685 7682 7684
f 7686 6773 7685
f 7706 7682 7685
f 7706 7685 6773
f 7707 7686 7695
f 7686 7707 6773
f 7707 6772 6773
f 7709 7707 7695
f 7709 7708 7707
f 7709 6767 7708
f 6767 7709 8704
f 7709 7714 8704
f 8705 6761 7711
f 6761 6765 7711
f 7710 7711 6765
f 7711 7710 7712
f 7712 7710 8704
f 6759 7711 7712
f 6759 7712 8689
f 7713 8689 7712
f 7713 7712 8704
f 7694 7714 7709
f 6775 6774 6786
f 7377 7381 7414
f 7415 7381 7385
f 7384 7715 7385
f 7411 7715 7384
f 7715 7403 7970
f 7403 7715 7411
f 7410 7411 7416
f 7716 7717 7718
f 7478 7719 7718
f 7478 5169 7721
f 7718 5169 7478
f 7718 7717 5169
f 7732 7478 7721
f 7261 7720 7262
f 5169 5168 7215
f 7721 5169 7215
f 5043 5048 5174
f 7722 7207 7726
f 7722 7211 5175
f 7723 7722 7726
f 7723 7724 7722
f 7210 7722 7724
f 7724 7723 7213
f 7726 7727 7723
f 7723 7727 7725
f 7727 7199 7725
f 7206 7727 7726
f 7207 7206 7726
f 7202 7727 7206
f 7727 7202 7199
f 7725 7199 7255
f 7255 7199 7200
f 7723 7725 7258
f 7255 7258 7725
f 7258 7213 7723
f 7731 7728 7730
f 7258 7729 7213
f 7729 7258 7257
f 7728 7729 7730
f 7215 7214 7721
f 7732 7214 7731
f 7721 7214 7732
f 7734 7260 7733
f 7732 7731 7733
f 7733 7731 7730
f 7733 7730 7734
f 7734 7256 7240
f 7256 7734 7730
f 7270 7735 7266
f 7268 7266 7735
f 7270 7481 7735
f 7481 7736 7735
f 7127 7247 7128
f 5275 7737 5273
f 7737 7738 3420
f 5275 7738 7737
f 7082 7081 7084
f 7489 7741 7743
f 7633 7739 7638
f 7743 7638 7739
f 7488 7740 7741
f 7488 7741 7489
f 7742 7741 7744
f 7744 7741 7159
f 7742 7744 7159
f 7277 7750 7637
f 7751 7750 7279
f 7903 7279 7745
f 7749 7903 7745
f 7745 7746 7749
f 7746 7745 7278
f 8091 7749 7746
f 7280 8091 7746
f 8091 8090 7749
f 7748 7749 8090
f 7747 7748 8090
f 7748 7901 7749
f 7902 7749 7901
f 7637 7750 7751
f 7752 7160 7161
f 7742 7159 7752
f 7752 7159 7160
f 7638 7741 7742
f 7743 7741 7638
f 7752 7638 7742
f 7752 7637 7638
f 7635 7637 7751
f 7230 7753 7228
f 7112 7123 7753
f 7122 7228 7125
f 7125 7228 7123
f 7753 7123 7228
f 7228 7122 7229
f 7143 7269 7128
f 6370 6371 6261
f 7754 6318 6264
f 7754 6371 7755
f 6318 7754 5797
f 5797 7754 7755
f 5797 7755 7757
f 5796 5797 7757
f 5796 7757 7756
f 6371 6372 7755
f 7821 7755 6372
f 7821 7757 7755
f 7756 7757 7758
f 7821 7758 7757
f 7761 7756 7758
f 5793 7760 7759
f 7761 7760 7756
f 7761 7762 7760
f 7763 7760 7762
f 7759 7760 7763
f 7759 7763 5785
f 7763 7762 7764
f 7764 7831 7763
f 7766 7764 7761
f 7764 7762 7761
f 7761 7765 7766
f 7766 7765 7767
f 7765 7768 7767
f 7765 7769 7768
f 7768 7769 7781
f 7823 7769 7765
f 7769 8775 7781
f 7770 8775 7823
f 8775 7769 7823
f 6376 7770 7823
f 6387 7770 6320
f 6378 6387 6320
f 7770 6387 8777
f 8777 6386 7778
f 6386 7771 7772
f 7778 6386 7772
f 7778 7772 7774
f 7773 7774 7772
f 7775 7774 7773
f 7775 7773 7866
f 7866 7776 7775
f 7775 7862 7774
f 7774 7862 7777
f 7774 7777 8776
f 7778 7774 8776
f 7862 7780 7777
f 7781 7777 7780
f 7781 7780 7779
f 8776 7777 7781
f 7768 7781 8563
f 8563 7767 7768
f 7779 8563 7781
f 7862 7863 7780
f 7776 7862 7775
f 7865 7776 7866
f 6388 7866 7773
f 7771 7773 7772
f 6388 7773 7771
f 7866 6388 7782
f 7782 7784 7783
f 7787 6394 7788
f 6395 7786 7792
f 6396 7786 6395
f 7792 7789 7788
f 7787 7870 6394
f 8317 6392 7870
f 7790 7788 7789
f 7790 7789 7872
f 7872 7789 7795
f 7786 7791 7792
f 7792 7795 7789
f 7791 7795 7792
f 7786 7793 7791
f 7793 7786 6396
f 7793 6396 8575
f 8575 7798 7793
f 7798 7796 7793
f 7793 7795 7791
f 7794 7885 7795
f 7794 7796 7885
f 7796 7794 7795
f 7793 7796 7795
f 7800 7796 7798
f 7800 7797 7796
f 8575 7799 7798
f 7798 7802 7800
f 7800 7802 7801
f 7800 7801 7797
f 6336 7803 7802
f 6337 7803 6336
f 6338 7805 7804
f 7804 8793 6337
f 6337 8793 7803
f 7804 8794 8793
f 8794 7804 7805
f 6338 6340 6349
f 5800 3754 7806
f 3754 7822 7806
f 7806 7822 7807
f 7808 6286 5806
f 7895 7808 5805
f 7809 7895 5805
f 7809 5808 5809
f 7811 5811 5810
f 5826 7894 5828
f 5826 5831 7816
f 7812 7816 5831
f 7812 5831 7813
f 5832 3453 7813
f 3453 7812 7813
f 7817 7812 3453
f 7817 7814 7812
f 7815 7893 7814
f 7812 7814 7816
f 7814 7817 7815
f 7892 7815 7817
f 7818 7817 3424
f 7818 7892 7817
f 7818 7810 7892
f 5837 7896 7810
f 7810 7818 5837
f 7810 7896 7809
f 5836 7820 7819
f 7820 5834 6308
f 6369 6373 6374
f 6374 7821 6372
f 7821 6374 7823
f 7765 7821 7823
f 5806 6286 7807
f 7807 7822 5806
f 6317 5795 5711
f 6319 6375 6373
f 6375 7823 6373
f 6375 6376 7823
f 6320 7770 6377
f 7770 6376 6377
f 6288 6282 6285
f 6282 6288 7824
f 7895 6306 7808
f 6305 6293 7808
f 6274 6321 6275
f 7825 7829 7824
f 7825 7824 6289
f 6335 7825 6289
f 7828 8575 6396
f 7828 7827 8575
f 7825 8575 7827
f 7828 7829 7827
f 7826 6325 7828
f 7825 7827 7829
f 7829 7828 6325
f 7833 5785 7763
f 7831 7833 7763
f 7764 7766 7831
f 8563 7859 7767
f 7766 7859 7831
f 7832 7831 7859
f 7832 7833 7831
f 7832 5791 7833
f 5788 7835 5789
f 7835 7834 7838
f 5791 7836 7834
f 5791 7832 7836
f 7837 7838 7834
f 7834 7836 7837
f 7852 7837 7842
f 7837 7852 7839
f 7837 7839 7838
f 7836 7842 7837
f 7839 7840 7838
f 7838 7840 7835
f 7840 7849 7835
f 7835 7849 5789
f 7849 7850 5789
f 5782 7841 5780
f 7841 8594 5780
f 5780 8594 8595
f 8594 7841 8593
f 7841 7850 8591
f 7841 5782 7850
f 7839 7848 7840
f 7843 7842 7836
f 7843 7852 7842
f 7844 7852 7843
f 7855 7844 7843
f 7845 7844 7853
f 7847 7845 7846
f 7845 7847 7852
f 7844 7845 7852
f 7848 7849 7840
f 8589 7849 7848
f 7849 8589 7850
f 7848 8341 8589
f 7851 8341 7848
f 7848 7839 7851
f 7839 7847 7851
f 7851 7847 8339
f 7851 8339 8341
f 7847 8582 8340
f 7846 8582 7847
f 7853 7844 7855
f 8569 7853 7855
f 8569 7854 7853
f 7855 7843 7856
f 7856 7843 7836
f 7856 7836 7858
f 7858 7857 7856
f 7832 7858 7836
f 7858 7832 7859
f 7767 7859 7766
f 7857 7858 7859
f 8562 7859 8563
f 7862 7776 7861
f 7776 7860 7861
f 7864 7861 7860
f 7862 7861 7863
f 7865 7860 7776
f 8840 7860 7865
f 8840 7864 7860
f 7867 8840 7865
f 7783 7865 7866
f 7866 7782 7783
f 7783 7867 7865
f 7868 7783 7784
f 7785 7868 7784
f 7785 6392 7868
f 7868 7869 7867
f 7867 7869 7039
f 6392 7869 7868
f 6394 7870 6392
f 7870 7787 8779
f 7790 7871 7788
f 7788 7871 7787
f 7871 8779 7787
f 7884 7885 7796
f 7885 7873 7795
f 7873 7872 7795
f 7885 7877 7873
f 7885 7874 7877
f 7884 7874 7885
f 7884 7875 7874
f 7883 7882 7875
f 7874 7875 7882
f 7874 7882 7877
f 7877 7882 7876
f 7873 7877 7879
f 7877 7876 7879
f 7880 7879 7876
f 7879 7880 7872
f 7876 7878 7880
f 7878 7876 7881
f 7876 8790 7881
f 7884 8792 8802
f 7797 8792 7884
f 7886 5781 5750
f 7821 7765 7758
f 7758 7765 7761
f 7891 6306 7895
f 6305 6306 7888
f 7888 6306 7887
f 7820 6308 7888
f 7820 7888 7819
f 7888 7887 7889
f 7888 7889 7819
f 7891 7890 7889
f 7889 7887 7891
f 7809 5809 7810
f 7892 7893 7815
f 7893 7892 7810
f 7893 7810 5825
f 5825 7810 7811
f 7811 5810 5825
f 5828 7893 5825
f 7894 7893 5828
f 7816 7894 5826
f 7814 7894 7816
f 7896 7895 7809
f 7890 7891 7895
f 7890 7895 7896
f 5838 7890 7896
f 7889 5838 7819
f 5838 7889 7890
f 7897 7818 3424
f 3459 7897 3424
f 7741 7740 7272
f 7287 7899 7286
f 7899 8348 7898
f 8348 7899 7908
f 7900 7285 7898
f 7900 7284 7285
f 8090 8091 7284
f 8090 7284 7747
f 7747 7284 7900
f 7900 7898 7909
f 7747 7900 7906
f 7747 7906 7748
f 7748 7906 7905
f 7905 7901 7748
f 7903 7749 7902
f 7925 7903 7902
f 7922 7925 7902
f 7904 7901 7905
f 7904 7905 7914
f 7904 7902 7901
f 7905 7906 7911
f 7911 7906 7910
f 7900 7907 7906
f 7910 7906 7907
f 7900 7909 7907
f 7909 7898 8348
f 8135 7910 7907
f 7913 7910 8135
f 8118 7913 8135
f 7911 7910 7913
f 7915 7914 7913
f 7915 7913 7912
f 8118 7912 7913
f 7913 7914 7911
f 7911 7914 7905
f 7918 7914 7917
f 7915 7917 7914
f 7916 7912 8117
f 7915 7912 7916
f 7919 7914 7918
f 7919 7904 7914
f 7920 7918 7917
f 7918 7920 7919
f 7919 7923 7922
f 7904 7919 7922
f 7902 7904 7922
f 7919 7920 7996
f 7919 7996 7923
f 7996 7998 7921
f 7996 7921 7923
f 7643 7923 7921
f 7450 7641 7643
f 7643 7641 7924
f 7924 7923 7643
f 7925 7922 7923
f 7925 7923 7924
f 7279 7636 7751
f 7279 7642 7636
f 7924 7642 7925
f 7925 7642 7279
f 7903 7925 7279
f 7926 7289 7167
f 7166 7926 7167
f 7927 7065 7096
f 464 466 520
f 466 521 520
f 4802 4800 522
f 4798 4801 519
f 522 4798 519
f 4800 4798 522
f 3306 152 7929
f 6505 7932 7930
f 7932 6505 7002
f 7934 7002 7931
f 7934 7931 7405
f 7931 7400 7405
f 7002 7934 7932
f 6992 6505 7930
f 7933 6992 7930
f 6992 7933 8023
f 7938 7933 7930
f 7933 7938 7937
f 7930 7932 7938
f 7932 7934 7939
f 7932 7939 7938
f 7935 7936 7408
f 7942 7939 7936
f 7940 7942 7936
f 7940 7936 7935
f 7940 7941 7942
f 7941 7940 7954
f 7953 7940 7935
f 7952 7935 7409
f 7416 7943 7410
f 7943 7945 7944
f 7417 7945 7943
f 7945 7417 7965
f 7965 7417 7418
f 7418 7419 7949
f 7949 7419 7420
f 7946 7390 7422
f 7390 7947 7421
f 7949 7421 7947
f 7948 7949 7947
f 7418 7949 7948
f 7948 7965 7418
f 7952 7944 7945
f 7952 7945 7951
f 7935 7952 7951
f 7951 7953 7935
f 7940 7953 7954
f 7941 7954 7956
f 7956 7954 7955
f 7953 7950 7954
f 7950 7945 7965
f 7951 7945 7950
f 7951 7950 7953
f 7955 7954 7950
f 7959 7956 7955
f 7957 7955 7965
f 7957 7959 7955
f 7959 7957 7958
f 7963 7959 7958
f 7958 7960 7961
f 7963 7958 7961
f 7962 7963 7961
f 7964 7963 7962
f 7955 7950 7965
f 7957 7965 7948
f 7937 7938 7966
f 7966 7938 7939
f 7942 7966 7939
f 7966 7942 7967
f 8089 7941 7956
f 8089 7942 7941
f 8024 7966 7967
f 7937 7966 7968
f 7937 7968 8023
f 8023 7933 7937
f 7415 7413 7325
f 7970 7415 7385
f 7415 7970 7413
f 7385 7715 7970
f 7424 7971 7423
f 7972 7391 7971
f 7972 7971 7424
f 7424 7973 8041
f 7423 7973 7424
f 7975 7985 7974
f 7975 7974 7984
f 7973 7984 7976
f 7984 7973 7423
f 7987 7976 7984
f 7976 7987 7986
f 7976 7986 7991
f 7973 7976 7977
f 7979 7973 7977
f 7979 8041 7973
f 7977 7976 7981
f 7991 7981 7976
f 7979 7977 7981
f 7978 8041 7979
f 7982 7980 7979
f 7982 7979 7981
f 7983 7982 7981
f 7985 7427 7442
f 7987 7984 7974
f 7974 7985 7989
f 7987 7974 7989
f 7986 7990 7991
f 7981 7991 7992
f 7990 7986 7987
f 7988 7990 7987
f 7987 7989 7988
f 8086 7990 7988
f 7993 8086 7988
f 8081 7982 7983
f 7983 7981 7992
f 7992 7991 8082
f 7988 7989 7993
f 8087 7993 7989
f 8087 8093 7993
f 7995 8088 7989
f 7985 7994 7989
f 7994 7985 7442
f 7442 7444 7994
f 7444 7997 7994
f 7994 7995 7989
f 7995 7920 8088
f 7995 7994 7997
f 7995 7997 7920
f 7920 7997 7998
f 7996 7920 7998
f 7999 8000 7005
f 8007 7012 8008
f 7999 7012 8007
f 8000 7999 8007
f 8001 8000 8002
f 8003 8002 8000
f 8003 8000 8007
f 8006 8004 8002
f 8006 8002 8003
f 8007 8006 8003
f 8004 8006 8005
f 8014 8007 8008
f 8008 7011 7031
f 8008 7031 7032
f 8009 8006 8007
f 8005 8006 8013
f 8005 8013 8010
f 8011 8010 8013
f 8318 8005 8010
f 8013 8012 8011
f 8006 8009 8013
f 8014 8303 8009
f 8009 8007 8014
f 8008 7032 8014
f 8014 7032 8015
f 7032 8018 8015
f 7032 7031 8016
f 8016 7030 8017
f 8018 8017 8302
f 8018 8016 8017
f 7032 8016 8018
f 6993 7969 6998
f 7000 8020 7013
f 8039 7014 8020
f 7013 8020 7014
f 8019 7000 7969
f 8020 7000 8019
f 8020 8021 8039
f 8019 7001 8020
f 7001 8023 8020
f 8020 8023 8021
f 8023 7968 8021
f 8023 8022 6992
f 7969 7001 8019
f 7001 8022 8023
f 7956 7959 7963
f 7956 7963 8029
f 8029 7963 7964
f 8031 7964 7962
f 8028 7962 7961
f 8028 7961 8026
f 8028 8031 7962
f 8026 7961 8025
f 8026 8025 8547
f 8032 8026 8027
f 8028 8026 8032
f 8030 8031 8028
f 7964 8530 8029
f 8530 7964 8031
f 8030 8028 8032
f 8033 8030 8032
f 8033 8032 8034
f 8031 8030 8532
f 8034 8535 8033
f 8531 8033 8534
f 8035 8029 8530
f 7968 7966 8021
f 8024 8021 7966
f 8525 8021 8024
f 8024 7967 8035
f 8527 8021 8525
f 8527 8525 8036
f 8031 8532 8530
f 8525 8024 8035
f 8526 8036 8525
f 8021 8527 8039
f 7014 8039 8037
f 8528 7018 8037
f 8528 8038 7018
f 8037 8527 8528
f 8039 8527 8037
f 7972 7424 8040
f 7424 8041 8040
f 8042 8040 8043
f 8040 8041 8043
f 7427 7425 7426
f 7975 8044 7425
f 7975 7984 8044
f 7984 7423 8044
f 7980 7978 7979
f 8043 8041 7978
f 7422 8042 8056
f 7946 7422 8046
f 8047 8046 8045
f 8048 8047 8045
f 8050 8053 8048
f 8048 8045 8049
f 8050 8048 8049
f 8545 8050 8049
f 8059 8064 8049
f 8045 8046 8056
f 8046 7422 8056
f 8059 8045 8058
f 8546 8049 8064
f 8546 8545 8049
f 8025 8050 8545
f 8025 7960 8050
f 7961 7960 8025
f 8054 7960 7958
f 7958 7957 8054
f 8051 8054 7957
f 7957 7948 8051
f 8051 7948 7947
f 8054 8051 7947
f 8052 7947 7390
f 8054 7947 8052
f 7946 8052 7390
f 8052 7946 8053
f 8047 8053 7946
f 8054 8052 8053
f 8047 7946 8046
f 8047 8048 8053
f 8050 7960 8053
f 7960 8054 8053
f 8043 7978 7980
f 8078 8055 7980
f 8043 7980 8055
f 8043 8055 8042
f 8055 8056 8042
f 8045 8056 8057
f 8045 8057 8058
f 8049 8045 8059
f 8060 8059 8058
f 8060 8064 8059
f 8060 8058 8061
f 8060 8061 8062
f 8060 8062 8065
f 8064 8060 8065
f 8063 8064 8065
f 8063 8065 8071
f 8065 8062 8066
f 8067 8071 8065
f 8067 8065 8066
f 8067 8066 8073
f 8066 8062 8068
f 8075 8066 8068
f 8062 8061 8068
f 8057 8069 8058
f 8058 8069 8061
f 8057 8078 8069
f 8061 8069 8070
f 8057 8055 8078
f 8078 7980 7982
f 8070 8069 8078
f 8068 8061 8070
f 8070 8081 8076
f 8067 8073 8334
f 8071 8067 8072
f 8066 8075 8073
f 8074 8323 8075
f 8323 8335 8075
f 8335 8323 8330
f 8323 8074 8104
f 8074 8075 8076
f 8070 8076 8068
f 8076 8075 8068
f 8076 8322 8074
f 8077 8322 8076
f 8077 8076 8079
f 8078 7982 8070
f 8070 7982 8081
f 8079 8076 8081
f 8080 8077 8079
f 8077 8321 8322
f 7983 8320 8080
f 7983 8080 8081
f 7983 7992 8320
f 7991 7990 8082
f 8086 8082 7990
f 8082 8086 8083
f 8084 8103 8082
f 8082 8083 8084
f 8086 7993 8094
f 8085 8084 8083
f 8084 8085 8096
f 8083 8086 8094
f 8094 7993 8093
f 7989 8088 8087
f 7917 8087 7920
f 8087 7917 8093
f 8087 8088 7920
f 8055 8057 8056
f 8081 8080 8079
f 8089 7956 8029
f 8035 8089 8029
f 8035 7967 8089
f 8089 7967 7942
f 7449 7921 7644
f 7280 7282 8091
f 8090 8091 8092
f 8091 8090 8092
f 8093 7917 7915
f 8115 8094 8093
f 8140 8094 8115
f 8095 8094 8140
f 8095 8085 8083
f 8083 8094 8095
f 8097 8084 8096
f 8084 8097 8103
f 8085 8095 8096
f 8112 8096 8095
f 8097 8100 8103
f 8098 8101 8097
f 8097 8096 8098
f 8109 8099 8098
f 8114 8109 8098
f 8099 8106 8098
f 8098 8106 8101
f 8100 8097 8101
f 8100 8101 8106
f 8102 8100 8105
f 8321 8103 8100
f 8100 8102 8321
f 8080 8103 8321
f 8104 8102 8105
f 8100 8106 8105
f 8106 8099 8325
f 8104 8105 8107
f 8107 8105 8106
f 8106 8325 8108
f 8099 8109 8445
f 8110 8109 8111
f 8109 8114 8111
f 8112 8113 8111
f 8114 8112 8111
f 8116 8113 8112
f 8112 8095 8116
f 8096 8112 8098
f 8114 8098 8112
f 8093 7915 8115
f 8140 8115 7915
f 8140 7915 7916
f 8140 8116 8095
f 8140 7916 8119
f 8113 8116 8119
f 8113 8121 8111
f 8113 8119 8120
f 8140 8119 8116
f 8119 7916 8117
f 7912 8118 8117
f 8121 8113 8120
f 8111 8121 8124
f 8122 8127 8121
f 8121 8129 8122
f 8129 8123 8122
f 8121 8120 8129
f 8127 8124 8121
f 8124 8125 8111
f 8127 8122 8126
f 8122 8123 8137
f 8128 8124 8127
f 8127 8442 8128
f 8127 8126 8442
f 8122 8137 8131
f 8129 8138 8123
f 8137 8123 8138
f 8126 8122 8131
f 8137 8130 8131
f 8130 8137 8132
f 8137 8136 8132
f 8493 8131 8130
f 8493 8388 8492
f 8388 8493 8130
f 8130 8132 8389
f 8139 8132 8136
f 8133 8132 8134
f 8134 7908 8133
f 8133 7908 8490
f 8134 8348 7908
f 8135 8348 8134
f 8135 8134 8132
f 8139 8135 8132
f 8118 8139 8136
f 8118 8136 8138
f 8138 8136 8137
f 8129 8119 8117
f 8119 8129 8120
f 8138 8117 8118
f 8138 8129 8117
f 8118 8135 8139
f 8144 4901 4867
f 4867 8143 8144
f 4872 8144 8145
f 8142 4831 8143
f 8143 4870 8144
f 4870 8143 4871
f 8143 4831 4871
f 4870 8145 8144
f 4803 8145 4804
f 4870 4804 8145
f 4803 4805 8145
f 8147 8146 4820
f 4820 4891 8147
f 8147 4891 8358
f 8358 8357 8147
f 8146 8147 4918
f 4918 8148 8146
f 8146 8148 4890
f 4812 4890 8148
f 8149 533 4822
f 4824 8150 8149
f 8179 8150 4824
f 8179 4824 4826
f 8182 8181 4825
f 4827 8152 8182
f 4827 8153 8155
f 8156 8155 8153
f 8154 8153 4828
f 8154 4828 8157
f 8153 8154 8156
f 8156 8158 8165
f 8156 8154 8158
f 556 8160 8157
f 8160 8154 8157
f 8160 556 557
f 8154 8159 8158
f 8159 8154 8160
f 8170 8159 8160
f 557 8162 8160
f 8160 8162 8170
f 558 8161 8162
f 8170 8163 8159
f 8164 8158 8159
f 8364 8166 8165
f 8159 8403 8164
f 8403 8159 8168
f 8164 8167 8158
f 8158 8167 8165
f 8159 8163 8168
f 8169 8168 8163
f 8163 8170 8171
f 8171 8170 8172
f 8171 8169 8163
f 8934 8169 8171
f 8172 8170 8162
f 8162 8173 8172
f 8162 8161 8173
f 8173 8174 8172
f 8174 8173 5853
f 8174 8932 8172
f 8161 5853 8173
f 561 8176 559
f 8176 561 8175
f 8177 8176 8175
f 8161 558 8176
f 8177 5853 8176
f 8176 5853 8161
f 8149 8150 533
f 8186 4891 8178
f 8186 8358 4891
f 8186 8178 8185
f 8181 8184 4826
f 8151 8184 8181
f 8151 8180 8184
f 8179 8185 8150
f 8178 8150 8185
f 8184 8179 4826
f 8184 8180 8187
f 8182 8151 8181
f 8151 8182 8367
f 8180 8151 8367
f 8182 8366 8367
f 8365 8366 8182
f 8367 8183 8180
f 8180 8183 8187
f 8179 8186 8185
f 8184 8186 8179
f 8183 8359 8187
f 8188 8359 8183
f 8183 8189 8188
f 8190 8191 8189
f 8189 8194 8188
f 8191 8194 8189
f 8183 8367 8189
f 8368 8191 8190
f 8368 8355 8191
f 8372 8355 8368
f 8370 8192 8355
f 7182 8193 8192
f 8192 8373 7182
f 7182 7186 8193
f 7186 7187 8193
f 7187 8351 8196
f 8193 7187 8197
f 8193 8197 8195
f 8192 8193 8355
f 8194 8355 8193
f 8191 8355 8194
f 8193 8195 8194
f 8197 8196 8352
f 8197 8352 8353
f 8352 8196 4916
f 4916 8196 8350
f 8351 8350 8196
f 8197 7187 8196
f 8198 7536 6978
f 6976 6978 7536
f 7548 8199 8200
f 8199 6978 6980
f 8199 8198 6978
f 7553 8204 8202
f 7558 7553 8201
f 7553 8202 8201
f 8201 8202 8224
f 7552 7550 8203
f 7550 8200 8203
f 7552 8203 8204
f 8203 8200 8207
f 8205 8200 8199
f 8199 6980 8205
f 8205 6980 8206
f 8205 8207 8200
f 8206 8319 8318
f 8214 8206 8318
f 8207 8206 8214
f 8206 8207 8205
f 7557 7558 8208
f 7560 8208 8209
f 7560 7557 8208
f 7561 8209 8210
f 7561 8210 7571
f 8209 8212 8210
f 8210 8861 8211
f 8210 8211 7571
f 7571 8211 8300
f 8861 8210 8212
f 8212 8225 8861
f 8212 8209 8208
f 8208 7558 8201
f 8224 8202 8223
f 8202 8222 8223
f 8204 8203 8213
f 8204 8213 8202
f 8220 8222 8202
f 8202 8213 8220
f 8207 8215 8203
f 8207 8214 8215
f 8203 8215 8213
f 8216 8215 8214
f 8213 8217 8220
f 8213 8216 8217
f 8213 8215 8216
f 8218 8222 8220
f 8221 8222 8218
f 8217 8216 8301
f 8214 8011 8219
f 8219 8011 8012
f 8510 8217 8508
f 8217 8301 8508
f 8227 8218 8510
f 8227 8221 8218
f 8221 8223 8222
f 8221 8225 8223
f 8226 8221 8227
f 8220 8217 8510
f 8218 8220 8510
f 7563 7595 7592
f 7680 7679 8228
f 8229 8228 7567
f 8229 7567 8230
f 8570 8228 8229
f 8231 8236 8230
f 8236 8231 8234
f 8238 8234 8231
f 7568 7570 8863
f 8300 8863 7570
f 8863 8240 7568
f 8232 7568 8240
f 8239 8232 8240
f 8232 8239 8233
f 8232 8233 8231
f 8238 8231 8233
f 8235 8229 8230
f 8236 8235 8230
f 8237 8236 8234
f 8237 8234 8238
f 8863 8874 8240
f 8241 8245 8239
f 8241 8239 8240
f 8240 8874 8241
f 8864 8874 8863
f 8241 8874 8242
f 8244 8241 8242
f 8244 8245 8241
f 8242 8874 8243
f 8892 8243 8874
f 8246 8245 8244
f 8233 8245 8246
f 8239 8245 8233
f 8876 8246 8244
f 8248 8246 8250
f 8876 8247 8246
f 8250 8246 8247
f 8248 8250 8251
f 8251 8250 8249
f 8247 8249 8250
f 8249 8253 8251
f 8251 8253 8254
f 8252 8253 8249
f 8247 8252 8249
f 8877 8252 8247
f 8256 8253 8965
f 8255 8965 8253
f 8252 8255 8253
f 8977 8255 8990
f 8257 8256 8965
f 8965 8255 8967
f 8254 8253 8256
f 8258 8256 8257
f 8257 8264 8258
f 8258 8260 8256
f 8260 8254 8256
f 8258 8264 8259
f 8260 8262 8254
f 8260 8261 8262
f 8260 8258 8261
f 8259 8261 8258
f 8649 8261 8259
f 8263 8649 8259
f 8264 8263 8259
f 8266 8264 8257
f 8266 8295 8264
f 8265 8266 8257
f 8293 9001 8295
f 8295 9001 8269
f 8295 8269 8268
f 8295 8268 8264
f 8263 8264 8267
f 8268 8267 8264
f 8268 8663 8661
f 8268 7702 8663
f 9001 8271 8269
f 8271 9001 8270
f 8270 8275 8271
f 8273 8270 8272
f 8273 8275 8270
f 8273 8276 8275
f 8272 8270 8292
f 9001 8292 8270
f 8274 8273 8288
f 8290 8288 8273
f 8276 8273 8274
f 8276 8277 8275
f 8276 8274 8280
f 8276 8280 8687
f 8278 8271 8275
f 8279 8268 8269
f 8666 8268 8279
f 8279 8269 8271
f 8279 8271 8278
f 8277 8278 8275
f 8276 8687 8277
f 8288 8290 8289
f 8274 8288 8282
f 8285 8282 8283
f 8282 8285 8274
f 8274 8281 8280
f 8283 8284 8285
f 8283 8282 8956
f 6362 8284 8283
f 8721 8284 6362
f 8286 6362 8283
f 1702 8286 8957
f 1701 1699 8287
f 8286 8956 8957
f 8286 8283 8956
f 8956 8282 8288
f 8956 8288 8957
f 8957 8288 8289
f 8289 8290 8960
f 8960 8290 8961
f 8290 8273 8272
f 8291 8272 8292
f 8961 8272 8291
f 8272 8961 8290
f 8292 8293 8294
f 8293 8266 8294
f 8291 8292 8294
f 8266 8293 8295
f 8224 8223 8225
f 8212 8224 8225
f 8225 8221 8226
f 8861 8225 8226
f 8226 8227 8296
f 8297 8226 8296
f 8299 8297 8298
f 8830 8297 8296
f 8296 8821 8830
f 8297 8830 8833
f 8862 8298 8297
f 8831 8298 8862
f 8211 8299 8298
f 8299 8226 8297
f 8299 8861 8226
f 8300 8211 8298
f 8831 8300 8298
f 8208 8201 8224
f 8212 8208 8224
f 8301 8216 8219
f 8013 8009 8303
f 8014 8015 8303
f 8015 8018 8514
f 8514 8018 8304
f 8304 8018 8302
f 8303 8015 8514
f 8304 8302 8516
f 8305 7038 8306
f 7046 8306 7048
f 8308 8306 8307
f 8308 8305 8306
f 8306 7046 7047
f 8313 8306 7047
f 7869 7047 7039
f 7869 8313 7047
f 8317 7869 6392
f 8317 8313 7869
f 8306 8314 8307
f 8313 8314 8306
f 8308 7035 8305
f 8308 8307 8312
f 8307 8314 8312
f 8308 8309 7035
f 8309 8308 8312
f 8311 8517 8309
f 8309 8517 8310
f 8312 8842 8311
f 8311 8309 8312
f 8780 8314 8313
f 8785 8314 8780
f 8780 8313 7870
f 7872 7871 7790
f 7872 7873 7879
f 7871 7872 8315
f 8316 7871 8315
f 7871 8316 8779
f 8779 8780 7870
f 7870 8313 8317
f 8219 8216 8214
f 8005 8319 8507
f 8319 8005 8318
f 8005 8507 8001
f 8001 8002 8004
f 8005 8001 8004
f 5821 3450 3451
f 3450 5820 6256
f 8103 7992 8082
f 7992 8103 8320
f 8320 8103 8080
f 8077 8080 8321
f 8321 8102 8322
f 8074 8322 8104
f 8322 8102 8104
f 8323 8104 8107
f 8106 8108 8107
f 8107 8108 8455
f 8108 8326 8455
f 8327 8455 8326
f 8108 8324 8326
f 8108 8325 8324
f 8325 8446 8324
f 8577 8324 8446
f 8326 8324 8450
f 8326 8450 8328
f 8324 8577 8450
f 8450 8577 8448
f 8327 8326 8328
f 8329 8328 8461
f 8461 8451 8329
f 8452 8329 8451
f 8329 8327 8328
f 8586 8107 8455
f 8330 8323 8331
f 8107 8331 8323
f 8330 8331 8332
f 8073 8075 8335
f 8333 8073 8335
f 8346 8347 8332
f 8107 8332 8331
f 8332 8107 8586
f 8332 8347 8330
f 8335 8330 8347
f 8336 8335 8347
f 8336 8337 8335
f 8337 8336 8344
f 8343 8337 8344
f 8338 8337 8343
f 8338 8335 8337
f 8342 8338 8343
f 8578 8338 8342
f 8578 8342 8340
f 8339 8340 8342
f 8341 8339 8342
f 8342 8343 8341
f 8341 8343 8345
f 8345 8343 8344
f 8345 8344 8590
f 8588 8345 8590
f 8587 8590 8344
f 8344 8457 8587
f 8344 8336 8457
f 8347 8346 8336
f 8135 7907 7909
f 8348 8135 7909
f 8352 4916 8349
f 4915 4916 8350
f 8352 8349 8362
f 8352 8362 8353
f 8195 8197 8353
f 8353 8354 8195
f 8354 8194 8195
f 8356 8187 8359
f 8356 8186 8187
f 8358 8186 8357
f 8356 8357 8186
f 8356 8359 8354
f 8356 8363 8357
f 8188 8194 8359
f 8194 8354 8359
f 8356 8354 8363
f 4886 8360 8349
f 8360 4917 8147
f 4917 4918 8147
f 8147 8357 8361
f 8147 8361 8360
f 8363 8362 8361
f 8361 8357 8363
f 8353 8363 8354
f 8353 8362 8363
f 8187 8186 8184
f 8155 8152 4827
f 8166 8400 8155
f 8166 8156 8165
f 8166 8155 8156
f 8167 8364 8165
f 8182 8152 8400
f 8366 8368 8367
f 8190 8367 8368
f 8368 8369 8372
f 8399 8368 8366
f 8365 8182 8400
f 8400 8152 8155
f 8369 8391 8372
f 8372 8370 8355
f 8371 8192 8370
f 8192 8371 8373
f 8371 8370 8372
f 8371 8372 8375
f 8371 8374 8373
f 8374 7181 8373
f 8375 8486 8371
f 7181 8483 7180
f 7181 8484 8483
f 8378 8484 7181
f 8374 8378 7181
f 8375 8377 8486
f 8375 8372 8391
f 8399 8369 8368
f 8399 8376 8369
f 8377 8375 8391
f 8380 8377 8391
f 8377 8379 8486
f 8371 8486 8374
f 8381 8379 8377
f 8383 8379 8381
f 8382 8383 8381
f 8393 8381 8380
f 8393 8382 8381
f 8383 8382 8385
f 8387 8383 8385
f 8382 8395 8384
f 8385 8382 8384
f 8386 8385 8384
f 8386 8384 8498
f 8490 8387 8133
f 8133 8387 8389
f 8132 8133 8389
f 8130 8389 8388
f 8386 8492 8388
f 8388 8387 8385
f 8389 8387 8388
f 8011 8214 8010
f 8010 8214 8318
f 7183 4913 7184
f 7166 7132 8390
f 7174 7168 7173
f 7174 7177 7168
f 7168 7177 8390
f 7926 7166 8390
f 8373 7181 7179
f 8391 8369 8376
f 8392 8380 8391
f 8393 8380 8392
f 8392 8391 8376
f 8392 8376 8394
f 8395 8392 8394
f 8393 8392 8395
f 8382 8393 8395
f 8395 8394 8397
f 8397 8396 8395
f 8397 8394 8500
f 8398 8394 8376
f 8398 8500 8394
f 8365 8399 8366
f 8400 8501 8365
f 8399 8365 8501
f 8364 8400 8166
f 8168 8406 8403
f 8401 8167 8164
f 8401 8404 8497
f 8497 8167 8401
f 8404 8402 8497
f 8402 8496 8497
f 8875 8402 8404
f 8404 8419 8875
f 8401 8164 8403
f 8404 8401 8403
f 8404 8403 8405
f 8405 8419 8404
f 8405 8403 8406
f 8416 8405 8406
f 8416 8406 8407
f 8409 8416 8407
f 8409 8415 8416
f 8408 8409 8407
f 8408 8407 8934
f 8408 8934 8935
f 8934 8407 8406
f 8169 8934 8406
f 8406 8168 8169
f 8479 8482 8408
f 8409 8408 8482
f 8415 8409 8410
f 8481 8410 8409
f 8481 8413 8410
f 8411 8413 8481
f 8411 8412 8413
f 8476 8412 8411
f 8412 8414 8413
f 8414 8410 8413
f 8416 8415 8419
f 8419 8405 8416
f 8410 8414 8415
f 8414 8422 8417
f 8414 8417 8418
f 8415 8414 8418
f 8415 8418 8420
f 8420 8419 8415
f 8420 8875 8419
f 8412 8422 8414
f 8433 8417 8422
f 8433 8421 8417
f 8417 8421 8418
f 8421 8423 8418
f 8421 8425 8423
f 8418 8423 8424
f 8420 8418 8424
f 8423 8427 8424
f 8423 8429 8427
f 8423 8425 8429
f 8429 8425 8428
f 8427 8499 8424
f 8424 8499 8875
f 8420 8424 8875
f 8429 8430 8427
f 8428 8425 8426
f 8428 8430 8429
f 8441 8430 8428
f 8428 8426 8441
f 8433 8422 8431
f 8431 8422 8475
f 8475 8422 8412
f 8421 8433 8426
f 8421 8426 8425
f 8434 8426 8433
f 8432 8426 8434
f 8437 8432 8434
f 8433 8437 8434
f 8431 8437 8433
f 8437 8431 8435
f 8474 8437 8435
f 8437 8474 8436
f 8426 8432 8440
f 8438 8440 8432
f 8439 8440 8438
f 8440 8441 8426
f 8430 8441 8493
f 8441 8126 8493
f 8442 8126 8441
f 8447 8439 8438
f 8439 8447 8443
f 8128 8442 8440
f 8441 8440 8442
f 8443 8440 8439
f 8440 8443 8128
f 8111 8125 8110
f 8109 8110 8445
f 8110 8125 8445
f 8444 8445 8125
f 8446 8445 8444
f 8124 8128 8125
f 8125 8128 8443
f 8444 8125 8443
f 8443 8448 8444
f 8448 8443 8447
f 8447 8438 8436
f 8437 8438 8432
f 8436 8438 8437
f 8436 8449 8447
f 8447 8464 8448
f 8447 8449 8464
f 8450 8448 8464
f 8452 8454 8329
f 8329 8454 8327
f 8327 8454 8455
f 8586 8455 8456
f 8455 8454 8456
f 8457 8456 8454
f 8458 8454 8452
f 8452 8453 8458
f 8457 8454 8458
f 8587 8457 8458
f 8453 8460 8468
f 8458 8453 8468
f 8459 8458 8468
f 8592 8459 8468
f 8467 8460 8453
f 8453 8452 8451
f 8453 8451 8467
f 8328 8450 8461
f 8450 8462 8461
f 8451 8466 8463
f 8451 8461 8466
f 8461 8462 8466
f 8464 8462 8450
f 8464 8449 8465
f 8464 8465 8462
f 8436 8465 8449
f 8473 8462 8465
f 8462 8473 8466
f 8470 8463 8466
f 8467 8468 8460
f 8467 8451 8463
f 8471 8467 8463
f 8467 8471 8469
f 8467 8469 8599
f 8463 8470 8471
f 8471 8472 8600
f 8472 8471 8470
f 8600 8472 8604
f 8472 8470 8466
f 8465 8436 8474
f 8474 8435 8431
f 8474 8431 8475
f 8476 8411 8478
f 8477 8615 8476
f 8476 8478 8477
f 8482 8478 8481
f 8477 8478 8479
f 8477 8479 8480
f 8480 8617 8477
f 8478 8482 8479
f 8481 8409 8482
f 8478 8411 8481
f 8484 8485 7290
f 7290 8483 8484
f 8378 8485 8484
f 7293 7290 8485
f 7899 7287 7293
f 7899 7293 8485
f 8485 8489 8491
f 8489 8485 8378
f 8378 8374 8486
f 8488 8378 8486
f 8489 8378 8488
f 8488 8486 8379
f 8487 8379 8383
f 8487 8488 8379
f 8491 7899 8485
f 7908 7899 8491
f 7908 8491 8490
f 8487 8491 8489
f 8490 8491 8487
f 8488 8487 8489
f 8387 8487 8383
f 8487 8387 8490
f 8388 8385 8386
f 8126 8131 8493
f 8493 8492 8386
f 8493 8386 8430
f 8495 8386 8498
f 8396 8498 8384
f 8384 8395 8396
f 8396 8397 8496
f 8500 8496 8397
f 8398 8501 8500
f 8496 8494 8396
f 8498 8396 8494
f 8495 8494 8499
f 8875 8494 8402
f 8499 8494 8875
f 8494 8496 8402
f 8500 8501 8400
f 8496 8500 8497
f 8386 8495 8430
f 8427 8495 8499
f 8427 8430 8495
f 8381 8377 8380
f 8367 8190 8189
f 8500 8400 8364
f 8399 8398 8376
f 8399 8501 8398
f 8497 8500 8364
f 8167 8497 8364
f 8494 8495 8498
f 7738 5276 8502
f 8505 6307 8504
f 6350 6343 8506
f 6350 8506 6311
f 8219 8012 8301
f 8012 8509 8301
f 8508 8301 8509
f 8508 8509 8820
f 8510 8508 8820
f 8509 8012 8511
f 8820 8509 8818
f 8509 8511 8818
f 8818 8511 8512
f 8511 8515 8512
f 8511 8012 8513
f 8012 8013 8303
f 8012 8303 8513
f 8515 8511 8513
f 8303 8514 8513
f 8524 8514 8304
f 8513 8514 8515
f 8515 8514 8524
f 8518 8516 8517
f 8517 8516 8310
f 8310 8516 7029
f 8518 8517 8311
f 8519 8311 8842
f 8520 8311 8519
f 8518 8520 8521
f 8835 8520 8519
f 8520 8518 8311
f 8518 8304 8516
f 8524 8304 8518
f 8521 8524 8518
f 8522 8521 8520
f 8522 8520 8835
f 8522 8835 8523
f 8512 8521 8522
f 8521 8512 8515
f 8521 8515 8524
f 8525 8035 8530
f 8530 8526 8525
f 8526 8530 8532
f 8036 8526 8529
f 8529 8533 8036
f 8528 8527 8036
f 8528 8036 8038
f 8533 8038 8036
f 8038 8533 7051
f 8030 8531 8532
f 8033 8531 8030
f 8531 8533 8529
f 8533 8531 8534
f 8534 8033 8535
f 8535 8034 8627
f 8034 8032 8537
f 8537 8032 8027
f 8537 8027 8536
f 8624 8535 8538
f 8538 8535 8627
f 8538 8627 8540
f 8539 8540 8541
f 8540 8627 8541
f 8625 8540 8539
f 8837 8540 8625
f 8625 8626 8837
f 8627 8544 8541
f 8551 8541 8544
f 8034 8537 8627
f 8027 8542 8536
f 8543 8536 8542
f 8536 8543 8550
f 8537 8536 8550
f 8627 8537 8550
f 8627 8550 8544
f 8543 8581 8550
f 8542 8548 8543
f 8547 8025 8545
f 8545 8546 8547
f 8063 8546 8064
f 8549 8548 8547
f 8542 8026 8547
f 8027 8026 8542
f 8542 8547 8548
f 8549 8547 8546
f 8071 8546 8063
f 8549 8546 8071
f 8072 8067 8334
f 8579 8071 8072
f 8549 8071 8579
f 8548 8549 8543
f 8543 8580 8581
f 8544 8550 8551
f 8551 8550 8555
f 8552 8553 8560
f 8539 8541 8552
f 8552 8556 8539
f 8556 8625 8539
f 8559 8556 8552
f 8558 8560 8553
f 8553 8551 8558
f 8551 8554 8558
f 8551 8555 8554
f 8550 8581 8555
f 8556 8559 8557
f 8559 8552 8560
f 8558 8554 8561
f 8581 8583 8555
f 8568 8559 8560
f 8557 8559 7864
f 7861 7864 8559
f 7861 8559 8568
f 7861 8778 7863
f 8568 8778 7861
f 8560 8558 8567
f 8554 8582 8561
f 8561 8582 7846
f 8558 8561 8567
f 8560 8567 8568
f 8567 8561 7854
f 7859 8562 7857
f 8564 7857 8562
f 8563 8564 8562
f 7780 8564 8563
f 7779 7780 8563
f 7855 7856 7857
f 7857 8564 7855
f 7780 7863 8566
f 8565 7855 8564
f 8569 7855 8565
f 8565 8564 8566
f 7780 8566 8564
f 8569 8567 7854
f 8568 8567 8569
f 8568 8565 8778
f 8565 8568 8569
f 8526 8532 8531
f 8529 8526 8531
f 8570 7680 8228
f 8570 7675 7680
f 8571 7675 8570
f 8235 8571 8570
f 8570 8229 8235
f 8637 7674 8571
f 8571 8235 8572
f 8236 8237 8572
f 8574 8572 8237
f 8237 8573 8574
f 8572 8235 8236
f 6396 6397 7828
f 7825 6335 8575
f 8576 4818 4811
f 8576 4814 4813
f 8446 8325 8099
f 8099 8445 8446
f 8333 8335 8338
f 8333 8585 8073
f 8578 8333 8338
f 8578 8585 8333
f 8334 8073 8585
f 8583 8578 8340
f 7845 7854 7846
f 7845 7853 7854
f 7854 8561 7846
f 8579 8072 8580
f 8579 8580 8543
f 8583 8581 8580
f 8580 8584 8583
f 8578 8583 8584
f 8554 8555 8582
f 8555 8340 8582
f 8555 8583 8340
f 8549 8579 8543
f 8072 8334 8584
f 8580 8072 8584
f 8584 8334 8585
f 8585 8578 8584
f 8346 8456 8457
f 8346 8586 8456
f 8586 8346 8332
f 8336 8346 8457
f 8459 8587 8458
f 8590 8459 8592
f 8589 8345 8588
f 8589 8341 8345
f 8587 8459 8590
f 8590 8592 8591
f 8590 8591 8588
f 8591 8593 7841
f 8593 8591 8592
f 8592 8468 8598
f 8592 8598 8593
f 8593 8598 8594
f 8594 8598 8922
f 8594 8596 8595
f 8595 5775 5728
f 8922 8596 8594
f 5775 8595 5777
f 8595 8596 5777
f 8596 8597 5777
f 8469 5777 8597
f 8599 8922 8467
f 8922 8468 8467
f 8599 8597 8922
f 8469 8597 8599
f 8469 8471 8601
f 8601 8471 8600
f 8603 8601 8600
f 8601 8603 8602
f 8607 8602 8603
f 8600 8604 8603
f 8472 8608 8604
f 8472 8605 8608
f 8606 8608 8605
f 8608 8606 8623
f 8605 8472 8473
f 8466 8473 8472
f 8473 8606 8605
f 8603 8604 8607
f 8604 8608 8607
f 5773 8602 8607
f 5773 8607 8609
f 5773 8610 5774
f 5774 8610 8611
f 8612 5774 8611
f 5741 5742 8612
f 5741 8612 8611
f 5741 8611 5739
f 8611 8619 5739
f 8611 8610 8613
f 5773 8609 8610
f 8613 8610 8609
f 8609 8614 8613
f 8611 8613 8614
f 8619 8611 8614
f 8614 8609 8620
f 8609 8607 8608
f 8608 8616 8609
f 8616 8608 8623
f 8620 8609 8616
f 8616 8615 8620
f 8473 8465 8474
f 8473 8474 8606
f 8606 8474 8475
f 8622 8412 8476
f 8622 8475 8412
f 8621 8622 8476
f 8476 8615 8621
f 8479 8930 8480
f 8618 8617 5738
f 8921 8618 8619
f 8618 5739 8619
f 8618 8921 8617
f 8615 8477 8620
f 8622 8606 8475
f 8606 8622 8621
f 8623 8606 8621
f 8616 8623 8621
f 8616 8621 8615
f 8340 8339 7847
f 7850 8589 8588
f 7850 8588 8591
f 7051 8533 8534
f 7051 8534 8624
f 8540 8837 8836
f 8625 8556 8557
f 8626 8625 8838
f 8838 8625 8557
f 7814 7893 7894
f 8628 7666 7660
f 8629 7683 7659
f 7659 7660 8629
f 8631 8629 7670
f 8664 7669 8630
f 8631 7683 8629
f 8631 7687 7683
f 8632 7687 8631
f 7691 8631 8664
f 8632 8631 7691
f 7660 7666 7665
f 7667 7671 8633
f 8634 7667 8633
f 8630 8634 8652
f 8635 8633 7671
f 7671 7664 8635
f 8635 7664 7672
f 7672 8637 8636
f 8637 8571 8572
f 8637 8572 8636
f 8656 8633 8635
f 8638 8656 8635
f 8640 8635 7672
f 7672 8636 8640
f 8574 8636 8572
f 8640 8636 8574
f 8639 8635 8640
f 8574 8639 8640
f 8639 8574 8573
f 8643 8237 8238
f 8238 8641 8643
f 8233 8246 8238
f 8246 8641 8238
f 8246 8642 8641
f 8642 8246 8248
f 8641 8642 8643
f 8642 8248 8643
f 8644 8643 8248
f 8248 8251 8644
f 8251 8646 8644
f 8645 8643 8644
f 8646 8645 8644
f 8659 8645 8646
f 8254 8646 8251
f 8659 8646 8262
f 8647 8659 8262
f 8261 8647 8262
f 8263 8650 8649
f 8638 8635 8639
f 8652 8634 8633
f 8656 8652 8633
f 8652 8656 8651
f 8651 8653 8652
f 8660 8652 8653
f 8648 8654 8657
f 8657 8654 8653
f 8653 8651 8657
f 8630 8665 8664
f 8630 8662 8665
f 8662 8630 8652
f 8662 8652 8660
f 8655 8653 8654
f 8655 8654 8649
f 8651 8656 8657
f 8658 8657 8656
f 8648 8657 8658
f 8647 8648 8658
f 8656 8638 8658
f 8648 8647 8261
f 8261 8649 8648
f 8649 8654 8648
f 8658 8659 8647
f 8573 8659 8639
f 8659 8638 8639
f 8659 8658 8638
f 8645 8659 8573
f 8645 8573 8643
f 8573 8237 8643
f 8655 8660 8653
f 8660 8655 8267
f 8650 8267 8655
f 8650 8655 8649
f 8267 8650 8263
f 8267 8268 8661
f 8661 8663 8267
f 8267 8663 8660
f 8660 8663 8662
f 8665 7691 8664
f 8662 7703 8665
f 8663 7703 8662
f 8704 7699 7713
f 8671 7700 8667
f 8701 7700 8666
f 8701 8667 7700
f 8279 8701 8666
f 8279 8278 8701
f 8277 8702 8278
f 8673 8668 8667
f 8673 8667 8700
f 8669 8673 8700
f 8669 8700 8670
f 8681 8673 8669
f 8673 8672 8668
f 8668 8671 8667
f 7713 7699 8671
f 8668 8689 8671
f 8676 8673 8675
f 8675 8673 8681
f 8682 8674 8681
f 8674 8675 8681
f 8675 8694 8676
f 8674 8694 8675
f 8676 8672 8673
f 8694 8695 8676
f 8674 8678 8677
f 8694 8674 8677
f 8682 8683 8674
f 8683 8678 8674
f 8679 8680 8678
f 8679 8711 8680
f 8679 8678 8683
f 8681 8669 8670
f 8682 8681 8670
f 8685 8682 8670
f 8683 8682 8685
f 8684 8670 8700
f 8685 8670 8684
f 8714 8685 8688
f 8686 8688 8685
f 8686 8685 8687
f 8685 8684 8687
f 8684 8277 8687
f 8281 8686 8280
f 8686 8281 8688
f 8671 8689 7713
f 8668 8690 8689
f 8689 8690 6759
f 8691 6758 8690
f 6748 6757 8691
f 8692 8691 8690
f 8668 8692 8690
f 6747 6748 8691
f 8691 8699 6747
f 8692 8699 8691
f 8692 8668 8676
f 8668 8672 8676
f 8693 8694 8677
f 8695 6743 8698
f 8696 8738 8697
f 8755 8741 8738
f 8755 8738 8696
f 6744 8696 8697
f 8695 8692 8676
f 6743 8699 8698
f 8698 8692 8695
f 8698 8699 8692
f 8701 8700 8667
f 8701 8278 8702
f 8684 8702 8277
f 8702 8700 8701
f 8702 8684 8700
f 6753 8703 6730
f 6731 8703 6753
f 6767 8704 7710
f 6758 6757 8705
f 6758 8705 7711
f 8693 6743 8695
f 8695 8694 8693
f 8706 8707 8710
f 6744 8710 6870
f 8707 6870 8710
f 8708 8707 8706
f 8708 6869 6870
f 6870 8707 8708
f 6864 6865 8709
f 8709 6865 8708
f 6864 8709 8711
f 8711 8709 8680
f 8709 8708 8706
f 8706 8693 8709
f 8709 8693 8680
f 8677 8680 8693
f 8680 8677 8678
f 8710 6743 8693
f 8693 8706 8710
f 6891 8713 6894
f 6894 8712 6891
f 6891 8679 8713
f 6891 6892 8679
f 6892 8711 8679
f 8713 8679 8683
f 8713 8683 8685
f 8714 6895 6894
f 8717 8714 8688
f 8281 8715 8688
f 8715 8717 8688
f 8274 8285 8281
f 8285 8715 8281
f 8716 8715 8285
f 8284 8716 8285
f 8717 6895 8714
f 6895 8717 6897
f 8717 8715 8716
f 8720 8717 8716
f 8720 6897 8717
f 8716 8718 8720
f 8721 6898 8718
f 8716 8721 8718
f 8714 6894 8713
f 6893 8712 6894
f 6860 6896 6850
f 6850 6896 8719
f 8721 8716 8284
f 8714 8713 8685
f 8722 6870 6868
f 6867 8745 6871
f 6867 8727 8745
f 8727 6867 6866
f 8723 8727 6866
f 8726 8727 8723
f 8724 8723 6872
f 8723 8724 8725
f 6879 8724 6875
f 6879 8725 8724
f 6875 6878 6879
f 8723 8725 8726
f 8728 8726 8725
f 8729 8728 8725
f 8729 8733 8728
f 6879 8729 8725
f 8729 8732 8733
f 6879 8915 8729
f 6880 8915 6879
f 8731 8729 8915
f 8729 8731 8732
f 8915 6884 8731
f 8731 8737 8732
f 8737 8731 6884
f 6882 8730 8737
f 6884 6882 8737
f 8732 8734 8733
f 8737 8736 8732
f 8734 8732 8736
f 8733 8735 8728
f 8728 8735 8746
f 8733 8734 8735
f 8735 8734 8749
f 8736 8760 8761
f 8737 8760 8736
f 8730 8759 8737
f 8730 8764 8759
f 6882 4402 8730
f 4402 8764 8730
f 4402 8763 8764
f 4401 4402 6882
f 8696 6744 6870
f 6739 8738 8739
f 8741 8740 8738
f 8741 8902 8740
f 8902 8741 8755
f 8744 8902 8755
f 8743 8742 8740
f 8739 8742 6714
f 8745 8744 8722
f 8726 8728 8746
f 8746 8735 8749
f 8746 8748 8747
f 8746 8749 8748
f 8750 8748 8749
f 8749 8734 8758
f 8758 8750 8749
f 8734 8736 8758
f 8748 8750 8752
f 8752 8900 8748
f 8752 8751 8753
f 8753 8742 8743
f 8751 6707 8753
f 8754 8753 6707
f 8754 8742 8753
f 8754 6708 8742
f 6708 8756 8742
f 8739 6714 8771
f 8740 8742 8739
f 8740 8739 8738
f 8755 8696 6870
f 6870 8722 8755
f 8722 8744 8755
f 8742 8756 6714
f 6707 6708 8754
f 6707 8751 6706
f 8757 6706 8751
f 8758 8751 8750
f 8761 8858 8736
f 8759 8760 8737
f 8760 8855 8761
f 8759 8764 8760
f 8763 8766 8764
f 4401 8763 4402
f 4399 8762 4401
f 4401 8762 8763
f 8766 8765 8764
f 8766 8860 8765
f 4399 8919 8762
f 8919 8920 8762
f 8762 8920 8763
f 8920 8768 8767
f 8920 8767 8770
f 8763 8920 8770
f 8768 6679 8767
f 8767 8769 8770
f 8766 8770 8860
f 8770 8766 8763
f 6709 8772 6708
f 6708 8772 8756
f 6346 8773 6349
f 6338 8773 7805
f 6349 8773 6338
f 6360 8774 6344
f 8809 6346 8774
f 8810 6346 8809
f 8773 6346 8810
f 8774 6360 8809
f 6333 6326 6332
f 8775 7770 8777
f 8777 8776 8775
f 7778 8776 8777
f 8775 8776 7781
f 8566 7863 8778
f 8566 8778 8565
f 8779 8316 8784
f 8783 8784 8316
f 7878 8783 8316
f 7872 7880 8315
f 8316 7880 7878
f 7878 8781 8789
f 8781 7878 7881
f 8790 7876 7882
f 7881 8790 8781
f 8789 8782 7878
f 7878 8782 8783
f 8783 8782 8786
f 8783 8786 8784
f 8784 8780 8779
f 8785 8780 8784
f 8786 8785 8784
f 8782 8788 8786
f 8788 8787 8786
f 8824 8782 8789
f 8870 8790 7882
f 7883 8870 7882
f 7884 8802 7875
f 7797 7884 7796
f 7801 8791 7797
f 8792 7797 8791
f 8792 8795 8796
f 8791 8795 8792
f 7802 8793 7801
f 7803 8793 7802
f 8794 7801 8793
f 8795 8794 7805
f 8795 7801 8794
f 8791 7801 8795
f 8795 7805 8798
f 8795 8798 8797
f 8795 8797 8796
f 8808 8796 8797
f 8773 8798 7805
f 8798 9002 8797
f 8808 8800 8796
f 8800 8792 8796
f 8802 8799 7875
f 8891 7875 8799
f 8803 8799 8802
f 8800 8802 8792
f 8801 8802 8800
f 8804 8803 8802
f 8801 8804 8802
f 8804 8992 8803
f 8801 8806 8804
f 8816 8806 8801
f 8807 8816 8801
f 8816 8807 8938
f 8812 8807 8805
f 8801 8805 8807
f 8801 8800 8805
f 8808 8805 8800
f 8808 8797 9002
f 9002 8805 8808
f 8810 9002 8798
f 8810 8798 8773
f 8809 8817 8811
f 8810 8809 8811
f 6361 6359 8817
f 6359 8813 8817
f 8813 6358 8940
f 8813 8940 8946
f 8813 8814 8817
f 8817 8809 6361
f 8817 8815 8811
f 8811 8815 8812
f 8814 8816 8815
f 8817 8814 8815
f 8315 7880 8316
f 7802 7798 6336
f 6336 7798 7799
f 8575 6335 7799
f 8818 8512 8522
f 8819 8818 8522
f 8822 8523 8835
f 8523 8822 8823
f 8523 8819 8522
f 8823 8819 8523
f 8819 8820 8818
f 8819 8821 8820
f 8227 8510 8820
f 8227 8820 8296
f 8821 8296 8820
f 8829 8821 8819
f 8829 8819 8823
f 8825 8823 8822
f 8825 8822 8824
f 8822 8835 8788
f 8824 8822 8788
f 8824 8788 8782
f 8824 8869 8825
f 8781 8790 8826
f 8826 8789 8781
f 8790 8827 8826
f 8826 8824 8789
f 8869 8826 8827
f 8869 8827 8867
f 8832 8869 8867
f 8869 8828 8825
f 8825 8829 8823
f 8833 8829 8825
f 8821 8829 8830
f 8830 8829 8833
f 8862 8297 8833
f 8834 8862 8833
f 8867 8866 8832
f 8832 8834 8828
f 8869 8832 8828
f 8834 8833 8825
f 8834 8825 8828
f 8519 8842 8787
f 8787 8788 8835
f 8835 8519 8787
f 8540 8836 8538
f 8836 8624 8538
f 7050 8836 8837
f 7049 8837 8626
f 8624 8534 8535
f 7049 8626 8844
f 7045 8844 7048
f 8838 8844 8626
f 7048 8844 8843
f 8838 8557 8839
f 8557 7864 8839
f 8839 8844 8838
f 7864 8840 8839
f 7867 8841 8840
f 7868 7867 7783
f 8786 8787 8785
f 8314 8785 8842
f 8787 8842 8785
f 8314 8842 8312
f 8843 8844 8840
f 8840 8844 8839
f 8841 8843 8840
f 6748 6749 6755
f 4362 8845 8847
f 8850 8846 4362
f 8850 4370 8846
f 4370 8848 8849
f 8848 4370 8850
f 8849 8848 8769
f 8894 8850 8895
f 8847 8850 4362
f 8895 8850 8847
f 8847 8845 4369
f 8859 4369 8851
f 8851 4368 8893
f 4364 6690 8852
f 4368 4364 8852
f 4368 8852 6700
f 6701 6699 8853
f 8896 8893 6701
f 6701 8853 8896
f 6703 8853 6699
f 6703 8757 8853
f 8751 8897 8757
f 8758 8736 8897
f 8758 8897 8751
f 8736 8898 8897
f 8736 8858 8898
f 8855 8760 8764
f 8764 8765 8855
f 8856 8761 8855
f 8761 8856 8858
f 8856 8857 8858
f 8858 8896 8898
f 8858 8857 8896
f 8857 8856 8851
f 8859 8851 8856
f 8856 8895 8859
f 8770 8769 8860
f 8765 8856 8855
f 8860 8894 8856
f 8765 8860 8856
f 6691 8852 6689
f 8852 6691 6700
f 6703 6704 8854
f 8861 8299 8211
f 8862 8834 8865
f 8864 8862 8865
f 8831 8862 8864
f 8864 8863 8831
f 8300 8831 8863
f 8866 8865 8832
f 8865 8834 8832
f 8873 8866 8867
f 8868 8867 8827
f 8870 8827 8790
f 8827 8870 8868
f 8824 8826 8869
f 8868 8873 8867
f 8871 8873 8868
f 8892 8873 8872
f 8892 8866 8873
f 8874 8866 8892
f 8866 8874 8864
f 8360 8361 8362
f 8362 8349 8360
f 8866 8864 8865
f 8244 8882 8876
f 8877 8255 8252
f 8990 8255 8877
f 8936 8990 8877
f 8878 8990 8936
f 8990 8878 8879
f 8880 8989 8879
f 8879 8881 8990
f 8879 8878 8880
f 8877 8247 8884
f 8883 8876 8882
f 8244 8242 8882
f 8883 8882 8888
f 8884 8883 8888
f 8885 8886 8242
f 8882 8242 8886
f 8882 8886 8888
f 8887 8886 8885
f 8888 8886 8887
f 8242 8889 8885
f 8242 8243 8889
f 8892 8872 8243
f 8871 8890 8991
f 8871 8991 8872
f 8890 8871 8868
f 8891 8868 8870
f 8890 8868 8891
f 8991 8890 8992
f 8803 8992 8890
f 8799 8803 8891
f 8890 8891 8803
f 8891 8870 7883
f 7875 8891 7883
f 8859 8847 4369
f 6700 8893 4368
f 8893 6700 6701
f 8857 8851 8893
f 8893 8896 8857
f 8859 8895 8847
f 8894 8895 8856
f 8767 6679 8769
f 8894 8848 8850
f 8848 8894 8769
f 8769 8894 8860
f 8898 8896 8853
f 8898 8853 8897
f 8853 8757 8897
f 8752 8750 8751
f 8726 8746 8747
f 8727 8726 8899
f 8899 8726 8747
f 8727 8899 8745
f 8748 8900 8747
f 8900 8901 8747
f 8899 8747 8901
f 8745 8899 8901
f 8901 8744 8745
f 8900 8903 8901
f 8740 8903 8743
f 8903 8740 8902
f 8744 8901 8902
f 8902 8901 8903
f 8900 8752 8903
f 8903 8752 8743
f 8753 8743 8752
f 6881 8908 8909
f 6881 8905 8904
f 8906 4396 8905
f 8906 8905 6881
f 8906 6881 8909
f 8907 8906 4393
f 4393 8906 8909
f 4393 8909 4392
f 4392 8909 6876
f 4391 8910 6814
f 6835 8911 8910
f 4392 6876 8912
f 8910 4392 8912
f 8913 6884 8914
f 8914 8915 6880
f 8914 6884 8915
f 6845 6843 6844
f 6845 8917 8916
f 6844 8917 6845
f 4403 8918 4399
f 8919 4399 8918
f 6684 6681 8918
f 6681 8919 8918
f 8768 8920 6680
f 6681 6680 8920
f 8920 8919 6681
f 8921 8619 8614
f 8921 8477 8617
f 8614 8620 8921
f 8620 8477 8921
f 8444 8448 8446
f 8577 8446 8448
f 8596 8922 8597
f 8922 8598 8468
f 7847 7839 7852
f 8923 5772 8927
f 5772 8928 8927
f 8925 8929 8924
f 8923 8927 8926
f 8927 5849 8926
f 8927 8925 5849
f 8480 5772 5737
f 8617 8480 5737
f 5738 8617 5737
f 5772 8480 8928
f 8480 8930 8928
f 8925 8927 8929
f 8928 8929 8927
f 8924 8932 8933
f 8929 8932 8924
f 8931 8932 8929
f 8930 8479 8928
f 8479 8929 8928
f 8479 8931 8929
f 8408 8931 8479
f 8408 8935 8931
f 8933 8932 8174
f 4420 4341 4419
f 4337 4418 4417
f 4337 4336 4418
f 2921 564 5857
f 8935 8932 8931
f 8932 8171 8172
f 8171 8932 8935
f 8934 8171 8935
f 8553 8552 8541
f 8541 8551 8553
f 8884 8876 8883
f 8876 8884 8247
f 8936 8884 8888
f 8887 8936 8888
f 8806 8887 8804
f 8887 8885 8804
f 8887 8806 8937
f 8812 8938 8807
f 8815 8938 8812
f 8815 8816 8938
f 8979 8806 8816
f 8939 8816 8942
f 8816 8939 8979
f 8942 8816 8814
f 6357 8940 6358
f 8940 6354 6356
f 8942 8813 8946
f 8814 8813 8942
f 8946 8941 8942
f 8942 8941 8980
f 8946 8943 8941
f 6355 8943 8946
f 8944 8941 8943
f 8942 8980 8939
f 8944 8945 8941
f 8941 8945 8980
f 8980 8945 8981
f 8985 8945 8944
f 8946 8940 6356
f 6356 6355 8946
f 8948 8947 6355
f 6316 6314 8948
f 8948 6314 8955
f 8949 8998 8950
f 8949 8950 8952
f 8950 8951 8952
f 8949 8952 8953
f 8947 8948 8955
f 8954 8976 8955
f 8952 8975 8953
f 8952 8970 8975
f 8958 8957 8289
f 8958 1702 8957
f 8959 1702 8958
f 8287 8959 8996
f 8959 8958 8996
f 8289 8960 8958
f 8996 8958 8960
f 8961 8291 8960
f 8291 8962 8964
f 8291 8294 8962
f 8962 8963 8964
f 8265 8963 8962
f 8266 8265 8962
f 8995 8291 8964
f 8994 8995 8964
f 8994 8964 8963
f 8965 8265 8257
f 8999 8265 8965
f 8968 8967 8255
f 8255 8966 8968
f 8966 8255 8977
f 8969 8968 8970
f 8994 8969 8971
f 8970 8968 8973
f 8970 8971 8969
f 8970 8952 8971
f 8970 8973 8972
f 8970 8972 8975
f 8974 8975 8972
f 8973 8968 8966
f 8976 8953 8975
f 8954 8953 8976
f 8975 8974 8976
f 8988 8972 8973
f 8988 8973 8993
f 8993 8973 8966
f 8993 8977 8990
f 8982 8880 8878
f 8978 8887 8937
f 8936 8887 8878
f 8978 8878 8887
f 8978 8937 8981
f 8937 8806 8979
f 8981 8982 8978
f 8981 8937 8939
f 8979 8939 8937
f 8939 8980 8981
f 8945 8982 8981
f 8945 8984 8982
f 8984 8945 8985
f 8982 8984 8880
f 8936 8877 8884
f 8944 8986 8985
f 8944 8987 8986
f 8944 8983 8987
f 8943 8983 8944
f 8943 6355 8983
f 8985 8989 8984
f 8983 8947 8987
f 6355 8947 8983
f 8987 8947 8955
f 8987 8955 9000
f 8986 8987 9000
f 9000 8955 8976
f 9000 8976 8974
f 8989 8880 8984
f 8985 8986 8989
f 8986 9000 8988
f 8988 8989 8986
f 8988 8993 8989
f 8989 8993 8881
f 8990 8881 8993
f 8989 8881 8879
f 8982 8878 8978
f 8889 8243 8872
f 8991 8889 8872
f 8885 8991 8992
f 8991 8885 8889
f 8872 8873 8871
f 8262 8646 8254
f 8993 8966 8977
f 8951 8971 8952
f 8291 8995 8960
f 8995 8996 8960
f 8997 8996 8995
f 8287 8996 8998
f 8996 8997 8998
f 8998 8997 8950
f 8951 8997 8994
f 8997 8995 8994
f 8951 8994 8971
f 8950 8997 8951
f 8967 8968 8969
f 8967 8999 8965
f 8967 8969 8999
f 8265 8999 8963
f 8969 8963 8999
f 8994 8963 8969
f 8972 9000 8974
f 8972 8988 9000
f 8804 8885 8992
f 6748 6755 6757
f 8949 8287 8998
f 1701 8287 8949
f 8268 8666 7702
f 7704 7702 8666
f 8962 8294 8266
f 8293 8292 9001
f 8686 8687 8280
f 8812 8805 8811
f 8805 9002 8811
f 8810 8811 9002
